[   46839ms] [WARNING] %c%s%c  background: #e6e6e6;background: light-dark(rgba(0,0,0,0.1), rgba(255,255,255,0.25));color: #000000;color: light-dark(#000000, #ffffff);border-radius: 2px  Server   Error: Route "/companies/[slug]" used `params.slug`. `params` should be awaited before using its properties. Learn more: https://nextjs.org/docs/messages/sync-dynamic-apis
    at eval (rsc://React/Server/webpack-internal:///(rsc)/./app/companies/%5Bslug%5D/page.tsx?8:53:113)
    at CompanyPage (rsc://React/Server/webpack-internal:///(rsc)/./app/companies/%5Bslug%5D/page.tsx?9:53:85)
    at resolveErrorDev (webpack-internal:///(app-pages-browser)/./node_modules/next/dist/compiled/react-server-dom-webpack/cjs/react-server-dom-webpack-client.browser.development.js:1845:46)
    at getOutlinedModel (webpack-internal:///(app-pages-browser)/./node_modules/next/dist/compiled/react-server-dom-webpack/cjs/react-server-dom-webpack-client.browser.development.js:1329:22)
    at parseModelString (webpack-internal:///(app-pages-browser)/./node_modules/next/dist/compiled/react-server-dom-webpack/cjs/react-server-dom-webpack-client.browser.development.js:1469:15)
    at Array.eval (webpack-internal:///(app-pages-browser)/./node_modules/next/dist/compiled/react-server-dom-webpack/cjs/react-server-dom-webpack-client.browser.development.js:2274:18)
    at JSON.parse (<anonymous>)
    at resolveConsoleEntry (webpack-internal:///(app-pages-browser)/./node_modules/next/dist/compiled/react-server-dom-webpack/cjs/react-server-dom-webpack-client.browser.development.js:2109:28)
    at processFullStringRow (webpack-internal:///(app-pages-browser)/./node_modules/next/dist/compiled/react-server-dom-webpack/cjs/react-server-dom-webpack-client.browser.development.js:2250:11)
    at processFullBinaryRow (webpack-internal:///(app-pages-browser)/./node_modules/next/dist/compiled/react-server-dom-webpack/cjs/react-server-dom-webpack-client.browser.development.js:2213:7)
    at progress (webpack-internal:///(app-pages-browser)/./node_modules/next/dist/compiled/react-server-dom-webpack/cjs/react-server-dom-webpack-client.browser.development.js:2459:17) @ rsc://React/Server/webpack-internal:///(rsc)/./app/companies/%5Bslug%5D/page.tsx?8:52
[   46847ms] [WARNING] %c%s%c  background: #e6e6e6;background: light-dark(rgba(0,0,0,0.1), rgba(255,255,255,0.25));color: #000000;color: light-dark(#000000, #ffffff);border-radius: 2px  Server   Error: Route "/companies/[slug]" used `params.slug`. `params` should be awaited before using its properties. Learn more: https://nextjs.org/docs/messages/sync-dynamic-apis
    at eval (rsc://React/Server/webpack-internal:///(rsc)/./app/companies/%5Bslug%5D/page.tsx?31:29:113)
    at Module.generateMetadata (rsc://React/Server/webpack-internal:///(rsc)/./app/companies/%5Bslug%5D/page.tsx?32:29:85)
    at resolveErrorDev (webpack-internal:///(app-pages-browser)/./node_modules/next/dist/compiled/react-server-dom-webpack/cjs/react-server-dom-webpack-client.browser.development.js:1845:46)
    at getOutlinedModel (webpack-internal:///(app-pages-browser)/./node_modules/next/dist/compiled/react-server-dom-webpack/cjs/react-server-dom-webpack-client.browser.development.js:1329:22)
    at parseModelString (webpack-internal:///(app-pages-browser)/./node_modules/next/dist/compiled/react-server-dom-webpack/cjs/react-server-dom-webpack-client.browser.development.js:1469:15)
    at Array.eval (webpack-internal:///(app-pages-browser)/./node_modules/next/dist/compiled/react-server-dom-webpack/cjs/react-server-dom-webpack-client.browser.development.js:2274:18)
    at JSON.parse (<anonymous>)
    at resolveConsoleEntry (webpack-internal:///(app-pages-browser)/./node_modules/next/dist/compiled/react-server-dom-webpack/cjs/react-server-dom-webpack-client.browser.development.js:2109:28)
    at processFullStringRow (webpack-internal:///(app-pages-browser)/./node_modules/next/dist/compiled/react-server-dom-webpack/cjs/react-server-dom-webpack-client.browser.development.js:2250:11)
    at processFullBinaryRow (webpack-internal:///(app-pages-browser)/./node_modules/next/dist/compiled/react-server-dom-webpack/cjs/react-server-dom-webpack-client.browser.development.js:2213:7)
    at progress (webpack-internal:///(app-pages-browser)/./node_modules/next/dist/compiled/react-server-dom-webpack/cjs/react-server-dom-webpack-client.browser.development.js:2459:17) @ rsc://React/Server/webpack-internal:///(rsc)/./app/companies/%5Bslug%5D/page.tsx?31:28
[   47334ms] [WARNING] %c%s%c  background: #e6e6e6;background: light-dark(rgba(0,0,0,0.1), rgba(255,255,255,0.25));color: #000000;color: light-dark(#000000, #ffffff);border-radius: 2px  Server   Error: Route "/companies/[slug]" used `params.slug`. `params` should be awaited before using its properties. Learn more: https://nextjs.org/docs/messages/sync-dynamic-apis
    at eval (rsc://React/Server/webpack-internal:///(rsc)/./app/companies/%5Bslug%5D/page.tsx?8:53:113)
    at CompanyPage (rsc://React/Server/webpack-internal:///(rsc)/./app/companies/%5Bslug%5D/page.tsx?9:53:85)
    at resolveErrorDev (webpack-internal:///(app-pages-browser)/./node_modules/next/dist/compiled/react-server-dom-webpack/cjs/react-server-dom-webpack-client.browser.development.js:1845:46)
    at getOutlinedModel (webpack-internal:///(app-pages-browser)/./node_modules/next/dist/compiled/react-server-dom-webpack/cjs/react-server-dom-webpack-client.browser.development.js:1329:22)
    at parseModelString (webpack-internal:///(app-pages-browser)/./node_modules/next/dist/compiled/react-server-dom-webpack/cjs/react-server-dom-webpack-client.browser.development.js:1469:15)
    at Array.eval (webpack-internal:///(app-pages-browser)/./node_modules/next/dist/compiled/react-server-dom-webpack/cjs/react-server-dom-webpack-client.browser.development.js:2274:18)
    at JSON.parse (<anonymous>)
    at resolveConsoleEntry (webpack-internal:///(app-pages-browser)/./node_modules/next/dist/compiled/react-server-dom-webpack/cjs/react-server-dom-webpack-client.browser.development.js:2109:28)
    at processFullStringRow (webpack-internal:///(app-pages-browser)/./node_modules/next/dist/compiled/react-server-dom-webpack/cjs/react-server-dom-webpack-client.browser.development.js:2250:11)
    at processFullBinaryRow (webpack-internal:///(app-pages-browser)/./node_modules/next/dist/compiled/react-server-dom-webpack/cjs/react-server-dom-webpack-client.browser.development.js:2213:7)
    at progress (webpack-internal:///(app-pages-browser)/./node_modules/next/dist/compiled/react-server-dom-webpack/cjs/react-server-dom-webpack-client.browser.development.js:2459:17) @ rsc://React/Server/webpack-internal:///(rsc)/./app/companies/%5Bslug%5D/page.tsx?8:52
[   47337ms] [WARNING] %c%s%c  background: #e6e6e6;background: light-dark(rgba(0,0,0,0.1), rgba(255,255,255,0.25));color: #000000;color: light-dark(#000000, #ffffff);border-radius: 2px  Server   Error: Route "/companies/[slug]" used `params.slug`. `params` should be awaited before using its properties. Learn more: https://nextjs.org/docs/messages/sync-dynamic-apis
    at eval (rsc://React/Server/webpack-internal:///(rsc)/./app/companies/%5Bslug%5D/page.tsx?31:29:113)
    at Module.generateMetadata (rsc://React/Server/webpack-internal:///(rsc)/./app/companies/%5Bslug%5D/page.tsx?32:29:85)
    at resolveErrorDev (webpack-internal:///(app-pages-browser)/./node_modules/next/dist/compiled/react-server-dom-webpack/cjs/react-server-dom-webpack-client.browser.development.js:1845:46)
    at getOutlinedModel (webpack-internal:///(app-pages-browser)/./node_modules/next/dist/compiled/react-server-dom-webpack/cjs/react-server-dom-webpack-client.browser.development.js:1329:22)
    at parseModelString (webpack-internal:///(app-pages-browser)/./node_modules/next/dist/compiled/react-server-dom-webpack/cjs/react-server-dom-webpack-client.browser.development.js:1469:15)
    at Array.eval (webpack-internal:///(app-pages-browser)/./node_modules/next/dist/compiled/react-server-dom-webpack/cjs/react-server-dom-webpack-client.browser.development.js:2274:18)
    at JSON.parse (<anonymous>)
    at resolveConsoleEntry (webpack-internal:///(app-pages-browser)/./node_modules/next/dist/compiled/react-server-dom-webpack/cjs/react-server-dom-webpack-client.browser.development.js:2109:28)
    at processFullStringRow (webpack-internal:///(app-pages-browser)/./node_modules/next/dist/compiled/react-server-dom-webpack/cjs/react-server-dom-webpack-client.browser.development.js:2250:11)
    at processFullBinaryRow (webpack-internal:///(app-pages-browser)/./node_modules/next/dist/compiled/react-server-dom-webpack/cjs/react-server-dom-webpack-client.browser.development.js:2213:7)
    at progress (webpack-internal:///(app-pages-browser)/./node_modules/next/dist/compiled/react-server-dom-webpack/cjs/react-server-dom-webpack-client.browser.development.js:2459:17) @ rsc://React/Server/webpack-internal:///(rsc)/./app/companies/%5Bslug%5D/page.tsx?31:28
[   47997ms] [WARNING] %c%s%c  background: #e6e6e6;background: light-dark(rgba(0,0,0,0.1), rgba(255,255,255,0.25));color: #000000;color: light-dark(#000000, #ffffff);border-radius: 2px  Server   Error: Route "/companies/[slug]" used `params.slug`. `params` should be awaited before using its properties. Learn more: https://nextjs.org/docs/messages/sync-dynamic-apis
    at eval (rsc://React/Server/webpack-internal:///(rsc)/./app/companies/%5Bslug%5D/page.tsx?8:53:113)
    at CompanyPage (rsc://React/Server/webpack-internal:///(rsc)/./app/companies/%5Bslug%5D/page.tsx?9:53:85)
    at resolveErrorDev (webpack-internal:///(app-pages-browser)/./node_modules/next/dist/compiled/react-server-dom-webpack/cjs/react-server-dom-webpack-client.browser.development.js:1845:46)
    at getOutlinedModel (webpack-internal:///(app-pages-browser)/./node_modules/next/dist/compiled/react-server-dom-webpack/cjs/react-server-dom-webpack-client.browser.development.js:1329:22)
    at parseModelString (webpack-internal:///(app-pages-browser)/./node_modules/next/dist/compiled/react-server-dom-webpack/cjs/react-server-dom-webpack-client.browser.development.js:1469:15)
    at Array.eval (webpack-internal:///(app-pages-browser)/./node_modules/next/dist/compiled/react-server-dom-webpack/cjs/react-server-dom-webpack-client.browser.development.js:2274:18)
    at JSON.parse (<anonymous>)
    at resolveConsoleEntry (webpack-internal:///(app-pages-browser)/./node_modules/next/dist/compiled/react-server-dom-webpack/cjs/react-server-dom-webpack-client.browser.development.js:2109:28)
    at processFullStringRow (webpack-internal:///(app-pages-browser)/./node_modules/next/dist/compiled/react-server-dom-webpack/cjs/react-server-dom-webpack-client.browser.development.js:2250:11)
    at processFullBinaryRow (webpack-internal:///(app-pages-browser)/./node_modules/next/dist/compiled/react-server-dom-webpack/cjs/react-server-dom-webpack-client.browser.development.js:2213:7)
    at progress (webpack-internal:///(app-pages-browser)/./node_modules/next/dist/compiled/react-server-dom-webpack/cjs/react-server-dom-webpack-client.browser.development.js:2459:17) @ rsc://React/Server/webpack-internal:///(rsc)/./app/companies/%5Bslug%5D/page.tsx?8:52
[   48007ms] [WARNING] %c%s%c  background: #e6e6e6;background: light-dark(rgba(0,0,0,0.1), rgba(255,255,255,0.25));color: #000000;color: light-dark(#000000, #ffffff);border-radius: 2px  Server   Error: Route "/companies/[slug]" used `params.slug`. `params` should be awaited before using its properties. Learn more: https://nextjs.org/docs/messages/sync-dynamic-apis
    at eval (rsc://React/Server/webpack-internal:///(rsc)/./app/companies/%5Bslug%5D/page.tsx?31:29:113)
    at Module.generateMetadata (rsc://React/Server/webpack-internal:///(rsc)/./app/companies/%5Bslug%5D/page.tsx?32:29:85)
    at resolveErrorDev (webpack-internal:///(app-pages-browser)/./node_modules/next/dist/compiled/react-server-dom-webpack/cjs/react-server-dom-webpack-client.browser.development.js:1845:46)
    at getOutlinedModel (webpack-internal:///(app-pages-browser)/./node_modules/next/dist/compiled/react-server-dom-webpack/cjs/react-server-dom-webpack-client.browser.development.js:1329:22)
    at parseModelString (webpack-internal:///(app-pages-browser)/./node_modules/next/dist/compiled/react-server-dom-webpack/cjs/react-server-dom-webpack-client.browser.development.js:1469:15)
    at Array.eval (webpack-internal:///(app-pages-browser)/./node_modules/next/dist/compiled/react-server-dom-webpack/cjs/react-server-dom-webpack-client.browser.development.js:2274:18)
    at JSON.parse (<anonymous>)
    at resolveConsoleEntry (webpack-internal:///(app-pages-browser)/./node_modules/next/dist/compiled/react-server-dom-webpack/cjs/react-server-dom-webpack-client.browser.development.js:2109:28)
    at processFullStringRow (webpack-internal:///(app-pages-browser)/./node_modules/next/dist/compiled/react-server-dom-webpack/cjs/react-server-dom-webpack-client.browser.development.js:2250:11)
    at processFullBinaryRow (webpack-internal:///(app-pages-browser)/./node_modules/next/dist/compiled/react-server-dom-webpack/cjs/react-server-dom-webpack-client.browser.development.js:2213:7)
    at progress (webpack-internal:///(app-pages-browser)/./node_modules/next/dist/compiled/react-server-dom-webpack/cjs/react-server-dom-webpack-client.browser.development.js:2459:17) @ rsc://React/Server/webpack-internal:///(rsc)/./app/companies/%5Bslug%5D/page.tsx?31:28
[   48454ms] [WARNING] %c%s%c  background: #e6e6e6;background: light-dark(rgba(0,0,0,0.1), rgba(255,255,255,0.25));color: #000000;color: light-dark(#000000, #ffffff);border-radius: 2px  Server   Error: Route "/companies/[slug]" used `params.slug`. `params` should be awaited before using its properties. Learn more: https://nextjs.org/docs/messages/sync-dynamic-apis
    at eval (rsc://React/Server/webpack-internal:///(rsc)/./app/companies/%5Bslug%5D/page.tsx?8:53:113)
    at CompanyPage (rsc://React/Server/webpack-internal:///(rsc)/./app/companies/%5Bslug%5D/page.tsx?9:53:85)
    at resolveErrorDev (webpack-internal:///(app-pages-browser)/./node_modules/next/dist/compiled/react-server-dom-webpack/cjs/react-server-dom-webpack-client.browser.development.js:1845:46)
    at getOutlinedModel (webpack-internal:///(app-pages-browser)/./node_modules/next/dist/compiled/react-server-dom-webpack/cjs/react-server-dom-webpack-client.browser.development.js:1329:22)
    at parseModelString (webpack-internal:///(app-pages-browser)/./node_modules/next/dist/compiled/react-server-dom-webpack/cjs/react-server-dom-webpack-client.browser.development.js:1469:15)
    at Array.eval (webpack-internal:///(app-pages-browser)/./node_modules/next/dist/compiled/react-server-dom-webpack/cjs/react-server-dom-webpack-client.browser.development.js:2274:18)
    at JSON.parse (<anonymous>)
    at resolveConsoleEntry (webpack-internal:///(app-pages-browser)/./node_modules/next/dist/compiled/react-server-dom-webpack/cjs/react-server-dom-webpack-client.browser.development.js:2109:28)
    at processFullStringRow (webpack-internal:///(app-pages-browser)/./node_modules/next/dist/compiled/react-server-dom-webpack/cjs/react-server-dom-webpack-client.browser.development.js:2250:11)
    at processFullBinaryRow (webpack-internal:///(app-pages-browser)/./node_modules/next/dist/compiled/react-server-dom-webpack/cjs/react-server-dom-webpack-client.browser.development.js:2213:7)
    at progress (webpack-internal:///(app-pages-browser)/./node_modules/next/dist/compiled/react-server-dom-webpack/cjs/react-server-dom-webpack-client.browser.development.js:2459:17) @ rsc://React/Server/webpack-internal:///(rsc)/./app/companies/%5Bslug%5D/page.tsx?8:52
[   48457ms] [WARNING] %c%s%c  background: #e6e6e6;background: light-dark(rgba(0,0,0,0.1), rgba(255,255,255,0.25));color: #000000;color: light-dark(#000000, #ffffff);border-radius: 2px  Server   Error: Route "/companies/[slug]" used `params.slug`. `params` should be awaited before using its properties. Learn more: https://nextjs.org/docs/messages/sync-dynamic-apis
    at eval (rsc://React/Server/webpack-internal:///(rsc)/./app/companies/%5Bslug%5D/page.tsx?31:29:113)
    at Module.generateMetadata (rsc://React/Server/webpack-internal:///(rsc)/./app/companies/%5Bslug%5D/page.tsx?32:29:85)
    at resolveErrorDev (webpack-internal:///(app-pages-browser)/./node_modules/next/dist/compiled/react-server-dom-webpack/cjs/react-server-dom-webpack-client.browser.development.js:1845:46)
    at getOutlinedModel (webpack-internal:///(app-pages-browser)/./node_modules/next/dist/compiled/react-server-dom-webpack/cjs/react-server-dom-webpack-client.browser.development.js:1329:22)
    at parseModelString (webpack-internal:///(app-pages-browser)/./node_modules/next/dist/compiled/react-server-dom-webpack/cjs/react-server-dom-webpack-client.browser.development.js:1469:15)
    at Array.eval (webpack-internal:///(app-pages-browser)/./node_modules/next/dist/compiled/react-server-dom-webpack/cjs/react-server-dom-webpack-client.browser.development.js:2274:18)
    at JSON.parse (<anonymous>)
    at resolveConsoleEntry (webpack-internal:///(app-pages-browser)/./node_modules/next/dist/compiled/react-server-dom-webpack/cjs/react-server-dom-webpack-client.browser.development.js:2109:28)
    at processFullStringRow (webpack-internal:///(app-pages-browser)/./node_modules/next/dist/compiled/react-server-dom-webpack/cjs/react-server-dom-webpack-client.browser.development.js:2250:11)
    at processFullBinaryRow (webpack-internal:///(app-pages-browser)/./node_modules/next/dist/compiled/react-server-dom-webpack/cjs/react-server-dom-webpack-client.browser.development.js:2213:7)
    at progress (webpack-internal:///(app-pages-browser)/./node_modules/next/dist/compiled/react-server-dom-webpack/cjs/react-server-dom-webpack-client.browser.development.js:2459:17) @ rsc://React/Server/webpack-internal:///(rsc)/./app/companies/%5Bslug%5D/page.tsx?31:28
[   48894ms] [WARNING] %c%s%c  background: #e6e6e6;background: light-dark(rgba(0,0,0,0.1), rgba(255,255,255,0.25));color: #000000;color: light-dark(#000000, #ffffff);border-radius: 2px  Server   Error: Route "/companies/[slug]" used `params.slug`. `params` should be awaited before using its properties. Learn more: https://nextjs.org/docs/messages/sync-dynamic-apis
    at eval (rsc://React/Server/webpack-internal:///(rsc)/./app/companies/%5Bslug%5D/page.tsx?8:53:113)
    at CompanyPage (rsc://React/Server/webpack-internal:///(rsc)/./app/companies/%5Bslug%5D/page.tsx?9:53:85)
    at resolveErrorDev (webpack-internal:///(app-pages-browser)/./node_modules/next/dist/compiled/react-server-dom-webpack/cjs/react-server-dom-webpack-client.browser.development.js:1845:46)
    at getOutlinedModel (webpack-internal:///(app-pages-browser)/./node_modules/next/dist/compiled/react-server-dom-webpack/cjs/react-server-dom-webpack-client.browser.development.js:1329:22)
    at parseModelString (webpack-internal:///(app-pages-browser)/./node_modules/next/dist/compiled/react-server-dom-webpack/cjs/react-server-dom-webpack-client.browser.development.js:1469:15)
    at Array.eval (webpack-internal:///(app-pages-browser)/./node_modules/next/dist/compiled/react-server-dom-webpack/cjs/react-server-dom-webpack-client.browser.development.js:2274:18)
    at JSON.parse (<anonymous>)
    at resolveConsoleEntry (webpack-internal:///(app-pages-browser)/./node_modules/next/dist/compiled/react-server-dom-webpack/cjs/react-server-dom-webpack-client.browser.development.js:2109:28)
    at processFullStringRow (webpack-internal:///(app-pages-browser)/./node_modules/next/dist/compiled/react-server-dom-webpack/cjs/react-server-dom-webpack-client.browser.development.js:2250:11)
    at processFullBinaryRow (webpack-internal:///(app-pages-browser)/./node_modules/next/dist/compiled/react-server-dom-webpack/cjs/react-server-dom-webpack-client.browser.development.js:2213:7)
    at progress (webpack-internal:///(app-pages-browser)/./node_modules/next/dist/compiled/react-server-dom-webpack/cjs/react-server-dom-webpack-client.browser.development.js:2459:17) @ rsc://React/Server/webpack-internal:///(rsc)/./app/companies/%5Bslug%5D/page.tsx?8:52
[   48897ms] [WARNING] %c%s%c  background: #e6e6e6;background: light-dark(rgba(0,0,0,0.1), rgba(255,255,255,0.25));color: #000000;color: light-dark(#000000, #ffffff);border-radius: 2px  Server   Error: Route "/companies/[slug]" used `params.slug`. `params` should be awaited before using its properties. Learn more: https://nextjs.org/docs/messages/sync-dynamic-apis
    at eval (rsc://React/Server/webpack-internal:///(rsc)/./app/companies/%5Bslug%5D/page.tsx?31:29:113)
    at Module.generateMetadata (rsc://React/Server/webpack-internal:///(rsc)/./app/companies/%5Bslug%5D/page.tsx?32:29:85)
    at resolveErrorDev (webpack-internal:///(app-pages-browser)/./node_modules/next/dist/compiled/react-server-dom-webpack/cjs/react-server-dom-webpack-client.browser.development.js:1845:46)
    at getOutlinedModel (webpack-internal:///(app-pages-browser)/./node_modules/next/dist/compiled/react-server-dom-webpack/cjs/react-server-dom-webpack-client.browser.development.js:1329:22)
    at parseModelString (webpack-internal:///(app-pages-browser)/./node_modules/next/dist/compiled/react-server-dom-webpack/cjs/react-server-dom-webpack-client.browser.development.js:1469:15)
    at Array.eval (webpack-internal:///(app-pages-browser)/./node_modules/next/dist/compiled/react-server-dom-webpack/cjs/react-server-dom-webpack-client.browser.development.js:2274:18)
    at JSON.parse (<anonymous>)
    at resolveConsoleEntry (webpack-internal:///(app-pages-browser)/./node_modules/next/dist/compiled/react-server-dom-webpack/cjs/react-server-dom-webpack-client.browser.development.js:2109:28)
    at processFullStringRow (webpack-internal:///(app-pages-browser)/./node_modules/next/dist/compiled/react-server-dom-webpack/cjs/react-server-dom-webpack-client.browser.development.js:2250:11)
    at processFullBinaryRow (webpack-internal:///(app-pages-browser)/./node_modules/next/dist/compiled/react-server-dom-webpack/cjs/react-server-dom-webpack-client.browser.development.js:2213:7)
    at progress (webpack-internal:///(app-pages-browser)/./node_modules/next/dist/compiled/react-server-dom-webpack/cjs/react-server-dom-webpack-client.browser.development.js:2459:17) @ rsc://React/Server/webpack-internal:///(rsc)/./app/companies/%5Bslug%5D/page.tsx?31:28
[   49527ms] [WARNING] %c%s%c  background: #e6e6e6;background: light-dark(rgba(0,0,0,0.1), rgba(255,255,255,0.25));color: #000000;color: light-dark(#000000, #ffffff);border-radius: 2px  Server   Error: Route "/companies/[slug]" used `params.slug`. `params` should be awaited before using its properties. Learn more: https://nextjs.org/docs/messages/sync-dynamic-apis
    at eval (rsc://React/Server/webpack-internal:///(rsc)/./app/companies/%5Bslug%5D/page.tsx?8:53:113)
    at CompanyPage (rsc://React/Server/webpack-internal:///(rsc)/./app/companies/%5Bslug%5D/page.tsx?9:53:85)
    at resolveErrorDev (webpack-internal:///(app-pages-browser)/./node_modules/next/dist/compiled/react-server-dom-webpack/cjs/react-server-dom-webpack-client.browser.development.js:1845:46)
    at getOutlinedModel (webpack-internal:///(app-pages-browser)/./node_modules/next/dist/compiled/react-server-dom-webpack/cjs/react-server-dom-webpack-client.browser.development.js:1329:22)
    at parseModelString (webpack-internal:///(app-pages-browser)/./node_modules/next/dist/compiled/react-server-dom-webpack/cjs/react-server-dom-webpack-client.browser.development.js:1469:15)
    at Array.eval (webpack-internal:///(app-pages-browser)/./node_modules/next/dist/compiled/react-server-dom-webpack/cjs/react-server-dom-webpack-client.browser.development.js:2274:18)
    at JSON.parse (<anonymous>)
    at resolveConsoleEntry (webpack-internal:///(app-pages-browser)/./node_modules/next/dist/compiled/react-server-dom-webpack/cjs/react-server-dom-webpack-client.browser.development.js:2109:28)
    at processFullStringRow (webpack-internal:///(app-pages-browser)/./node_modules/next/dist/compiled/react-server-dom-webpack/cjs/react-server-dom-webpack-client.browser.development.js:2250:11)
    at processFullBinaryRow (webpack-internal:///(app-pages-browser)/./node_modules/next/dist/compiled/react-server-dom-webpack/cjs/react-server-dom-webpack-client.browser.development.js:2213:7)
    at progress (webpack-internal:///(app-pages-browser)/./node_modules/next/dist/compiled/react-server-dom-webpack/cjs/react-server-dom-webpack-client.browser.development.js:2459:17) @ rsc://React/Server/webpack-internal:///(rsc)/./app/companies/%5Bslug%5D/page.tsx?8:52
[   49530ms] [WARNING] %c%s%c  background: #e6e6e6;background: light-dark(rgba(0,0,0,0.1), rgba(255,255,255,0.25));color: #000000;color: light-dark(#000000, #ffffff);border-radius: 2px  Server   Error: Route "/companies/[slug]" used `params.slug`. `params` should be awaited before using its properties. Learn more: https://nextjs.org/docs/messages/sync-dynamic-apis
    at eval (rsc://React/Server/webpack-internal:///(rsc)/./app/companies/%5Bslug%5D/page.tsx?31:29:113)
    at Module.generateMetadata (rsc://React/Server/webpack-internal:///(rsc)/./app/companies/%5Bslug%5D/page.tsx?32:29:85)
    at resolveErrorDev (webpack-internal:///(app-pages-browser)/./node_modules/next/dist/compiled/react-server-dom-webpack/cjs/react-server-dom-webpack-client.browser.development.js:1845:46)
    at getOutlinedModel (webpack-internal:///(app-pages-browser)/./node_modules/next/dist/compiled/react-server-dom-webpack/cjs/react-server-dom-webpack-client.browser.development.js:1329:22)
    at parseModelString (webpack-internal:///(app-pages-browser)/./node_modules/next/dist/compiled/react-server-dom-webpack/cjs/react-server-dom-webpack-client.browser.development.js:1469:15)
    at Array.eval (webpack-internal:///(app-pages-browser)/./node_modules/next/dist/compiled/react-server-dom-webpack/cjs/react-server-dom-webpack-client.browser.development.js:2274:18)
    at JSON.parse (<anonymous>)
    at resolveConsoleEntry (webpack-internal:///(app-pages-browser)/./node_modules/next/dist/compiled/react-server-dom-webpack/cjs/react-server-dom-webpack-client.browser.development.js:2109:28)
    at processFullStringRow (webpack-internal:///(app-pages-browser)/./node_modules/next/dist/compiled/react-server-dom-webpack/cjs/react-server-dom-webpack-client.browser.development.js:2250:11)
    at processFullBinaryRow (webpack-internal:///(app-pages-browser)/./node_modules/next/dist/compiled/react-server-dom-webpack/cjs/react-server-dom-webpack-client.browser.development.js:2213:7)
    at progress (webpack-internal:///(app-pages-browser)/./node_modules/next/dist/compiled/react-server-dom-webpack/cjs/react-server-dom-webpack-client.browser.development.js:2459:17) @ rsc://React/Server/webpack-internal:///(rsc)/./app/companies/%5Bslug%5D/page.tsx?31:28
[   50200ms] [WARNING] %c%s%c  background: #e6e6e6;background: light-dark(rgba(0,0,0,0.1), rgba(255,255,255,0.25));color: #000000;color: light-dark(#000000, #ffffff);border-radius: 2px  Server   Error: Route "/companies/[slug]" used `params.slug`. `params` should be awaited before using its properties. Learn more: https://nextjs.org/docs/messages/sync-dynamic-apis
    at eval (rsc://React/Server/webpack-internal:///(rsc)/./app/companies/%5Bslug%5D/page.tsx?8:53:113)
    at CompanyPage (rsc://React/Server/webpack-internal:///(rsc)/./app/companies/%5Bslug%5D/page.tsx?9:53:85)
    at resolveErrorDev (webpack-internal:///(app-pages-browser)/./node_modules/next/dist/compiled/react-server-dom-webpack/cjs/react-server-dom-webpack-client.browser.development.js:1845:46)
    at getOutlinedModel (webpack-internal:///(app-pages-browser)/./node_modules/next/dist/compiled/react-server-dom-webpack/cjs/react-server-dom-webpack-client.browser.development.js:1329:22)
    at parseModelString (webpack-internal:///(app-pages-browser)/./node_modules/next/dist/compiled/react-server-dom-webpack/cjs/react-server-dom-webpack-client.browser.development.js:1469:15)
    at Array.eval (webpack-internal:///(app-pages-browser)/./node_modules/next/dist/compiled/react-server-dom-webpack/cjs/react-server-dom-webpack-client.browser.development.js:2274:18)
    at JSON.parse (<anonymous>)
    at resolveConsoleEntry (webpack-internal:///(app-pages-browser)/./node_modules/next/dist/compiled/react-server-dom-webpack/cjs/react-server-dom-webpack-client.browser.development.js:2109:28)
    at processFullStringRow (webpack-internal:///(app-pages-browser)/./node_modules/next/dist/compiled/react-server-dom-webpack/cjs/react-server-dom-webpack-client.browser.development.js:2250:11)
    at processFullBinaryRow (webpack-internal:///(app-pages-browser)/./node_modules/next/dist/compiled/react-server-dom-webpack/cjs/react-server-dom-webpack-client.browser.development.js:2213:7)
    at progress (webpack-internal:///(app-pages-browser)/./node_modules/next/dist/compiled/react-server-dom-webpack/cjs/react-server-dom-webpack-client.browser.development.js:2459:17) @ rsc://React/Server/webpack-internal:///(rsc)/./app/companies/%5Bslug%5D/page.tsx?8:52
[   50203ms] [WARNING] %c%s%c  background: #e6e6e6;background: light-dark(rgba(0,0,0,0.1), rgba(255,255,255,0.25));color: #000000;color: light-dark(#000000, #ffffff);border-radius: 2px  Server   Error: Route "/companies/[slug]" used `params.slug`. `params` should be awaited before using its properties. Learn more: https://nextjs.org/docs/messages/sync-dynamic-apis
    at eval (rsc://React/Server/webpack-internal:///(rsc)/./app/companies/%5Bslug%5D/page.tsx?31:29:113)
    at Module.generateMetadata (rsc://React/Server/webpack-internal:///(rsc)/./app/companies/%5Bslug%5D/page.tsx?32:29:85)
    at resolveErrorDev (webpack-internal:///(app-pages-browser)/./node_modules/next/dist/compiled/react-server-dom-webpack/cjs/react-server-dom-webpack-client.browser.development.js:1845:46)
    at getOutlinedModel (webpack-internal:///(app-pages-browser)/./node_modules/next/dist/compiled/react-server-dom-webpack/cjs/react-server-dom-webpack-client.browser.development.js:1329:22)
    at parseModelString (webpack-internal:///(app-pages-browser)/./node_modules/next/dist/compiled/react-server-dom-webpack/cjs/react-server-dom-webpack-client.browser.development.js:1469:15)
    at Array.eval (webpack-internal:///(app-pages-browser)/./node_modules/next/dist/compiled/react-server-dom-webpack/cjs/react-server-dom-webpack-client.browser.development.js:2274:18)
    at JSON.parse (<anonymous>)
    at resolveConsoleEntry (webpack-internal:///(app-pages-browser)/./node_modules/next/dist/compiled/react-server-dom-webpack/cjs/react-server-dom-webpack-client.browser.development.js:2109:28)
    at processFullStringRow (webpack-internal:///(app-pages-browser)/./node_modules/next/dist/compiled/react-server-dom-webpack/cjs/react-server-dom-webpack-client.browser.development.js:2250:11)
    at processFullBinaryRow (webpack-internal:///(app-pages-browser)/./node_modules/next/dist/compiled/react-server-dom-webpack/cjs/react-server-dom-webpack-client.browser.development.js:2213:7)
    at progress (webpack-internal:///(app-pages-browser)/./node_modules/next/dist/compiled/react-server-dom-webpack/cjs/react-server-dom-webpack-client.browser.development.js:2459:17) @ rsc://React/Server/webpack-internal:///(rsc)/./app/companies/%5Bslug%5D/page.tsx?31:28
[   50693ms] [WARNING] %c%s%c  background: #e6e6e6;background: light-dark(rgba(0,0,0,0.1), rgba(255,255,255,0.25));color: #000000;color: light-dark(#000000, #ffffff);border-radius: 2px  Server   Error: Route "/companies/[slug]" used `params.slug`. `params` should be awaited before using its properties. Learn more: https://nextjs.org/docs/messages/sync-dynamic-apis
    at eval (rsc://React/Server/webpack-internal:///(rsc)/./app/companies/%5Bslug%5D/page.tsx?8:53:113)
    at CompanyPage (rsc://React/Server/webpack-internal:///(rsc)/./app/companies/%5Bslug%5D/page.tsx?9:53:85)
    at resolveErrorDev (webpack-internal:///(app-pages-browser)/./node_modules/next/dist/compiled/react-server-dom-webpack/cjs/react-server-dom-webpack-client.browser.development.js:1845:46)
    at getOutlinedModel (webpack-internal:///(app-pages-browser)/./node_modules/next/dist/compiled/react-server-dom-webpack/cjs/react-server-dom-webpack-client.browser.development.js:1329:22)
    at parseModelString (webpack-internal:///(app-pages-browser)/./node_modules/next/dist/compiled/react-server-dom-webpack/cjs/react-server-dom-webpack-client.browser.development.js:1469:15)
    at Array.eval (webpack-internal:///(app-pages-browser)/./node_modules/next/dist/compiled/react-server-dom-webpack/cjs/react-server-dom-webpack-client.browser.development.js:2274:18)
    at JSON.parse (<anonymous>)
    at resolveConsoleEntry (webpack-internal:///(app-pages-browser)/./node_modules/next/dist/compiled/react-server-dom-webpack/cjs/react-server-dom-webpack-client.browser.development.js:2109:28)
    at processFullStringRow (webpack-internal:///(app-pages-browser)/./node_modules/next/dist/compiled/react-server-dom-webpack/cjs/react-server-dom-webpack-client.browser.development.js:2250:11)
    at processFullBinaryRow (webpack-internal:///(app-pages-browser)/./node_modules/next/dist/compiled/react-server-dom-webpack/cjs/react-server-dom-webpack-client.browser.development.js:2213:7)
    at progress (webpack-internal:///(app-pages-browser)/./node_modules/next/dist/compiled/react-server-dom-webpack/cjs/react-server-dom-webpack-client.browser.development.js:2459:17) @ rsc://React/Server/webpack-internal:///(rsc)/./app/companies/%5Bslug%5D/page.tsx?8:52
[   50695ms] [WARNING] %c%s%c  background: #e6e6e6;background: light-dark(rgba(0,0,0,0.1), rgba(255,255,255,0.25));color: #000000;color: light-dark(#000000, #ffffff);border-radius: 2px  Server   Error: Route "/companies/[slug]" used `params.slug`. `params` should be awaited before using its properties. Learn more: https://nextjs.org/docs/messages/sync-dynamic-apis
    at eval (rsc://React/Server/webpack-internal:///(rsc)/./app/companies/%5Bslug%5D/page.tsx?31:29:113)
    at Module.generateMetadata (rsc://React/Server/webpack-internal:///(rsc)/./app/companies/%5Bslug%5D/page.tsx?32:29:85)
    at resolveErrorDev (webpack-internal:///(app-pages-browser)/./node_modules/next/dist/compiled/react-server-dom-webpack/cjs/react-server-dom-webpack-client.browser.development.js:1845:46)
    at getOutlinedModel (webpack-internal:///(app-pages-browser)/./node_modules/next/dist/compiled/react-server-dom-webpack/cjs/react-server-dom-webpack-client.browser.development.js:1329:22)
    at parseModelString (webpack-internal:///(app-pages-browser)/./node_modules/next/dist/compiled/react-server-dom-webpack/cjs/react-server-dom-webpack-client.browser.development.js:1469:15)
    at Array.eval (webpack-internal:///(app-pages-browser)/./node_modules/next/dist/compiled/react-server-dom-webpack/cjs/react-server-dom-webpack-client.browser.development.js:2274:18)
    at JSON.parse (<anonymous>)
    at resolveConsoleEntry (webpack-internal:///(app-pages-browser)/./node_modules/next/dist/compiled/react-server-dom-webpack/cjs/react-server-dom-webpack-client.browser.development.js:2109:28)
    at processFullStringRow (webpack-internal:///(app-pages-browser)/./node_modules/next/dist/compiled/react-server-dom-webpack/cjs/react-server-dom-webpack-client.browser.development.js:2250:11)
    at processFullBinaryRow (webpack-internal:///(app-pages-browser)/./node_modules/next/dist/compiled/react-server-dom-webpack/cjs/react-server-dom-webpack-client.browser.development.js:2213:7)
    at progress (webpack-internal:///(app-pages-browser)/./node_modules/next/dist/compiled/react-server-dom-webpack/cjs/react-server-dom-webpack-client.browser.development.js:2459:17) @ rsc://React/Server/webpack-internal:///(rsc)/./app/companies/%5Bslug%5D/page.tsx?31:28
[   51114ms] [WARNING] %c%s%c  background: #e6e6e6;background: light-dark(rgba(0,0,0,0.1), rgba(255,255,255,0.25));color: #000000;color: light-dark(#000000, #ffffff);border-radius: 2px  Server   Error: Route "/companies/[slug]" used `params.slug`. `params` should be awaited before using its properties. Learn more: https://nextjs.org/docs/messages/sync-dynamic-apis
    at eval (rsc://React/Server/webpack-internal:///(rsc)/./app/companies/%5Bslug%5D/page.tsx?8:53:113)
    at CompanyPage (rsc://React/Server/webpack-internal:///(rsc)/./app/companies/%5Bslug%5D/page.tsx?9:53:85)
    at resolveErrorDev (webpack-internal:///(app-pages-browser)/./node_modules/next/dist/compiled/react-server-dom-webpack/cjs/react-server-dom-webpack-client.browser.development.js:1845:46)
    at getOutlinedModel (webpack-internal:///(app-pages-browser)/./node_modules/next/dist/compiled/react-server-dom-webpack/cjs/react-server-dom-webpack-client.browser.development.js:1329:22)
    at parseModelString (webpack-internal:///(app-pages-browser)/./node_modules/next/dist/compiled/react-server-dom-webpack/cjs/react-server-dom-webpack-client.browser.development.js:1469:15)
    at Array.eval (webpack-internal:///(app-pages-browser)/./node_modules/next/dist/compiled/react-server-dom-webpack/cjs/react-server-dom-webpack-client.browser.development.js:2274:18)
    at JSON.parse (<anonymous>)
    at resolveConsoleEntry (webpack-internal:///(app-pages-browser)/./node_modules/next/dist/compiled/react-server-dom-webpack/cjs/react-server-dom-webpack-client.browser.development.js:2109:28)
    at processFullStringRow (webpack-internal:///(app-pages-browser)/./node_modules/next/dist/compiled/react-server-dom-webpack/cjs/react-server-dom-webpack-client.browser.development.js:2250:11)
    at processFullBinaryRow (webpack-internal:///(app-pages-browser)/./node_modules/next/dist/compiled/react-server-dom-webpack/cjs/react-server-dom-webpack-client.browser.development.js:2213:7)
    at progress (webpack-internal:///(app-pages-browser)/./node_modules/next/dist/compiled/react-server-dom-webpack/cjs/react-server-dom-webpack-client.browser.development.js:2459:17) @ rsc://React/Server/webpack-internal:///(rsc)/./app/companies/%5Bslug%5D/page.tsx?8:52
[   51116ms] [WARNING] %c%s%c  background: #e6e6e6;background: light-dark(rgba(0,0,0,0.1), rgba(255,255,255,0.25));color: #000000;color: light-dark(#000000, #ffffff);border-radius: 2px  Server   Error: Route "/companies/[slug]" used `params.slug`. `params` should be awaited before using its properties. Learn more: https://nextjs.org/docs/messages/sync-dynamic-apis
    at eval (rsc://React/Server/webpack-internal:///(rsc)/./app/companies/%5Bslug%5D/page.tsx?31:29:113)
    at Module.generateMetadata (rsc://React/Server/webpack-internal:///(rsc)/./app/companies/%5Bslug%5D/page.tsx?32:29:85)
    at resolveErrorDev (webpack-internal:///(app-pages-browser)/./node_modules/next/dist/compiled/react-server-dom-webpack/cjs/react-server-dom-webpack-client.browser.development.js:1845:46)
    at getOutlinedModel (webpack-internal:///(app-pages-browser)/./node_modules/next/dist/compiled/react-server-dom-webpack/cjs/react-server-dom-webpack-client.browser.development.js:1329:22)
    at parseModelString (webpack-internal:///(app-pages-browser)/./node_modules/next/dist/compiled/react-server-dom-webpack/cjs/react-server-dom-webpack-client.browser.development.js:1469:15)
    at Array.eval (webpack-internal:///(app-pages-browser)/./node_modules/next/dist/compiled/react-server-dom-webpack/cjs/react-server-dom-webpack-client.browser.development.js:2274:18)
    at JSON.parse (<anonymous>)
    at resolveConsoleEntry (webpack-internal:///(app-pages-browser)/./node_modules/next/dist/compiled/react-server-dom-webpack/cjs/react-server-dom-webpack-client.browser.development.js:2109:28)
    at processFullStringRow (webpack-internal:///(app-pages-browser)/./node_modules/next/dist/compiled/react-server-dom-webpack/cjs/react-server-dom-webpack-client.browser.development.js:2250:11)
    at processFullBinaryRow (webpack-internal:///(app-pages-browser)/./node_modules/next/dist/compiled/react-server-dom-webpack/cjs/react-server-dom-webpack-client.browser.development.js:2213:7)
    at progress (webpack-internal:///(app-pages-browser)/./node_modules/next/dist/compiled/react-server-dom-webpack/cjs/react-server-dom-webpack-client.browser.development.js:2459:17) @ rsc://React/Server/webpack-internal:///(rsc)/./app/companies/%5Bslug%5D/page.tsx?31:28
[   51669ms] [WARNING] %c%s%c  background: #e6e6e6;background: light-dark(rgba(0,0,0,0.1), rgba(255,255,255,0.25));color: #000000;color: light-dark(#000000, #ffffff);border-radius: 2px  Server   Error: Route "/companies/[slug]" used `params.slug`. `params` should be awaited before using its properties. Learn more: https://nextjs.org/docs/messages/sync-dynamic-apis
    at eval (rsc://React/Server/webpack-internal:///(rsc)/./app/companies/%5Bslug%5D/page.tsx?8:53:113)
    at CompanyPage (rsc://React/Server/webpack-internal:///(rsc)/./app/companies/%5Bslug%5D/page.tsx?9:53:85)
    at resolveErrorDev (webpack-internal:///(app-pages-browser)/./node_modules/next/dist/compiled/react-server-dom-webpack/cjs/react-server-dom-webpack-client.browser.development.js:1845:46)
    at getOutlinedModel (webpack-internal:///(app-pages-browser)/./node_modules/next/dist/compiled/react-server-dom-webpack/cjs/react-server-dom-webpack-client.browser.development.js:1329:22)
    at parseModelString (webpack-internal:///(app-pages-browser)/./node_modules/next/dist/compiled/react-server-dom-webpack/cjs/react-server-dom-webpack-client.browser.development.js:1469:15)
    at Array.eval (webpack-internal:///(app-pages-browser)/./node_modules/next/dist/compiled/react-server-dom-webpack/cjs/react-server-dom-webpack-client.browser.development.js:2274:18)
    at JSON.parse (<anonymous>)
    at resolveConsoleEntry (webpack-internal:///(app-pages-browser)/./node_modules/next/dist/compiled/react-server-dom-webpack/cjs/react-server-dom-webpack-client.browser.development.js:2109:28)
    at processFullStringRow (webpack-internal:///(app-pages-browser)/./node_modules/next/dist/compiled/react-server-dom-webpack/cjs/react-server-dom-webpack-client.browser.development.js:2250:11)
    at processFullBinaryRow (webpack-internal:///(app-pages-browser)/./node_modules/next/dist/compiled/react-server-dom-webpack/cjs/react-server-dom-webpack-client.browser.development.js:2213:7)
    at progress (webpack-internal:///(app-pages-browser)/./node_modules/next/dist/compiled/react-server-dom-webpack/cjs/react-server-dom-webpack-client.browser.development.js:2459:17) @ rsc://React/Server/webpack-internal:///(rsc)/./app/companies/%5Bslug%5D/page.tsx?8:52
[   51671ms] [WARNING] %c%s%c  background: #e6e6e6;background: light-dark(rgba(0,0,0,0.1), rgba(255,255,255,0.25));color: #000000;color: light-dark(#000000, #ffffff);border-radius: 2px  Server   Error: Route "/companies/[slug]" used `params.slug`. `params` should be awaited before using its properties. Learn more: https://nextjs.org/docs/messages/sync-dynamic-apis
    at eval (rsc://React/Server/webpack-internal:///(rsc)/./app/companies/%5Bslug%5D/page.tsx?31:29:113)
    at Module.generateMetadata (rsc://React/Server/webpack-internal:///(rsc)/./app/companies/%5Bslug%5D/page.tsx?32:29:85)
    at resolveErrorDev (webpack-internal:///(app-pages-browser)/./node_modules/next/dist/compiled/react-server-dom-webpack/cjs/react-server-dom-webpack-client.browser.development.js:1845:46)
    at getOutlinedModel (webpack-internal:///(app-pages-browser)/./node_modules/next/dist/compiled/react-server-dom-webpack/cjs/react-server-dom-webpack-client.browser.development.js:1329:22)
    at parseModelString (webpack-internal:///(app-pages-browser)/./node_modules/next/dist/compiled/react-server-dom-webpack/cjs/react-server-dom-webpack-client.browser.development.js:1469:15)
    at Array.eval (webpack-internal:///(app-pages-browser)/./node_modules/next/dist/compiled/react-server-dom-webpack/cjs/react-server-dom-webpack-client.browser.development.js:2274:18)
    at JSON.parse (<anonymous>)
    at resolveConsoleEntry (webpack-internal:///(app-pages-browser)/./node_modules/next/dist/compiled/react-server-dom-webpack/cjs/react-server-dom-webpack-client.browser.development.js:2109:28)
    at processFullStringRow (webpack-internal:///(app-pages-browser)/./node_modules/next/dist/compiled/react-server-dom-webpack/cjs/react-server-dom-webpack-client.browser.development.js:2250:11)
    at processFullBinaryRow (webpack-internal:///(app-pages-browser)/./node_modules/next/dist/compiled/react-server-dom-webpack/cjs/react-server-dom-webpack-client.browser.development.js:2213:7)
    at progress (webpack-internal:///(app-pages-browser)/./node_modules/next/dist/compiled/react-server-dom-webpack/cjs/react-server-dom-webpack-client.browser.development.js:2459:17) @ rsc://React/Server/webpack-internal:///(rsc)/./app/companies/%5Bslug%5D/page.tsx?31:28
[   52043ms] [WARNING] %c%s%c  background: #e6e6e6;background: light-dark(rgba(0,0,0,0.1), rgba(255,255,255,0.25));color: #000000;color: light-dark(#000000, #ffffff);border-radius: 2px  Server   Error: Route "/companies/[slug]" used `params.slug`. `params` should be awaited before using its properties. Learn more: https://nextjs.org/docs/messages/sync-dynamic-apis
    at eval (rsc://React/Server/webpack-internal:///(rsc)/./app/companies/%5Bslug%5D/page.tsx?8:53:113)
    at CompanyPage (rsc://React/Server/webpack-internal:///(rsc)/./app/companies/%5Bslug%5D/page.tsx?9:53:85)
    at resolveErrorDev (webpack-internal:///(app-pages-browser)/./node_modules/next/dist/compiled/react-server-dom-webpack/cjs/react-server-dom-webpack-client.browser.development.js:1845:46)
    at getOutlinedModel (webpack-internal:///(app-pages-browser)/./node_modules/next/dist/compiled/react-server-dom-webpack/cjs/react-server-dom-webpack-client.browser.development.js:1329:22)
    at parseModelString (webpack-internal:///(app-pages-browser)/./node_modules/next/dist/compiled/react-server-dom-webpack/cjs/react-server-dom-webpack-client.browser.development.js:1469:15)
    at Array.eval (webpack-internal:///(app-pages-browser)/./node_modules/next/dist/compiled/react-server-dom-webpack/cjs/react-server-dom-webpack-client.browser.development.js:2274:18)
    at JSON.parse (<anonymous>)
    at resolveConsoleEntry (webpack-internal:///(app-pages-browser)/./node_modules/next/dist/compiled/react-server-dom-webpack/cjs/react-server-dom-webpack-client.browser.development.js:2109:28)
    at processFullStringRow (webpack-internal:///(app-pages-browser)/./node_modules/next/dist/compiled/react-server-dom-webpack/cjs/react-server-dom-webpack-client.browser.development.js:2250:11)
    at processFullBinaryRow (webpack-internal:///(app-pages-browser)/./node_modules/next/dist/compiled/react-server-dom-webpack/cjs/react-server-dom-webpack-client.browser.development.js:2213:7)
    at progress (webpack-internal:///(app-pages-browser)/./node_modules/next/dist/compiled/react-server-dom-webpack/cjs/react-server-dom-webpack-client.browser.development.js:2459:17) @ rsc://React/Server/webpack-internal:///(rsc)/./app/companies/%5Bslug%5D/page.tsx?8:52
[   52045ms] [WARNING] %c%s%c  background: #e6e6e6;background: light-dark(rgba(0,0,0,0.1), rgba(255,255,255,0.25));color: #000000;color: light-dark(#000000, #ffffff);border-radius: 2px  Server   Error: Route "/companies/[slug]" used `params.slug`. `params` should be awaited before using its properties. Learn more: https://nextjs.org/docs/messages/sync-dynamic-apis
    at eval (rsc://React/Server/webpack-internal:///(rsc)/./app/companies/%5Bslug%5D/page.tsx?31:29:113)
    at Module.generateMetadata (rsc://React/Server/webpack-internal:///(rsc)/./app/companies/%5Bslug%5D/page.tsx?32:29:85)
    at resolveErrorDev (webpack-internal:///(app-pages-browser)/./node_modules/next/dist/compiled/react-server-dom-webpack/cjs/react-server-dom-webpack-client.browser.development.js:1845:46)
    at getOutlinedModel (webpack-internal:///(app-pages-browser)/./node_modules/next/dist/compiled/react-server-dom-webpack/cjs/react-server-dom-webpack-client.browser.development.js:1329:22)
    at parseModelString (webpack-internal:///(app-pages-browser)/./node_modules/next/dist/compiled/react-server-dom-webpack/cjs/react-server-dom-webpack-client.browser.development.js:1469:15)
    at Array.eval (webpack-internal:///(app-pages-browser)/./node_modules/next/dist/compiled/react-server-dom-webpack/cjs/react-server-dom-webpack-client.browser.development.js:2274:18)
    at JSON.parse (<anonymous>)
    at resolveConsoleEntry (webpack-internal:///(app-pages-browser)/./node_modules/next/dist/compiled/react-server-dom-webpack/cjs/react-server-dom-webpack-client.browser.development.js:2109:28)
    at processFullStringRow (webpack-internal:///(app-pages-browser)/./node_modules/next/dist/compiled/react-server-dom-webpack/cjs/react-server-dom-webpack-client.browser.development.js:2250:11)
    at processFullBinaryRow (webpack-internal:///(app-pages-browser)/./node_modules/next/dist/compiled/react-server-dom-webpack/cjs/react-server-dom-webpack-client.browser.development.js:2213:7)
    at progress (webpack-internal:///(app-pages-browser)/./node_modules/next/dist/compiled/react-server-dom-webpack/cjs/react-server-dom-webpack-client.browser.development.js:2459:17) @ rsc://React/Server/webpack-internal:///(rsc)/./app/companies/%5Bslug%5D/page.tsx?31:28
[   52441ms] [WARNING] %c%s%c  background: #e6e6e6;background: light-dark(rgba(0,0,0,0.1), rgba(255,255,255,0.25));color: #000000;color: light-dark(#000000, #ffffff);border-radius: 2px  Server   Error: Route "/companies/[slug]" used `params.slug`. `params` should be awaited before using its properties. Learn more: https://nextjs.org/docs/messages/sync-dynamic-apis
    at eval (rsc://React/Server/webpack-internal:///(rsc)/./app/companies/%5Bslug%5D/page.tsx?8:53:113)
    at CompanyPage (rsc://React/Server/webpack-internal:///(rsc)/./app/companies/%5Bslug%5D/page.tsx?9:53:85)
    at resolveErrorDev (webpack-internal:///(app-pages-browser)/./node_modules/next/dist/compiled/react-server-dom-webpack/cjs/react-server-dom-webpack-client.browser.development.js:1845:46)
    at getOutlinedModel (webpack-internal:///(app-pages-browser)/./node_modules/next/dist/compiled/react-server-dom-webpack/cjs/react-server-dom-webpack-client.browser.development.js:1329:22)
    at parseModelString (webpack-internal:///(app-pages-browser)/./node_modules/next/dist/compiled/react-server-dom-webpack/cjs/react-server-dom-webpack-client.browser.development.js:1469:15)
    at Array.eval (webpack-internal:///(app-pages-browser)/./node_modules/next/dist/compiled/react-server-dom-webpack/cjs/react-server-dom-webpack-client.browser.development.js:2274:18)
    at JSON.parse (<anonymous>)
    at resolveConsoleEntry (webpack-internal:///(app-pages-browser)/./node_modules/next/dist/compiled/react-server-dom-webpack/cjs/react-server-dom-webpack-client.browser.development.js:2109:28)
    at processFullStringRow (webpack-internal:///(app-pages-browser)/./node_modules/next/dist/compiled/react-server-dom-webpack/cjs/react-server-dom-webpack-client.browser.development.js:2250:11)
    at processFullBinaryRow (webpack-internal:///(app-pages-browser)/./node_modules/next/dist/compiled/react-server-dom-webpack/cjs/react-server-dom-webpack-client.browser.development.js:2213:7)
    at progress (webpack-internal:///(app-pages-browser)/./node_modules/next/dist/compiled/react-server-dom-webpack/cjs/react-server-dom-webpack-client.browser.development.js:2459:17) @ rsc://React/Server/webpack-internal:///(rsc)/./app/companies/%5Bslug%5D/page.tsx?8:52
[   52444ms] [WARNING] %c%s%c  background: #e6e6e6;background: light-dark(rgba(0,0,0,0.1), rgba(255,255,255,0.25));color: #000000;color: light-dark(#000000, #ffffff);border-radius: 2px  Server   Error: Route "/companies/[slug]" used `params.slug`. `params` should be awaited before using its properties. Learn more: https://nextjs.org/docs/messages/sync-dynamic-apis
    at eval (rsc://React/Server/webpack-internal:///(rsc)/./app/companies/%5Bslug%5D/page.tsx?31:29:113)
    at Module.generateMetadata (rsc://React/Server/webpack-internal:///(rsc)/./app/companies/%5Bslug%5D/page.tsx?32:29:85)
    at resolveErrorDev (webpack-internal:///(app-pages-browser)/./node_modules/next/dist/compiled/react-server-dom-webpack/cjs/react-server-dom-webpack-client.browser.development.js:1845:46)
    at getOutlinedModel (webpack-internal:///(app-pages-browser)/./node_modules/next/dist/compiled/react-server-dom-webpack/cjs/react-server-dom-webpack-client.browser.development.js:1329:22)
    at parseModelString (webpack-internal:///(app-pages-browser)/./node_modules/next/dist/compiled/react-server-dom-webpack/cjs/react-server-dom-webpack-client.browser.development.js:1469:15)
    at Array.eval (webpack-internal:///(app-pages-browser)/./node_modules/next/dist/compiled/react-server-dom-webpack/cjs/react-server-dom-webpack-client.browser.development.js:2274:18)
    at JSON.parse (<anonymous>)
    at resolveConsoleEntry (webpack-internal:///(app-pages-browser)/./node_modules/next/dist/compiled/react-server-dom-webpack/cjs/react-server-dom-webpack-client.browser.development.js:2109:28)
    at processFullStringRow (webpack-internal:///(app-pages-browser)/./node_modules/next/dist/compiled/react-server-dom-webpack/cjs/react-server-dom-webpack-client.browser.development.js:2250:11)
    at processFullBinaryRow (webpack-internal:///(app-pages-browser)/./node_modules/next/dist/compiled/react-server-dom-webpack/cjs/react-server-dom-webpack-client.browser.development.js:2213:7)
    at progress (webpack-internal:///(app-pages-browser)/./node_modules/next/dist/compiled/react-server-dom-webpack/cjs/react-server-dom-webpack-client.browser.development.js:2459:17) @ rsc://React/Server/webpack-internal:///(rsc)/./app/companies/%5Bslug%5D/page.tsx?31:28
[   52772ms] [WARNING] %c%s%c  background: #e6e6e6;background: light-dark(rgba(0,0,0,0.1), rgba(255,255,255,0.25));color: #000000;color: light-dark(#000000, #ffffff);border-radius: 2px  Server   Error: Route "/companies/[slug]" used `params.slug`. `params` should be awaited before using its properties. Learn more: https://nextjs.org/docs/messages/sync-dynamic-apis
    at eval (rsc://React/Server/webpack-internal:///(rsc)/./app/companies/%5Bslug%5D/page.tsx?8:53:113)
    at CompanyPage (rsc://React/Server/webpack-internal:///(rsc)/./app/companies/%5Bslug%5D/page.tsx?9:53:85)
    at resolveErrorDev (webpack-internal:///(app-pages-browser)/./node_modules/next/dist/compiled/react-server-dom-webpack/cjs/react-server-dom-webpack-client.browser.development.js:1845:46)
    at getOutlinedModel (webpack-internal:///(app-pages-browser)/./node_modules/next/dist/compiled/react-server-dom-webpack/cjs/react-server-dom-webpack-client.browser.development.js:1329:22)
    at parseModelString (webpack-internal:///(app-pages-browser)/./node_modules/next/dist/compiled/react-server-dom-webpack/cjs/react-server-dom-webpack-client.browser.development.js:1469:15)
    at Array.eval (webpack-internal:///(app-pages-browser)/./node_modules/next/dist/compiled/react-server-dom-webpack/cjs/react-server-dom-webpack-client.browser.development.js:2274:18)
    at JSON.parse (<anonymous>)
    at resolveConsoleEntry (webpack-internal:///(app-pages-browser)/./node_modules/next/dist/compiled/react-server-dom-webpack/cjs/react-server-dom-webpack-client.browser.development.js:2109:28)
    at processFullStringRow (webpack-internal:///(app-pages-browser)/./node_modules/next/dist/compiled/react-server-dom-webpack/cjs/react-server-dom-webpack-client.browser.development.js:2250:11)
    at processFullBinaryRow (webpack-internal:///(app-pages-browser)/./node_modules/next/dist/compiled/react-server-dom-webpack/cjs/react-server-dom-webpack-client.browser.development.js:2213:7)
    at progress (webpack-internal:///(app-pages-browser)/./node_modules/next/dist/compiled/react-server-dom-webpack/cjs/react-server-dom-webpack-client.browser.development.js:2459:17) @ rsc://React/Server/webpack-internal:///(rsc)/./app/companies/%5Bslug%5D/page.tsx?8:52
[   52774ms] [WARNING] %c%s%c  background: #e6e6e6;background: light-dark(rgba(0,0,0,0.1), rgba(255,255,255,0.25));color: #000000;color: light-dark(#000000, #ffffff);border-radius: 2px  Server   Error: Route "/companies/[slug]" used `params.slug`. `params` should be awaited before using its properties. Learn more: https://nextjs.org/docs/messages/sync-dynamic-apis
    at eval (rsc://React/Server/webpack-internal:///(rsc)/./app/companies/%5Bslug%5D/page.tsx?31:29:113)
    at Module.generateMetadata (rsc://React/Server/webpack-internal:///(rsc)/./app/companies/%5Bslug%5D/page.tsx?32:29:85)
    at resolveErrorDev (webpack-internal:///(app-pages-browser)/./node_modules/next/dist/compiled/react-server-dom-webpack/cjs/react-server-dom-webpack-client.browser.development.js:1845:46)
    at getOutlinedModel (webpack-internal:///(app-pages-browser)/./node_modules/next/dist/compiled/react-server-dom-webpack/cjs/react-server-dom-webpack-client.browser.development.js:1329:22)
    at parseModelString (webpack-internal:///(app-pages-browser)/./node_modules/next/dist/compiled/react-server-dom-webpack/cjs/react-server-dom-webpack-client.browser.development.js:1469:15)
    at Array.eval (webpack-internal:///(app-pages-browser)/./node_modules/next/dist/compiled/react-server-dom-webpack/cjs/react-server-dom-webpack-client.browser.development.js:2274:18)
    at JSON.parse (<anonymous>)
    at resolveConsoleEntry (webpack-internal:///(app-pages-browser)/./node_modules/next/dist/compiled/react-server-dom-webpack/cjs/react-server-dom-webpack-client.browser.development.js:2109:28)
    at processFullStringRow (webpack-internal:///(app-pages-browser)/./node_modules/next/dist/compiled/react-server-dom-webpack/cjs/react-server-dom-webpack-client.browser.development.js:2250:11)
    at processFullBinaryRow (webpack-internal:///(app-pages-browser)/./node_modules/next/dist/compiled/react-server-dom-webpack/cjs/react-server-dom-webpack-client.browser.development.js:2213:7)
    at progress (webpack-internal:///(app-pages-browser)/./node_modules/next/dist/compiled/react-server-dom-webpack/cjs/react-server-dom-webpack-client.browser.development.js:2459:17) @ rsc://React/Server/webpack-internal:///(rsc)/./app/companies/%5Bslug%5D/page.tsx?31:28
[   53091ms] [WARNING] %c%s%c  background: #e6e6e6;background: light-dark(rgba(0,0,0,0.1), rgba(255,255,255,0.25));color: #000000;color: light-dark(#000000, #ffffff);border-radius: 2px  Server   Error: Route "/companies/[slug]" used `params.slug`. `params` should be awaited before using its properties. Learn more: https://nextjs.org/docs/messages/sync-dynamic-apis
    at eval (rsc://React/Server/webpack-internal:///(rsc)/./app/companies/%5Bslug%5D/page.tsx?8:53:113)
    at CompanyPage (rsc://React/Server/webpack-internal:///(rsc)/./app/companies/%5Bslug%5D/page.tsx?9:53:85)
    at resolveErrorDev (webpack-internal:///(app-pages-browser)/./node_modules/next/dist/compiled/react-server-dom-webpack/cjs/react-server-dom-webpack-client.browser.development.js:1845:46)
    at getOutlinedModel (webpack-internal:///(app-pages-browser)/./node_modules/next/dist/compiled/react-server-dom-webpack/cjs/react-server-dom-webpack-client.browser.development.js:1329:22)
    at parseModelString (webpack-internal:///(app-pages-browser)/./node_modules/next/dist/compiled/react-server-dom-webpack/cjs/react-server-dom-webpack-client.browser.development.js:1469:15)
    at Array.eval (webpack-internal:///(app-pages-browser)/./node_modules/next/dist/compiled/react-server-dom-webpack/cjs/react-server-dom-webpack-client.browser.development.js:2274:18)
    at JSON.parse (<anonymous>)
    at resolveConsoleEntry (webpack-internal:///(app-pages-browser)/./node_modules/next/dist/compiled/react-server-dom-webpack/cjs/react-server-dom-webpack-client.browser.development.js:2109:28)
    at processFullStringRow (webpack-internal:///(app-pages-browser)/./node_modules/next/dist/compiled/react-server-dom-webpack/cjs/react-server-dom-webpack-client.browser.development.js:2250:11)
    at processFullBinaryRow (webpack-internal:///(app-pages-browser)/./node_modules/next/dist/compiled/react-server-dom-webpack/cjs/react-server-dom-webpack-client.browser.development.js:2213:7)
    at progress (webpack-internal:///(app-pages-browser)/./node_modules/next/dist/compiled/react-server-dom-webpack/cjs/react-server-dom-webpack-client.browser.development.js:2459:17) @ rsc://React/Server/webpack-internal:///(rsc)/./app/companies/%5Bslug%5D/page.tsx?8:52
[   53094ms] [WARNING] %c%s%c  background: #e6e6e6;background: light-dark(rgba(0,0,0,0.1), rgba(255,255,255,0.25));color: #000000;color: light-dark(#000000, #ffffff);border-radius: 2px  Server   Error: Route "/companies/[slug]" used `params.slug`. `params` should be awaited before using its properties. Learn more: https://nextjs.org/docs/messages/sync-dynamic-apis
    at eval (rsc://React/Server/webpack-internal:///(rsc)/./app/companies/%5Bslug%5D/page.tsx?31:29:113)
    at Module.generateMetadata (rsc://React/Server/webpack-internal:///(rsc)/./app/companies/%5Bslug%5D/page.tsx?32:29:85)
    at resolveErrorDev (webpack-internal:///(app-pages-browser)/./node_modules/next/dist/compiled/react-server-dom-webpack/cjs/react-server-dom-webpack-client.browser.development.js:1845:46)
    at getOutlinedModel (webpack-internal:///(app-pages-browser)/./node_modules/next/dist/compiled/react-server-dom-webpack/cjs/react-server-dom-webpack-client.browser.development.js:1329:22)
    at parseModelString (webpack-internal:///(app-pages-browser)/./node_modules/next/dist/compiled/react-server-dom-webpack/cjs/react-server-dom-webpack-client.browser.development.js:1469:15)
    at Array.eval (webpack-internal:///(app-pages-browser)/./node_modules/next/dist/compiled/react-server-dom-webpack/cjs/react-server-dom-webpack-client.browser.development.js:2274:18)
    at JSON.parse (<anonymous>)
    at resolveConsoleEntry (webpack-internal:///(app-pages-browser)/./node_modules/next/dist/compiled/react-server-dom-webpack/cjs/react-server-dom-webpack-client.browser.development.js:2109:28)
    at processFullStringRow (webpack-internal:///(app-pages-browser)/./node_modules/next/dist/compiled/react-server-dom-webpack/cjs/react-server-dom-webpack-client.browser.development.js:2250:11)
    at processFullBinaryRow (webpack-internal:///(app-pages-browser)/./node_modules/next/dist/compiled/react-server-dom-webpack/cjs/react-server-dom-webpack-client.browser.development.js:2213:7)
    at progress (webpack-internal:///(app-pages-browser)/./node_modules/next/dist/compiled/react-server-dom-webpack/cjs/react-server-dom-webpack-client.browser.development.js:2459:17) @ rsc://React/Server/webpack-internal:///(rsc)/./app/companies/%5Bslug%5D/page.tsx?31:28
[   53480ms] [WARNING] %c%s%c  background: #e6e6e6;background: light-dark(rgba(0,0,0,0.1), rgba(255,255,255,0.25));color: #000000;color: light-dark(#000000, #ffffff);border-radius: 2px  Server   Error: Route "/companies/[slug]" used `params.slug`. `params` should be awaited before using its properties. Learn more: https://nextjs.org/docs/messages/sync-dynamic-apis
    at eval (rsc://React/Server/webpack-internal:///(rsc)/./app/companies/%5Bslug%5D/page.tsx?8:53:113)
    at CompanyPage (rsc://React/Server/webpack-internal:///(rsc)/./app/companies/%5Bslug%5D/page.tsx?9:53:85)
    at resolveErrorDev (webpack-internal:///(app-pages-browser)/./node_modules/next/dist/compiled/react-server-dom-webpack/cjs/react-server-dom-webpack-client.browser.development.js:1845:46)
    at getOutlinedModel (webpack-internal:///(app-pages-browser)/./node_modules/next/dist/compiled/react-server-dom-webpack/cjs/react-server-dom-webpack-client.browser.development.js:1329:22)
    at parseModelString (webpack-internal:///(app-pages-browser)/./node_modules/next/dist/compiled/react-server-dom-webpack/cjs/react-server-dom-webpack-client.browser.development.js:1469:15)
    at Array.eval (webpack-internal:///(app-pages-browser)/./node_modules/next/dist/compiled/react-server-dom-webpack/cjs/react-server-dom-webpack-client.browser.development.js:2274:18)
    at JSON.parse (<anonymous>)
    at resolveConsoleEntry (webpack-internal:///(app-pages-browser)/./node_modules/next/dist/compiled/react-server-dom-webpack/cjs/react-server-dom-webpack-client.browser.development.js:2109:28)
    at processFullStringRow (webpack-internal:///(app-pages-browser)/./node_modules/next/dist/compiled/react-server-dom-webpack/cjs/react-server-dom-webpack-client.browser.development.js:2250:11)
    at processFullBinaryRow (webpack-internal:///(app-pages-browser)/./node_modules/next/dist/compiled/react-server-dom-webpack/cjs/react-server-dom-webpack-client.browser.development.js:2213:7)
    at progress (webpack-internal:///(app-pages-browser)/./node_modules/next/dist/compiled/react-server-dom-webpack/cjs/react-server-dom-webpack-client.browser.development.js:2459:17) @ rsc://React/Server/webpack-internal:///(rsc)/./app/companies/%5Bslug%5D/page.tsx?8:52
[   53483ms] [WARNING] %c%s%c  background: #e6e6e6;background: light-dark(rgba(0,0,0,0.1), rgba(255,255,255,0.25));color: #000000;color: light-dark(#000000, #ffffff);border-radius: 2px  Server   Error: Route "/companies/[slug]" used `params.slug`. `params` should be awaited before using its properties. Learn more: https://nextjs.org/docs/messages/sync-dynamic-apis
    at eval (rsc://React/Server/webpack-internal:///(rsc)/./app/companies/%5Bslug%5D/page.tsx?31:29:113)
    at Module.generateMetadata (rsc://React/Server/webpack-internal:///(rsc)/./app/companies/%5Bslug%5D/page.tsx?32:29:85)
    at resolveErrorDev (webpack-internal:///(app-pages-browser)/./node_modules/next/dist/compiled/react-server-dom-webpack/cjs/react-server-dom-webpack-client.browser.development.js:1845:46)
    at getOutlinedModel (webpack-internal:///(app-pages-browser)/./node_modules/next/dist/compiled/react-server-dom-webpack/cjs/react-server-dom-webpack-client.browser.development.js:1329:22)
    at parseModelString (webpack-internal:///(app-pages-browser)/./node_modules/next/dist/compiled/react-server-dom-webpack/cjs/react-server-dom-webpack-client.browser.development.js:1469:15)
    at Array.eval (webpack-internal:///(app-pages-browser)/./node_modules/next/dist/compiled/react-server-dom-webpack/cjs/react-server-dom-webpack-client.browser.development.js:2274:18)
    at JSON.parse (<anonymous>)
    at resolveConsoleEntry (webpack-internal:///(app-pages-browser)/./node_modules/next/dist/compiled/react-server-dom-webpack/cjs/react-server-dom-webpack-client.browser.development.js:2109:28)
    at processFullStringRow (webpack-internal:///(app-pages-browser)/./node_modules/next/dist/compiled/react-server-dom-webpack/cjs/react-server-dom-webpack-client.browser.development.js:2250:11)
    at processFullBinaryRow (webpack-internal:///(app-pages-browser)/./node_modules/next/dist/compiled/react-server-dom-webpack/cjs/react-server-dom-webpack-client.browser.development.js:2213:7)
    at progress (webpack-internal:///(app-pages-browser)/./node_modules/next/dist/compiled/react-server-dom-webpack/cjs/react-server-dom-webpack-client.browser.development.js:2459:17) @ rsc://React/Server/webpack-internal:///(rsc)/./app/companies/%5Bslug%5D/page.tsx?31:28
[   54192ms] [WARNING] %c%s%c  background: #e6e6e6;background: light-dark(rgba(0,0,0,0.1), rgba(255,255,255,0.25));color: #000000;color: light-dark(#000000, #ffffff);border-radius: 2px  Server   Error: Route "/companies/[slug]" used `params.slug`. `params` should be awaited before using its properties. Learn more: https://nextjs.org/docs/messages/sync-dynamic-apis
    at eval (rsc://React/Server/webpack-internal:///(rsc)/./app/companies/%5Bslug%5D/page.tsx?8:53:113)
    at CompanyPage (rsc://React/Server/webpack-internal:///(rsc)/./app/companies/%5Bslug%5D/page.tsx?9:53:85)
    at resolveErrorDev (webpack-internal:///(app-pages-browser)/./node_modules/next/dist/compiled/react-server-dom-webpack/cjs/react-server-dom-webpack-client.browser.development.js:1845:46)
    at getOutlinedModel (webpack-internal:///(app-pages-browser)/./node_modules/next/dist/compiled/react-server-dom-webpack/cjs/react-server-dom-webpack-client.browser.development.js:1329:22)
    at parseModelString (webpack-internal:///(app-pages-browser)/./node_modules/next/dist/compiled/react-server-dom-webpack/cjs/react-server-dom-webpack-client.browser.development.js:1469:15)
    at Array.eval (webpack-internal:///(app-pages-browser)/./node_modules/next/dist/compiled/react-server-dom-webpack/cjs/react-server-dom-webpack-client.browser.development.js:2274:18)
    at JSON.parse (<anonymous>)
    at resolveConsoleEntry (webpack-internal:///(app-pages-browser)/./node_modules/next/dist/compiled/react-server-dom-webpack/cjs/react-server-dom-webpack-client.browser.development.js:2109:28)
    at processFullStringRow (webpack-internal:///(app-pages-browser)/./node_modules/next/dist/compiled/react-server-dom-webpack/cjs/react-server-dom-webpack-client.browser.development.js:2250:11)
    at processFullBinaryRow (webpack-internal:///(app-pages-browser)/./node_modules/next/dist/compiled/react-server-dom-webpack/cjs/react-server-dom-webpack-client.browser.development.js:2213:7)
    at progress (webpack-internal:///(app-pages-browser)/./node_modules/next/dist/compiled/react-server-dom-webpack/cjs/react-server-dom-webpack-client.browser.development.js:2459:17) @ rsc://React/Server/webpack-internal:///(rsc)/./app/companies/%5Bslug%5D/page.tsx?8:52
[   54200ms] [WARNING] %c%s%c  background: #e6e6e6;background: light-dark(rgba(0,0,0,0.1), rgba(255,255,255,0.25));color: #000000;color: light-dark(#000000, #ffffff);border-radius: 2px  Server   Error: Route "/companies/[slug]" used `params.slug`. `params` should be awaited before using its properties. Learn more: https://nextjs.org/docs/messages/sync-dynamic-apis
    at eval (rsc://React/Server/webpack-internal:///(rsc)/./app/companies/%5Bslug%5D/page.tsx?31:29:113)
    at Module.generateMetadata (rsc://React/Server/webpack-internal:///(rsc)/./app/companies/%5Bslug%5D/page.tsx?32:29:85)
    at resolveErrorDev (webpack-internal:///(app-pages-browser)/./node_modules/next/dist/compiled/react-server-dom-webpack/cjs/react-server-dom-webpack-client.browser.development.js:1845:46)
    at getOutlinedModel (webpack-internal:///(app-pages-browser)/./node_modules/next/dist/compiled/react-server-dom-webpack/cjs/react-server-dom-webpack-client.browser.development.js:1329:22)
    at parseModelString (webpack-internal:///(app-pages-browser)/./node_modules/next/dist/compiled/react-server-dom-webpack/cjs/react-server-dom-webpack-client.browser.development.js:1469:15)
    at Array.eval (webpack-internal:///(app-pages-browser)/./node_modules/next/dist/compiled/react-server-dom-webpack/cjs/react-server-dom-webpack-client.browser.development.js:2274:18)
    at JSON.parse (<anonymous>)
    at resolveConsoleEntry (webpack-internal:///(app-pages-browser)/./node_modules/next/dist/compiled/react-server-dom-webpack/cjs/react-server-dom-webpack-client.browser.development.js:2109:28)
    at processFullStringRow (webpack-internal:///(app-pages-browser)/./node_modules/next/dist/compiled/react-server-dom-webpack/cjs/react-server-dom-webpack-client.browser.development.js:2250:11)
    at processFullBinaryRow (webpack-internal:///(app-pages-browser)/./node_modules/next/dist/compiled/react-server-dom-webpack/cjs/react-server-dom-webpack-client.browser.development.js:2213:7)
    at progress (webpack-internal:///(app-pages-browser)/./node_modules/next/dist/compiled/react-server-dom-webpack/cjs/react-server-dom-webpack-client.browser.development.js:2459:17) @ rsc://React/Server/webpack-internal:///(rsc)/./app/companies/%5Bslug%5D/page.tsx?31:28
[   54808ms] [WARNING] %c%s%c  background: #e6e6e6;background: light-dark(rgba(0,0,0,0.1), rgba(255,255,255,0.25));color: #000000;color: light-dark(#000000, #ffffff);border-radius: 2px  Server   Error: Route "/companies/[slug]" used `params.slug`. `params` should be awaited before using its properties. Learn more: https://nextjs.org/docs/messages/sync-dynamic-apis
    at eval (rsc://React/Server/webpack-internal:///(rsc)/./app/companies/%5Bslug%5D/page.tsx?8:53:113)
    at CompanyPage (rsc://React/Server/webpack-internal:///(rsc)/./app/companies/%5Bslug%5D/page.tsx?9:53:85)
    at resolveErrorDev (webpack-internal:///(app-pages-browser)/./node_modules/next/dist/compiled/react-server-dom-webpack/cjs/react-server-dom-webpack-client.browser.development.js:1845:46)
    at getOutlinedModel (webpack-internal:///(app-pages-browser)/./node_modules/next/dist/compiled/react-server-dom-webpack/cjs/react-server-dom-webpack-client.browser.development.js:1329:22)
    at parseModelString (webpack-internal:///(app-pages-browser)/./node_modules/next/dist/compiled/react-server-dom-webpack/cjs/react-server-dom-webpack-client.browser.development.js:1469:15)
    at Array.eval (webpack-internal:///(app-pages-browser)/./node_modules/next/dist/compiled/react-server-dom-webpack/cjs/react-server-dom-webpack-client.browser.development.js:2274:18)
    at JSON.parse (<anonymous>)
    at resolveConsoleEntry (webpack-internal:///(app-pages-browser)/./node_modules/next/dist/compiled/react-server-dom-webpack/cjs/react-server-dom-webpack-client.browser.development.js:2109:28)
    at processFullStringRow (webpack-internal:///(app-pages-browser)/./node_modules/next/dist/compiled/react-server-dom-webpack/cjs/react-server-dom-webpack-client.browser.development.js:2250:11)
    at processFullBinaryRow (webpack-internal:///(app-pages-browser)/./node_modules/next/dist/compiled/react-server-dom-webpack/cjs/react-server-dom-webpack-client.browser.development.js:2213:7)
    at progress (webpack-internal:///(app-pages-browser)/./node_modules/next/dist/compiled/react-server-dom-webpack/cjs/react-server-dom-webpack-client.browser.development.js:2459:17) @ rsc://React/Server/webpack-internal:///(rsc)/./app/companies/%5Bslug%5D/page.tsx?8:52
[   54812ms] [WARNING] %c%s%c  background: #e6e6e6;background: light-dark(rgba(0,0,0,0.1), rgba(255,255,255,0.25));color: #000000;color: light-dark(#000000, #ffffff);border-radius: 2px  Server   Error: Route "/companies/[slug]" used `params.slug`. `params` should be awaited before using its properties. Learn more: https://nextjs.org/docs/messages/sync-dynamic-apis
    at eval (rsc://React/Server/webpack-internal:///(rsc)/./app/companies/%5Bslug%5D/page.tsx?31:29:113)
    at Module.generateMetadata (rsc://React/Server/webpack-internal:///(rsc)/./app/companies/%5Bslug%5D/page.tsx?32:29:85)
    at resolveErrorDev (webpack-internal:///(app-pages-browser)/./node_modules/next/dist/compiled/react-server-dom-webpack/cjs/react-server-dom-webpack-client.browser.development.js:1845:46)
    at getOutlinedModel (webpack-internal:///(app-pages-browser)/./node_modules/next/dist/compiled/react-server-dom-webpack/cjs/react-server-dom-webpack-client.browser.development.js:1329:22)
    at parseModelString (webpack-internal:///(app-pages-browser)/./node_modules/next/dist/compiled/react-server-dom-webpack/cjs/react-server-dom-webpack-client.browser.development.js:1469:15)
    at Array.eval (webpack-internal:///(app-pages-browser)/./node_modules/next/dist/compiled/react-server-dom-webpack/cjs/react-server-dom-webpack-client.browser.development.js:2274:18)
    at JSON.parse (<anonymous>)
    at resolveConsoleEntry (webpack-internal:///(app-pages-browser)/./node_modules/next/dist/compiled/react-server-dom-webpack/cjs/react-server-dom-webpack-client.browser.development.js:2109:28)
    at processFullStringRow (webpack-internal:///(app-pages-browser)/./node_modules/next/dist/compiled/react-server-dom-webpack/cjs/react-server-dom-webpack-client.browser.development.js:2250:11)
    at processFullBinaryRow (webpack-internal:///(app-pages-browser)/./node_modules/next/dist/compiled/react-server-dom-webpack/cjs/react-server-dom-webpack-client.browser.development.js:2213:7)
    at progress (webpack-internal:///(app-pages-browser)/./node_modules/next/dist/compiled/react-server-dom-webpack/cjs/react-server-dom-webpack-client.browser.development.js:2459:17) @ rsc://React/Server/webpack-internal:///(rsc)/./app/companies/%5Bslug%5D/page.tsx?31:28
[   55207ms] [WARNING] %c%s%c  background: #e6e6e6;background: light-dark(rgba(0,0,0,0.1), rgba(255,255,255,0.25));color: #000000;color: light-dark(#000000, #ffffff);border-radius: 2px  Server   Error: Route "/companies/[slug]" used `params.slug`. `params` should be awaited before using its properties. Learn more: https://nextjs.org/docs/messages/sync-dynamic-apis
    at eval (rsc://React/Server/webpack-internal:///(rsc)/./app/companies/%5Bslug%5D/page.tsx?8:53:113)
    at CompanyPage (rsc://React/Server/webpack-internal:///(rsc)/./app/companies/%5Bslug%5D/page.tsx?9:53:85)
    at resolveErrorDev (webpack-internal:///(app-pages-browser)/./node_modules/next/dist/compiled/react-server-dom-webpack/cjs/react-server-dom-webpack-client.browser.development.js:1845:46)
    at getOutlinedModel (webpack-internal:///(app-pages-browser)/./node_modules/next/dist/compiled/react-server-dom-webpack/cjs/react-server-dom-webpack-client.browser.development.js:1329:22)
    at parseModelString (webpack-internal:///(app-pages-browser)/./node_modules/next/dist/compiled/react-server-dom-webpack/cjs/react-server-dom-webpack-client.browser.development.js:1469:15)
    at Array.eval (webpack-internal:///(app-pages-browser)/./node_modules/next/dist/compiled/react-server-dom-webpack/cjs/react-server-dom-webpack-client.browser.development.js:2274:18)
    at JSON.parse (<anonymous>)
    at resolveConsoleEntry (webpack-internal:///(app-pages-browser)/./node_modules/next/dist/compiled/react-server-dom-webpack/cjs/react-server-dom-webpack-client.browser.development.js:2109:28)
    at processFullStringRow (webpack-internal:///(app-pages-browser)/./node_modules/next/dist/compiled/react-server-dom-webpack/cjs/react-server-dom-webpack-client.browser.development.js:2250:11)
    at processFullBinaryRow (webpack-internal:///(app-pages-browser)/./node_modules/next/dist/compiled/react-server-dom-webpack/cjs/react-server-dom-webpack-client.browser.development.js:2213:7)
    at progress (webpack-internal:///(app-pages-browser)/./node_modules/next/dist/compiled/react-server-dom-webpack/cjs/react-server-dom-webpack-client.browser.development.js:2459:17) @ rsc://React/Server/webpack-internal:///(rsc)/./app/companies/%5Bslug%5D/page.tsx?8:52
[   55210ms] [WARNING] %c%s%c  background: #e6e6e6;background: light-dark(rgba(0,0,0,0.1), rgba(255,255,255,0.25));color: #000000;color: light-dark(#000000, #ffffff);border-radius: 2px  Server   Error: Route "/companies/[slug]" used `params.slug`. `params` should be awaited before using its properties. Learn more: https://nextjs.org/docs/messages/sync-dynamic-apis
    at eval (rsc://React/Server/webpack-internal:///(rsc)/./app/companies/%5Bslug%5D/page.tsx?31:29:113)
    at Module.generateMetadata (rsc://React/Server/webpack-internal:///(rsc)/./app/companies/%5Bslug%5D/page.tsx?32:29:85)
    at resolveErrorDev (webpack-internal:///(app-pages-browser)/./node_modules/next/dist/compiled/react-server-dom-webpack/cjs/react-server-dom-webpack-client.browser.development.js:1845:46)
    at getOutlinedModel (webpack-internal:///(app-pages-browser)/./node_modules/next/dist/compiled/react-server-dom-webpack/cjs/react-server-dom-webpack-client.browser.development.js:1329:22)
    at parseModelString (webpack-internal:///(app-pages-browser)/./node_modules/next/dist/compiled/react-server-dom-webpack/cjs/react-server-dom-webpack-client.browser.development.js:1469:15)
    at Array.eval (webpack-internal:///(app-pages-browser)/./node_modules/next/dist/compiled/react-server-dom-webpack/cjs/react-server-dom-webpack-client.browser.development.js:2274:18)
    at JSON.parse (<anonymous>)
    at resolveConsoleEntry (webpack-internal:///(app-pages-browser)/./node_modules/next/dist/compiled/react-server-dom-webpack/cjs/react-server-dom-webpack-client.browser.development.js:2109:28)
    at processFullStringRow (webpack-internal:///(app-pages-browser)/./node_modules/next/dist/compiled/react-server-dom-webpack/cjs/react-server-dom-webpack-client.browser.development.js:2250:11)
    at processFullBinaryRow (webpack-internal:///(app-pages-browser)/./node_modules/next/dist/compiled/react-server-dom-webpack/cjs/react-server-dom-webpack-client.browser.development.js:2213:7)
    at progress (webpack-internal:///(app-pages-browser)/./node_modules/next/dist/compiled/react-server-dom-webpack/cjs/react-server-dom-webpack-client.browser.development.js:2459:17) @ rsc://React/Server/webpack-internal:///(rsc)/./app/companies/%5Bslug%5D/page.tsx?31:28
[   55657ms] [WARNING] %c%s%c  background: #e6e6e6;background: light-dark(rgba(0,0,0,0.1), rgba(255,255,255,0.25));color: #000000;color: light-dark(#000000, #ffffff);border-radius: 2px  Server   Error: Route "/companies/[slug]" used `params.slug`. `params` should be awaited before using its properties. Learn more: https://nextjs.org/docs/messages/sync-dynamic-apis
    at eval (rsc://React/Server/webpack-internal:///(rsc)/./app/companies/%5Bslug%5D/page.tsx?8:53:113)
    at CompanyPage (rsc://React/Server/webpack-internal:///(rsc)/./app/companies/%5Bslug%5D/page.tsx?9:53:85)
    at resolveErrorDev (webpack-internal:///(app-pages-browser)/./node_modules/next/dist/compiled/react-server-dom-webpack/cjs/react-server-dom-webpack-client.browser.development.js:1845:46)
    at getOutlinedModel (webpack-internal:///(app-pages-browser)/./node_modules/next/dist/compiled/react-server-dom-webpack/cjs/react-server-dom-webpack-client.browser.development.js:1329:22)
    at parseModelString (webpack-internal:///(app-pages-browser)/./node_modules/next/dist/compiled/react-server-dom-webpack/cjs/react-server-dom-webpack-client.browser.development.js:1469:15)
    at Array.eval (webpack-internal:///(app-pages-browser)/./node_modules/next/dist/compiled/react-server-dom-webpack/cjs/react-server-dom-webpack-client.browser.development.js:2274:18)
    at JSON.parse (<anonymous>)
    at resolveConsoleEntry (webpack-internal:///(app-pages-browser)/./node_modules/next/dist/compiled/react-server-dom-webpack/cjs/react-server-dom-webpack-client.browser.development.js:2109:28)
    at processFullStringRow (webpack-internal:///(app-pages-browser)/./node_modules/next/dist/compiled/react-server-dom-webpack/cjs/react-server-dom-webpack-client.browser.development.js:2250:11)
    at processFullBinaryRow (webpack-internal:///(app-pages-browser)/./node_modules/next/dist/compiled/react-server-dom-webpack/cjs/react-server-dom-webpack-client.browser.development.js:2213:7)
    at progress (webpack-internal:///(app-pages-browser)/./node_modules/next/dist/compiled/react-server-dom-webpack/cjs/react-server-dom-webpack-client.browser.development.js:2459:17) @ rsc://React/Server/webpack-internal:///(rsc)/./app/companies/%5Bslug%5D/page.tsx?8:52
[   55662ms] [WARNING] %c%s%c  background: #e6e6e6;background: light-dark(rgba(0,0,0,0.1), rgba(255,255,255,0.25));color: #000000;color: light-dark(#000000, #ffffff);border-radius: 2px  Server   Error: Route "/companies/[slug]" used `params.slug`. `params` should be awaited before using its properties. Learn more: https://nextjs.org/docs/messages/sync-dynamic-apis
    at eval (rsc://React/Server/webpack-internal:///(rsc)/./app/companies/%5Bslug%5D/page.tsx?31:29:113)
    at Module.generateMetadata (rsc://React/Server/webpack-internal:///(rsc)/./app/companies/%5Bslug%5D/page.tsx?32:29:85)
    at resolveErrorDev (webpack-internal:///(app-pages-browser)/./node_modules/next/dist/compiled/react-server-dom-webpack/cjs/react-server-dom-webpack-client.browser.development.js:1845:46)
    at getOutlinedModel (webpack-internal:///(app-pages-browser)/./node_modules/next/dist/compiled/react-server-dom-webpack/cjs/react-server-dom-webpack-client.browser.development.js:1329:22)
    at parseModelString (webpack-internal:///(app-pages-browser)/./node_modules/next/dist/compiled/react-server-dom-webpack/cjs/react-server-dom-webpack-client.browser.development.js:1469:15)
    at Array.eval (webpack-internal:///(app-pages-browser)/./node_modules/next/dist/compiled/react-server-dom-webpack/cjs/react-server-dom-webpack-client.browser.development.js:2274:18)
    at JSON.parse (<anonymous>)
    at resolveConsoleEntry (webpack-internal:///(app-pages-browser)/./node_modules/next/dist/compiled/react-server-dom-webpack/cjs/react-server-dom-webpack-client.browser.development.js:2109:28)
    at processFullStringRow (webpack-internal:///(app-pages-browser)/./node_modules/next/dist/compiled/react-server-dom-webpack/cjs/react-server-dom-webpack-client.browser.development.js:2250:11)
    at processFullBinaryRow (webpack-internal:///(app-pages-browser)/./node_modules/next/dist/compiled/react-server-dom-webpack/cjs/react-server-dom-webpack-client.browser.development.js:2213:7)
    at progress (webpack-internal:///(app-pages-browser)/./node_modules/next/dist/compiled/react-server-dom-webpack/cjs/react-server-dom-webpack-client.browser.development.js:2459:17) @ rsc://React/Server/webpack-internal:///(rsc)/./app/companies/%5Bslug%5D/page.tsx?31:28
[   56077ms] [WARNING] %c%s%c  background: #e6e6e6;background: light-dark(rgba(0,0,0,0.1), rgba(255,255,255,0.25));color: #000000;color: light-dark(#000000, #ffffff);border-radius: 2px  Server   Error: Route "/companies/[slug]" used `params.slug`. `params` should be awaited before using its properties. Learn more: https://nextjs.org/docs/messages/sync-dynamic-apis
    at eval (rsc://React/Server/webpack-internal:///(rsc)/./app/companies/%5Bslug%5D/page.tsx?8:53:113)
    at CompanyPage (rsc://React/Server/webpack-internal:///(rsc)/./app/companies/%5Bslug%5D/page.tsx?9:53:85)
    at resolveErrorDev (webpack-internal:///(app-pages-browser)/./node_modules/next/dist/compiled/react-server-dom-webpack/cjs/react-server-dom-webpack-client.browser.development.js:1845:46)
    at getOutlinedModel (webpack-internal:///(app-pages-browser)/./node_modules/next/dist/compiled/react-server-dom-webpack/cjs/react-server-dom-webpack-client.browser.development.js:1329:22)
    at parseModelString (webpack-internal:///(app-pages-browser)/./node_modules/next/dist/compiled/react-server-dom-webpack/cjs/react-server-dom-webpack-client.browser.development.js:1469:15)
    at Array.eval (webpack-internal:///(app-pages-browser)/./node_modules/next/dist/compiled/react-server-dom-webpack/cjs/react-server-dom-webpack-client.browser.development.js:2274:18)
    at JSON.parse (<anonymous>)
    at resolveConsoleEntry (webpack-internal:///(app-pages-browser)/./node_modules/next/dist/compiled/react-server-dom-webpack/cjs/react-server-dom-webpack-client.browser.development.js:2109:28)
    at processFullStringRow (webpack-internal:///(app-pages-browser)/./node_modules/next/dist/compiled/react-server-dom-webpack/cjs/react-server-dom-webpack-client.browser.development.js:2250:11)
    at processFullBinaryRow (webpack-internal:///(app-pages-browser)/./node_modules/next/dist/compiled/react-server-dom-webpack/cjs/react-server-dom-webpack-client.browser.development.js:2213:7)
    at progress (webpack-internal:///(app-pages-browser)/./node_modules/next/dist/compiled/react-server-dom-webpack/cjs/react-server-dom-webpack-client.browser.development.js:2459:17) @ rsc://React/Server/webpack-internal:///(rsc)/./app/companies/%5Bslug%5D/page.tsx?8:52
[   56080ms] [WARNING] %c%s%c  background: #e6e6e6;background: light-dark(rgba(0,0,0,0.1), rgba(255,255,255,0.25));color: #000000;color: light-dark(#000000, #ffffff);border-radius: 2px  Server   Error: Route "/companies/[slug]" used `params.slug`. `params` should be awaited before using its properties. Learn more: https://nextjs.org/docs/messages/sync-dynamic-apis
    at eval (rsc://React/Server/webpack-internal:///(rsc)/./app/companies/%5Bslug%5D/page.tsx?31:29:113)
    at Module.generateMetadata (rsc://React/Server/webpack-internal:///(rsc)/./app/companies/%5Bslug%5D/page.tsx?32:29:85)
    at resolveErrorDev (webpack-internal:///(app-pages-browser)/./node_modules/next/dist/compiled/react-server-dom-webpack/cjs/react-server-dom-webpack-client.browser.development.js:1845:46)
    at getOutlinedModel (webpack-internal:///(app-pages-browser)/./node_modules/next/dist/compiled/react-server-dom-webpack/cjs/react-server-dom-webpack-client.browser.development.js:1329:22)
    at parseModelString (webpack-internal:///(app-pages-browser)/./node_modules/next/dist/compiled/react-server-dom-webpack/cjs/react-server-dom-webpack-client.browser.development.js:1469:15)
    at Array.eval (webpack-internal:///(app-pages-browser)/./node_modules/next/dist/compiled/react-server-dom-webpack/cjs/react-server-dom-webpack-client.browser.development.js:2274:18)
    at JSON.parse (<anonymous>)
    at resolveConsoleEntry (webpack-internal:///(app-pages-browser)/./node_modules/next/dist/compiled/react-server-dom-webpack/cjs/react-server-dom-webpack-client.browser.development.js:2109:28)
    at processFullStringRow (webpack-internal:///(app-pages-browser)/./node_modules/next/dist/compiled/react-server-dom-webpack/cjs/react-server-dom-webpack-client.browser.development.js:2250:11)
    at processFullBinaryRow (webpack-internal:///(app-pages-browser)/./node_modules/next/dist/compiled/react-server-dom-webpack/cjs/react-server-dom-webpack-client.browser.development.js:2213:7)
    at progress (webpack-internal:///(app-pages-browser)/./node_modules/next/dist/compiled/react-server-dom-webpack/cjs/react-server-dom-webpack-client.browser.development.js:2459:17) @ rsc://React/Server/webpack-internal:///(rsc)/./app/companies/%5Bslug%5D/page.tsx?31:28
[   56563ms] [WARNING] %c%s%c  background: #e6e6e6;background: light-dark(rgba(0,0,0,0.1), rgba(255,255,255,0.25));color: #000000;color: light-dark(#000000, #ffffff);border-radius: 2px  Server   Error: Route "/companies/[slug]" used `params.slug`. `params` should be awaited before using its properties. Learn more: https://nextjs.org/docs/messages/sync-dynamic-apis
    at eval (rsc://React/Server/webpack-internal:///(rsc)/./app/companies/%5Bslug%5D/page.tsx?8:53:113)
    at CompanyPage (rsc://React/Server/webpack-internal:///(rsc)/./app/companies/%5Bslug%5D/page.tsx?9:53:85)
    at resolveErrorDev (webpack-internal:///(app-pages-browser)/./node_modules/next/dist/compiled/react-server-dom-webpack/cjs/react-server-dom-webpack-client.browser.development.js:1845:46)
    at getOutlinedModel (webpack-internal:///(app-pages-browser)/./node_modules/next/dist/compiled/react-server-dom-webpack/cjs/react-server-dom-webpack-client.browser.development.js:1329:22)
    at parseModelString (webpack-internal:///(app-pages-browser)/./node_modules/next/dist/compiled/react-server-dom-webpack/cjs/react-server-dom-webpack-client.browser.development.js:1469:15)
    at Array.eval (webpack-internal:///(app-pages-browser)/./node_modules/next/dist/compiled/react-server-dom-webpack/cjs/react-server-dom-webpack-client.browser.development.js:2274:18)
    at JSON.parse (<anonymous>)
    at resolveConsoleEntry (webpack-internal:///(app-pages-browser)/./node_modules/next/dist/compiled/react-server-dom-webpack/cjs/react-server-dom-webpack-client.browser.development.js:2109:28)
    at processFullStringRow (webpack-internal:///(app-pages-browser)/./node_modules/next/dist/compiled/react-server-dom-webpack/cjs/react-server-dom-webpack-client.browser.development.js:2250:11)
    at processFullBinaryRow (webpack-internal:///(app-pages-browser)/./node_modules/next/dist/compiled/react-server-dom-webpack/cjs/react-server-dom-webpack-client.browser.development.js:2213:7)
    at progress (webpack-internal:///(app-pages-browser)/./node_modules/next/dist/compiled/react-server-dom-webpack/cjs/react-server-dom-webpack-client.browser.development.js:2459:17) @ rsc://React/Server/webpack-internal:///(rsc)/./app/companies/%5Bslug%5D/page.tsx?8:52
[   56566ms] [WARNING] %c%s%c  background: #e6e6e6;background: light-dark(rgba(0,0,0,0.1), rgba(255,255,255,0.25));color: #000000;color: light-dark(#000000, #ffffff);border-radius: 2px  Server   Error: Route "/companies/[slug]" used `params.slug`. `params` should be awaited before using its properties. Learn more: https://nextjs.org/docs/messages/sync-dynamic-apis
    at eval (rsc://React/Server/webpack-internal:///(rsc)/./app/companies/%5Bslug%5D/page.tsx?31:29:113)
    at Module.generateMetadata (rsc://React/Server/webpack-internal:///(rsc)/./app/companies/%5Bslug%5D/page.tsx?32:29:85)
    at resolveErrorDev (webpack-internal:///(app-pages-browser)/./node_modules/next/dist/compiled/react-server-dom-webpack/cjs/react-server-dom-webpack-client.browser.development.js:1845:46)
    at getOutlinedModel (webpack-internal:///(app-pages-browser)/./node_modules/next/dist/compiled/react-server-dom-webpack/cjs/react-server-dom-webpack-client.browser.development.js:1329:22)
    at parseModelString (webpack-internal:///(app-pages-browser)/./node_modules/next/dist/compiled/react-server-dom-webpack/cjs/react-server-dom-webpack-client.browser.development.js:1469:15)
    at Array.eval (webpack-internal:///(app-pages-browser)/./node_modules/next/dist/compiled/react-server-dom-webpack/cjs/react-server-dom-webpack-client.browser.development.js:2274:18)
    at JSON.parse (<anonymous>)
    at resolveConsoleEntry (webpack-internal:///(app-pages-browser)/./node_modules/next/dist/compiled/react-server-dom-webpack/cjs/react-server-dom-webpack-client.browser.development.js:2109:28)
    at processFullStringRow (webpack-internal:///(app-pages-browser)/./node_modules/next/dist/compiled/react-server-dom-webpack/cjs/react-server-dom-webpack-client.browser.development.js:2250:11)
    at processFullBinaryRow (webpack-internal:///(app-pages-browser)/./node_modules/next/dist/compiled/react-server-dom-webpack/cjs/react-server-dom-webpack-client.browser.development.js:2213:7)
    at progress (webpack-internal:///(app-pages-browser)/./node_modules/next/dist/compiled/react-server-dom-webpack/cjs/react-server-dom-webpack-client.browser.development.js:2459:17) @ rsc://React/Server/webpack-internal:///(rsc)/./app/companies/%5Bslug%5D/page.tsx?31:28
[   57001ms] [WARNING] %c%s%c  background: #e6e6e6;background: light-dark(rgba(0,0,0,0.1), rgba(255,255,255,0.25));color: #000000;color: light-dark(#000000, #ffffff);border-radius: 2px  Server   Error: Route "/companies/[slug]" used `params.slug`. `params` should be awaited before using its properties. Learn more: https://nextjs.org/docs/messages/sync-dynamic-apis
    at eval (rsc://React/Server/webpack-internal:///(rsc)/./app/companies/%5Bslug%5D/page.tsx?8:53:113)
    at CompanyPage (rsc://React/Server/webpack-internal:///(rsc)/./app/companies/%5Bslug%5D/page.tsx?9:53:85)
    at resolveErrorDev (webpack-internal:///(app-pages-browser)/./node_modules/next/dist/compiled/react-server-dom-webpack/cjs/react-server-dom-webpack-client.browser.development.js:1845:46)
    at getOutlinedModel (webpack-internal:///(app-pages-browser)/./node_modules/next/dist/compiled/react-server-dom-webpack/cjs/react-server-dom-webpack-client.browser.development.js:1329:22)
    at parseModelString (webpack-internal:///(app-pages-browser)/./node_modules/next/dist/compiled/react-server-dom-webpack/cjs/react-server-dom-webpack-client.browser.development.js:1469:15)
    at Array.eval (webpack-internal:///(app-pages-browser)/./node_modules/next/dist/compiled/react-server-dom-webpack/cjs/react-server-dom-webpack-client.browser.development.js:2274:18)
    at JSON.parse (<anonymous>)
    at resolveConsoleEntry (webpack-internal:///(app-pages-browser)/./node_modules/next/dist/compiled/react-server-dom-webpack/cjs/react-server-dom-webpack-client.browser.development.js:2109:28)
    at processFullStringRow (webpack-internal:///(app-pages-browser)/./node_modules/next/dist/compiled/react-server-dom-webpack/cjs/react-server-dom-webpack-client.browser.development.js:2250:11)
    at processFullBinaryRow (webpack-internal:///(app-pages-browser)/./node_modules/next/dist/compiled/react-server-dom-webpack/cjs/react-server-dom-webpack-client.browser.development.js:2213:7)
    at progress (webpack-internal:///(app-pages-browser)/./node_modules/next/dist/compiled/react-server-dom-webpack/cjs/react-server-dom-webpack-client.browser.development.js:2459:17) @ rsc://React/Server/webpack-internal:///(rsc)/./app/companies/%5Bslug%5D/page.tsx?8:52
[   57005ms] [WARNING] %c%s%c  background: #e6e6e6;background: light-dark(rgba(0,0,0,0.1), rgba(255,255,255,0.25));color: #000000;color: light-dark(#000000, #ffffff);border-radius: 2px  Server   Error: Route "/companies/[slug]" used `params.slug`. `params` should be awaited before using its properties. Learn more: https://nextjs.org/docs/messages/sync-dynamic-apis
    at eval (rsc://React/Server/webpack-internal:///(rsc)/./app/companies/%5Bslug%5D/page.tsx?31:29:113)
    at Module.generateMetadata (rsc://React/Server/webpack-internal:///(rsc)/./app/companies/%5Bslug%5D/page.tsx?32:29:85)
    at resolveErrorDev (webpack-internal:///(app-pages-browser)/./node_modules/next/dist/compiled/react-server-dom-webpack/cjs/react-server-dom-webpack-client.browser.development.js:1845:46)
    at getOutlinedModel (webpack-internal:///(app-pages-browser)/./node_modules/next/dist/compiled/react-server-dom-webpack/cjs/react-server-dom-webpack-client.browser.development.js:1329:22)
    at parseModelString (webpack-internal:///(app-pages-browser)/./node_modules/next/dist/compiled/react-server-dom-webpack/cjs/react-server-dom-webpack-client.browser.development.js:1469:15)
    at Array.eval (webpack-internal:///(app-pages-browser)/./node_modules/next/dist/compiled/react-server-dom-webpack/cjs/react-server-dom-webpack-client.browser.development.js:2274:18)
    at JSON.parse (<anonymous>)
    at resolveConsoleEntry (webpack-internal:///(app-pages-browser)/./node_modules/next/dist/compiled/react-server-dom-webpack/cjs/react-server-dom-webpack-client.browser.development.js:2109:28)
    at processFullStringRow (webpack-internal:///(app-pages-browser)/./node_modules/next/dist/compiled/react-server-dom-webpack/cjs/react-server-dom-webpack-client.browser.development.js:2250:11)
    at processFullBinaryRow (webpack-internal:///(app-pages-browser)/./node_modules/next/dist/compiled/react-server-dom-webpack/cjs/react-server-dom-webpack-client.browser.development.js:2213:7)
    at progress (webpack-internal:///(app-pages-browser)/./node_modules/next/dist/compiled/react-server-dom-webpack/cjs/react-server-dom-webpack-client.browser.development.js:2459:17) @ rsc://React/Server/webpack-internal:///(rsc)/./app/companies/%5Bslug%5D/page.tsx?31:28
[   57336ms] [WARNING] %c%s%c  background: #e6e6e6;background: light-dark(rgba(0,0,0,0.1), rgba(255,255,255,0.25));color: #000000;color: light-dark(#000000, #ffffff);border-radius: 2px  Server   Error: Route "/companies/[slug]" used `params.slug`. `params` should be awaited before using its properties. Learn more: https://nextjs.org/docs/messages/sync-dynamic-apis
    at eval (rsc://React/Server/webpack-internal:///(rsc)/./app/companies/%5Bslug%5D/page.tsx?8:53:113)
    at CompanyPage (rsc://React/Server/webpack-internal:///(rsc)/./app/companies/%5Bslug%5D/page.tsx?9:53:85)
    at resolveErrorDev (webpack-internal:///(app-pages-browser)/./node_modules/next/dist/compiled/react-server-dom-webpack/cjs/react-server-dom-webpack-client.browser.development.js:1845:46)
    at getOutlinedModel (webpack-internal:///(app-pages-browser)/./node_modules/next/dist/compiled/react-server-dom-webpack/cjs/react-server-dom-webpack-client.browser.development.js:1329:22)
    at parseModelString (webpack-internal:///(app-pages-browser)/./node_modules/next/dist/compiled/react-server-dom-webpack/cjs/react-server-dom-webpack-client.browser.development.js:1469:15)
    at Array.eval (webpack-internal:///(app-pages-browser)/./node_modules/next/dist/compiled/react-server-dom-webpack/cjs/react-server-dom-webpack-client.browser.development.js:2274:18)
    at JSON.parse (<anonymous>)
    at resolveConsoleEntry (webpack-internal:///(app-pages-browser)/./node_modules/next/dist/compiled/react-server-dom-webpack/cjs/react-server-dom-webpack-client.browser.development.js:2109:28)
    at processFullStringRow (webpack-internal:///(app-pages-browser)/./node_modules/next/dist/compiled/react-server-dom-webpack/cjs/react-server-dom-webpack-client.browser.development.js:2250:11)
    at processFullBinaryRow (webpack-internal:///(app-pages-browser)/./node_modules/next/dist/compiled/react-server-dom-webpack/cjs/react-server-dom-webpack-client.browser.development.js:2213:7)
    at progress (webpack-internal:///(app-pages-browser)/./node_modules/next/dist/compiled/react-server-dom-webpack/cjs/react-server-dom-webpack-client.browser.development.js:2459:17) @ rsc://React/Server/webpack-internal:///(rsc)/./app/companies/%5Bslug%5D/page.tsx?8:52
[   57339ms] [WARNING] %c%s%c  background: #e6e6e6;background: light-dark(rgba(0,0,0,0.1), rgba(255,255,255,0.25));color: #000000;color: light-dark(#000000, #ffffff);border-radius: 2px  Server   Error: Route "/companies/[slug]" used `params.slug`. `params` should be awaited before using its properties. Learn more: https://nextjs.org/docs/messages/sync-dynamic-apis
    at eval (rsc://React/Server/webpack-internal:///(rsc)/./app/companies/%5Bslug%5D/page.tsx?31:29:113)
    at Module.generateMetadata (rsc://React/Server/webpack-internal:///(rsc)/./app/companies/%5Bslug%5D/page.tsx?32:29:85)
    at resolveErrorDev (webpack-internal:///(app-pages-browser)/./node_modules/next/dist/compiled/react-server-dom-webpack/cjs/react-server-dom-webpack-client.browser.development.js:1845:46)
    at getOutlinedModel (webpack-internal:///(app-pages-browser)/./node_modules/next/dist/compiled/react-server-dom-webpack/cjs/react-server-dom-webpack-client.browser.development.js:1329:22)
    at parseModelString (webpack-internal:///(app-pages-browser)/./node_modules/next/dist/compiled/react-server-dom-webpack/cjs/react-server-dom-webpack-client.browser.development.js:1469:15)
    at Array.eval (webpack-internal:///(app-pages-browser)/./node_modules/next/dist/compiled/react-server-dom-webpack/cjs/react-server-dom-webpack-client.browser.development.js:2274:18)
    at JSON.parse (<anonymous>)
    at resolveConsoleEntry (webpack-internal:///(app-pages-browser)/./node_modules/next/dist/compiled/react-server-dom-webpack/cjs/react-server-dom-webpack-client.browser.development.js:2109:28)
    at processFullStringRow (webpack-internal:///(app-pages-browser)/./node_modules/next/dist/compiled/react-server-dom-webpack/cjs/react-server-dom-webpack-client.browser.development.js:2250:11)
    at processFullBinaryRow (webpack-internal:///(app-pages-browser)/./node_modules/next/dist/compiled/react-server-dom-webpack/cjs/react-server-dom-webpack-client.browser.development.js:2213:7)
    at progress (webpack-internal:///(app-pages-browser)/./node_modules/next/dist/compiled/react-server-dom-webpack/cjs/react-server-dom-webpack-client.browser.development.js:2459:17) @ rsc://React/Server/webpack-internal:///(rsc)/./app/companies/%5Bslug%5D/page.tsx?31:28
[   57748ms] [WARNING] %c%s%c  background: #e6e6e6;background: light-dark(rgba(0,0,0,0.1), rgba(255,255,255,0.25));color: #000000;color: light-dark(#000000, #ffffff);border-radius: 2px  Server   Error: Route "/companies/[slug]" used `params.slug`. `params` should be awaited before using its properties. Learn more: https://nextjs.org/docs/messages/sync-dynamic-apis
    at eval (rsc://React/Server/webpack-internal:///(rsc)/./app/companies/%5Bslug%5D/page.tsx?8:53:113)
    at CompanyPage (rsc://React/Server/webpack-internal:///(rsc)/./app/companies/%5Bslug%5D/page.tsx?9:53:85)
    at resolveErrorDev (webpack-internal:///(app-pages-browser)/./node_modules/next/dist/compiled/react-server-dom-webpack/cjs/react-server-dom-webpack-client.browser.development.js:1845:46)
    at getOutlinedModel (webpack-internal:///(app-pages-browser)/./node_modules/next/dist/compiled/react-server-dom-webpack/cjs/react-server-dom-webpack-client.browser.development.js:1329:22)
    at parseModelString (webpack-internal:///(app-pages-browser)/./node_modules/next/dist/compiled/react-server-dom-webpack/cjs/react-server-dom-webpack-client.browser.development.js:1469:15)
    at Array.eval (webpack-internal:///(app-pages-browser)/./node_modules/next/dist/compiled/react-server-dom-webpack/cjs/react-server-dom-webpack-client.browser.development.js:2274:18)
    at JSON.parse (<anonymous>)
    at resolveConsoleEntry (webpack-internal:///(app-pages-browser)/./node_modules/next/dist/compiled/react-server-dom-webpack/cjs/react-server-dom-webpack-client.browser.development.js:2109:28)
    at processFullStringRow (webpack-internal:///(app-pages-browser)/./node_modules/next/dist/compiled/react-server-dom-webpack/cjs/react-server-dom-webpack-client.browser.development.js:2250:11)
    at processFullBinaryRow (webpack-internal:///(app-pages-browser)/./node_modules/next/dist/compiled/react-server-dom-webpack/cjs/react-server-dom-webpack-client.browser.development.js:2213:7)
    at progress (webpack-internal:///(app-pages-browser)/./node_modules/next/dist/compiled/react-server-dom-webpack/cjs/react-server-dom-webpack-client.browser.development.js:2459:17) @ rsc://React/Server/webpack-internal:///(rsc)/./app/companies/%5Bslug%5D/page.tsx?8:52
[   57751ms] [WARNING] %c%s%c  background: #e6e6e6;background: light-dark(rgba(0,0,0,0.1), rgba(255,255,255,0.25));color: #000000;color: light-dark(#000000, #ffffff);border-radius: 2px  Server   Error: Route "/companies/[slug]" used `params.slug`. `params` should be awaited before using its properties. Learn more: https://nextjs.org/docs/messages/sync-dynamic-apis
    at eval (rsc://React/Server/webpack-internal:///(rsc)/./app/companies/%5Bslug%5D/page.tsx?31:29:113)
    at Module.generateMetadata (rsc://React/Server/webpack-internal:///(rsc)/./app/companies/%5Bslug%5D/page.tsx?32:29:85)
    at resolveErrorDev (webpack-internal:///(app-pages-browser)/./node_modules/next/dist/compiled/react-server-dom-webpack/cjs/react-server-dom-webpack-client.browser.development.js:1845:46)
    at getOutlinedModel (webpack-internal:///(app-pages-browser)/./node_modules/next/dist/compiled/react-server-dom-webpack/cjs/react-server-dom-webpack-client.browser.development.js:1329:22)
    at parseModelString (webpack-internal:///(app-pages-browser)/./node_modules/next/dist/compiled/react-server-dom-webpack/cjs/react-server-dom-webpack-client.browser.development.js:1469:15)
    at Array.eval (webpack-internal:///(app-pages-browser)/./node_modules/next/dist/compiled/react-server-dom-webpack/cjs/react-server-dom-webpack-client.browser.development.js:2274:18)
    at JSON.parse (<anonymous>)
    at resolveConsoleEntry (webpack-internal:///(app-pages-browser)/./node_modules/next/dist/compiled/react-server-dom-webpack/cjs/react-server-dom-webpack-client.browser.development.js:2109:28)
    at processFullStringRow (webpack-internal:///(app-pages-browser)/./node_modules/next/dist/compiled/react-server-dom-webpack/cjs/react-server-dom-webpack-client.browser.development.js:2250:11)
    at processFullBinaryRow (webpack-internal:///(app-pages-browser)/./node_modules/next/dist/compiled/react-server-dom-webpack/cjs/react-server-dom-webpack-client.browser.development.js:2213:7)
    at progress (webpack-internal:///(app-pages-browser)/./node_modules/next/dist/compiled/react-server-dom-webpack/cjs/react-server-dom-webpack-client.browser.development.js:2459:17) @ rsc://React/Server/webpack-internal:///(rsc)/./app/companies/%5Bslug%5D/page.tsx?31:28
[   58106ms] [WARNING] %c%s%c  background: #e6e6e6;background: light-dark(rgba(0,0,0,0.1), rgba(255,255,255,0.25));color: #000000;color: light-dark(#000000, #ffffff);border-radius: 2px  Server   Error: Route "/companies/[slug]" used `params.slug`. `params` should be awaited before using its properties. Learn more: https://nextjs.org/docs/messages/sync-dynamic-apis
    at eval (rsc://React/Server/webpack-internal:///(rsc)/./app/companies/%5Bslug%5D/page.tsx?8:53:113)
    at CompanyPage (rsc://React/Server/webpack-internal:///(rsc)/./app/companies/%5Bslug%5D/page.tsx?9:53:85)
    at resolveErrorDev (webpack-internal:///(app-pages-browser)/./node_modules/next/dist/compiled/react-server-dom-webpack/cjs/react-server-dom-webpack-client.browser.development.js:1845:46)
    at getOutlinedModel (webpack-internal:///(app-pages-browser)/./node_modules/next/dist/compiled/react-server-dom-webpack/cjs/react-server-dom-webpack-client.browser.development.js:1329:22)
    at parseModelString (webpack-internal:///(app-pages-browser)/./node_modules/next/dist/compiled/react-server-dom-webpack/cjs/react-server-dom-webpack-client.browser.development.js:1469:15)
    at Array.eval (webpack-internal:///(app-pages-browser)/./node_modules/next/dist/compiled/react-server-dom-webpack/cjs/react-server-dom-webpack-client.browser.development.js:2274:18)
    at JSON.parse (<anonymous>)
    at resolveConsoleEntry (webpack-internal:///(app-pages-browser)/./node_modules/next/dist/compiled/react-server-dom-webpack/cjs/react-server-dom-webpack-client.browser.development.js:2109:28)
    at processFullStringRow (webpack-internal:///(app-pages-browser)/./node_modules/next/dist/compiled/react-server-dom-webpack/cjs/react-server-dom-webpack-client.browser.development.js:2250:11)
    at processFullBinaryRow (webpack-internal:///(app-pages-browser)/./node_modules/next/dist/compiled/react-server-dom-webpack/cjs/react-server-dom-webpack-client.browser.development.js:2213:7)
    at progress (webpack-internal:///(app-pages-browser)/./node_modules/next/dist/compiled/react-server-dom-webpack/cjs/react-server-dom-webpack-client.browser.development.js:2459:17) @ rsc://React/Server/webpack-internal:///(rsc)/./app/companies/%5Bslug%5D/page.tsx?8:52
[   58109ms] [WARNING] %c%s%c  background: #e6e6e6;background: light-dark(rgba(0,0,0,0.1), rgba(255,255,255,0.25));color: #000000;color: light-dark(#000000, #ffffff);border-radius: 2px  Server   Error: Route "/companies/[slug]" used `params.slug`. `params` should be awaited before using its properties. Learn more: https://nextjs.org/docs/messages/sync-dynamic-apis
    at eval (rsc://React/Server/webpack-internal:///(rsc)/./app/companies/%5Bslug%5D/page.tsx?31:29:113)
    at Module.generateMetadata (rsc://React/Server/webpack-internal:///(rsc)/./app/companies/%5Bslug%5D/page.tsx?32:29:85)
    at resolveErrorDev (webpack-internal:///(app-pages-browser)/./node_modules/next/dist/compiled/react-server-dom-webpack/cjs/react-server-dom-webpack-client.browser.development.js:1845:46)
    at getOutlinedModel (webpack-internal:///(app-pages-browser)/./node_modules/next/dist/compiled/react-server-dom-webpack/cjs/react-server-dom-webpack-client.browser.development.js:1329:22)
    at parseModelString (webpack-internal:///(app-pages-browser)/./node_modules/next/dist/compiled/react-server-dom-webpack/cjs/react-server-dom-webpack-client.browser.development.js:1469:15)
    at Array.eval (webpack-internal:///(app-pages-browser)/./node_modules/next/dist/compiled/react-server-dom-webpack/cjs/react-server-dom-webpack-client.browser.development.js:2274:18)
    at JSON.parse (<anonymous>)
    at resolveConsoleEntry (webpack-internal:///(app-pages-browser)/./node_modules/next/dist/compiled/react-server-dom-webpack/cjs/react-server-dom-webpack-client.browser.development.js:2109:28)
    at processFullStringRow (webpack-internal:///(app-pages-browser)/./node_modules/next/dist/compiled/react-server-dom-webpack/cjs/react-server-dom-webpack-client.browser.development.js:2250:11)
    at processFullBinaryRow (webpack-internal:///(app-pages-browser)/./node_modules/next/dist/compiled/react-server-dom-webpack/cjs/react-server-dom-webpack-client.browser.development.js:2213:7)
    at progress (webpack-internal:///(app-pages-browser)/./node_modules/next/dist/compiled/react-server-dom-webpack/cjs/react-server-dom-webpack-client.browser.development.js:2459:17) @ rsc://React/Server/webpack-internal:///(rsc)/./app/companies/%5Bslug%5D/page.tsx?31:28
[   58652ms] [WARNING] %c%s%c  background: #e6e6e6;background: light-dark(rgba(0,0,0,0.1), rgba(255,255,255,0.25));color: #000000;color: light-dark(#000000, #ffffff);border-radius: 2px  Server   Error: Route "/companies/[slug]" used `params.slug`. `params` should be awaited before using its properties. Learn more: https://nextjs.org/docs/messages/sync-dynamic-apis
    at eval (rsc://React/Server/webpack-internal:///(rsc)/./app/companies/%5Bslug%5D/page.tsx?8:53:113)
    at CompanyPage (rsc://React/Server/webpack-internal:///(rsc)/./app/companies/%5Bslug%5D/page.tsx?9:53:85)
    at resolveErrorDev (webpack-internal:///(app-pages-browser)/./node_modules/next/dist/compiled/react-server-dom-webpack/cjs/react-server-dom-webpack-client.browser.development.js:1845:46)
    at getOutlinedModel (webpack-internal:///(app-pages-browser)/./node_modules/next/dist/compiled/react-server-dom-webpack/cjs/react-server-dom-webpack-client.browser.development.js:1329:22)
    at parseModelString (webpack-internal:///(app-pages-browser)/./node_modules/next/dist/compiled/react-server-dom-webpack/cjs/react-server-dom-webpack-client.browser.development.js:1469:15)
    at Array.eval (webpack-internal:///(app-pages-browser)/./node_modules/next/dist/compiled/react-server-dom-webpack/cjs/react-server-dom-webpack-client.browser.development.js:2274:18)
    at JSON.parse (<anonymous>)
    at resolveConsoleEntry (webpack-internal:///(app-pages-browser)/./node_modules/next/dist/compiled/react-server-dom-webpack/cjs/react-server-dom-webpack-client.browser.development.js:2109:28)
    at processFullStringRow (webpack-internal:///(app-pages-browser)/./node_modules/next/dist/compiled/react-server-dom-webpack/cjs/react-server-dom-webpack-client.browser.development.js:2250:11)
    at processFullBinaryRow (webpack-internal:///(app-pages-browser)/./node_modules/next/dist/compiled/react-server-dom-webpack/cjs/react-server-dom-webpack-client.browser.development.js:2213:7)
    at progress (webpack-internal:///(app-pages-browser)/./node_modules/next/dist/compiled/react-server-dom-webpack/cjs/react-server-dom-webpack-client.browser.development.js:2459:17) @ rsc://React/Server/webpack-internal:///(rsc)/./app/companies/%5Bslug%5D/page.tsx?8:52
[   58695ms] [WARNING] %c%s%c  background: #e6e6e6;background: light-dark(rgba(0,0,0,0.1), rgba(255,255,255,0.25));color: #000000;color: light-dark(#000000, #ffffff);border-radius: 2px  Server   Error: Route "/companies/[slug]" used `params.slug`. `params` should be awaited before using its properties. Learn more: https://nextjs.org/docs/messages/sync-dynamic-apis
    at eval (rsc://React/Server/webpack-internal:///(rsc)/./app/companies/%5Bslug%5D/page.tsx?31:29:113)
    at Module.generateMetadata (rsc://React/Server/webpack-internal:///(rsc)/./app/companies/%5Bslug%5D/page.tsx?32:29:85)
    at resolveErrorDev (webpack-internal:///(app-pages-browser)/./node_modules/next/dist/compiled/react-server-dom-webpack/cjs/react-server-dom-webpack-client.browser.development.js:1845:46)
    at getOutlinedModel (webpack-internal:///(app-pages-browser)/./node_modules/next/dist/compiled/react-server-dom-webpack/cjs/react-server-dom-webpack-client.browser.development.js:1329:22)
    at parseModelString (webpack-internal:///(app-pages-browser)/./node_modules/next/dist/compiled/react-server-dom-webpack/cjs/react-server-dom-webpack-client.browser.development.js:1469:15)
    at Array.eval (webpack-internal:///(app-pages-browser)/./node_modules/next/dist/compiled/react-server-dom-webpack/cjs/react-server-dom-webpack-client.browser.development.js:2274:18)
    at JSON.parse (<anonymous>)
    at resolveConsoleEntry (webpack-internal:///(app-pages-browser)/./node_modules/next/dist/compiled/react-server-dom-webpack/cjs/react-server-dom-webpack-client.browser.development.js:2109:28)
    at processFullStringRow (webpack-internal:///(app-pages-browser)/./node_modules/next/dist/compiled/react-server-dom-webpack/cjs/react-server-dom-webpack-client.browser.development.js:2250:11)
    at processFullBinaryRow (webpack-internal:///(app-pages-browser)/./node_modules/next/dist/compiled/react-server-dom-webpack/cjs/react-server-dom-webpack-client.browser.development.js:2213:7)
    at progress (webpack-internal:///(app-pages-browser)/./node_modules/next/dist/compiled/react-server-dom-webpack/cjs/react-server-dom-webpack-client.browser.development.js:2459:17) @ rsc://React/Server/webpack-internal:///(rsc)/./app/companies/%5Bslug%5D/page.tsx?31:28
[   59362ms] [WARNING] %c%s%c  background: #e6e6e6;background: light-dark(rgba(0,0,0,0.1), rgba(255,255,255,0.25));color: #000000;color: light-dark(#000000, #ffffff);border-radius: 2px  Server   Error: Route "/companies/[slug]" used `params.slug`. `params` should be awaited before using its properties. Learn more: https://nextjs.org/docs/messages/sync-dynamic-apis
    at eval (rsc://React/Server/webpack-internal:///(rsc)/./app/companies/%5Bslug%5D/page.tsx?8:53:113)
    at CompanyPage (rsc://React/Server/webpack-internal:///(rsc)/./app/companies/%5Bslug%5D/page.tsx?9:53:85)
    at resolveErrorDev (webpack-internal:///(app-pages-browser)/./node_modules/next/dist/compiled/react-server-dom-webpack/cjs/react-server-dom-webpack-client.browser.development.js:1845:46)
    at getOutlinedModel (webpack-internal:///(app-pages-browser)/./node_modules/next/dist/compiled/react-server-dom-webpack/cjs/react-server-dom-webpack-client.browser.development.js:1329:22)
    at parseModelString (webpack-internal:///(app-pages-browser)/./node_modules/next/dist/compiled/react-server-dom-webpack/cjs/react-server-dom-webpack-client.browser.development.js:1469:15)
    at Array.eval (webpack-internal:///(app-pages-browser)/./node_modules/next/dist/compiled/react-server-dom-webpack/cjs/react-server-dom-webpack-client.browser.development.js:2274:18)
    at JSON.parse (<anonymous>)
    at resolveConsoleEntry (webpack-internal:///(app-pages-browser)/./node_modules/next/dist/compiled/react-server-dom-webpack/cjs/react-server-dom-webpack-client.browser.development.js:2109:28)
    at processFullStringRow (webpack-internal:///(app-pages-browser)/./node_modules/next/dist/compiled/react-server-dom-webpack/cjs/react-server-dom-webpack-client.browser.development.js:2250:11)
    at processFullBinaryRow (webpack-internal:///(app-pages-browser)/./node_modules/next/dist/compiled/react-server-dom-webpack/cjs/react-server-dom-webpack-client.browser.development.js:2213:7)
    at progress (webpack-internal:///(app-pages-browser)/./node_modules/next/dist/compiled/react-server-dom-webpack/cjs/react-server-dom-webpack-client.browser.development.js:2459:17) @ rsc://React/Server/webpack-internal:///(rsc)/./app/companies/%5Bslug%5D/page.tsx?8:52
[   59366ms] [WARNING] %c%s%c  background: #e6e6e6;background: light-dark(rgba(0,0,0,0.1), rgba(255,255,255,0.25));color: #000000;color: light-dark(#000000, #ffffff);border-radius: 2px  Server   Error: Route "/companies/[slug]" used `params.slug`. `params` should be awaited before using its properties. Learn more: https://nextjs.org/docs/messages/sync-dynamic-apis
    at eval (rsc://React/Server/webpack-internal:///(rsc)/./app/companies/%5Bslug%5D/page.tsx?31:29:113)
    at Module.generateMetadata (rsc://React/Server/webpack-internal:///(rsc)/./app/companies/%5Bslug%5D/page.tsx?32:29:85)
    at resolveErrorDev (webpack-internal:///(app-pages-browser)/./node_modules/next/dist/compiled/react-server-dom-webpack/cjs/react-server-dom-webpack-client.browser.development.js:1845:46)
    at getOutlinedModel (webpack-internal:///(app-pages-browser)/./node_modules/next/dist/compiled/react-server-dom-webpack/cjs/react-server-dom-webpack-client.browser.development.js:1329:22)
    at parseModelString (webpack-internal:///(app-pages-browser)/./node_modules/next/dist/compiled/react-server-dom-webpack/cjs/react-server-dom-webpack-client.browser.development.js:1469:15)
    at Array.eval (webpack-internal:///(app-pages-browser)/./node_modules/next/dist/compiled/react-server-dom-webpack/cjs/react-server-dom-webpack-client.browser.development.js:2274:18)
    at JSON.parse (<anonymous>)
    at resolveConsoleEntry (webpack-internal:///(app-pages-browser)/./node_modules/next/dist/compiled/react-server-dom-webpack/cjs/react-server-dom-webpack-client.browser.development.js:2109:28)
    at processFullStringRow (webpack-internal:///(app-pages-browser)/./node_modules/next/dist/compiled/react-server-dom-webpack/cjs/react-server-dom-webpack-client.browser.development.js:2250:11)
    at processFullBinaryRow (webpack-internal:///(app-pages-browser)/./node_modules/next/dist/compiled/react-server-dom-webpack/cjs/react-server-dom-webpack-client.browser.development.js:2213:7)
    at progress (webpack-internal:///(app-pages-browser)/./node_modules/next/dist/compiled/react-server-dom-webpack/cjs/react-server-dom-webpack-client.browser.development.js:2459:17) @ rsc://React/Server/webpack-internal:///(rsc)/./app/companies/%5Bslug%5D/page.tsx?31:28
[   59849ms] [WARNING] %c%s%c  background: #e6e6e6;background: light-dark(rgba(0,0,0,0.1), rgba(255,255,255,0.25));color: #000000;color: light-dark(#000000, #ffffff);border-radius: 2px  Server   Error: Route "/companies/[slug]" used `params.slug`. `params` should be awaited before using its properties. Learn more: https://nextjs.org/docs/messages/sync-dynamic-apis
    at eval (rsc://React/Server/webpack-internal:///(rsc)/./app/companies/%5Bslug%5D/page.tsx?8:53:113)
    at CompanyPage (rsc://React/Server/webpack-internal:///(rsc)/./app/companies/%5Bslug%5D/page.tsx?9:53:85)
    at resolveErrorDev (webpack-internal:///(app-pages-browser)/./node_modules/next/dist/compiled/react-server-dom-webpack/cjs/react-server-dom-webpack-client.browser.development.js:1845:46)
    at getOutlinedModel (webpack-internal:///(app-pages-browser)/./node_modules/next/dist/compiled/react-server-dom-webpack/cjs/react-server-dom-webpack-client.browser.development.js:1329:22)
    at parseModelString (webpack-internal:///(app-pages-browser)/./node_modules/next/dist/compiled/react-server-dom-webpack/cjs/react-server-dom-webpack-client.browser.development.js:1469:15)
    at Array.eval (webpack-internal:///(app-pages-browser)/./node_modules/next/dist/compiled/react-server-dom-webpack/cjs/react-server-dom-webpack-client.browser.development.js:2274:18)
    at JSON.parse (<anonymous>)
    at resolveConsoleEntry (webpack-internal:///(app-pages-browser)/./node_modules/next/dist/compiled/react-server-dom-webpack/cjs/react-server-dom-webpack-client.browser.development.js:2109:28)
    at processFullStringRow (webpack-internal:///(app-pages-browser)/./node_modules/next/dist/compiled/react-server-dom-webpack/cjs/react-server-dom-webpack-client.browser.development.js:2250:11)
    at processFullBinaryRow (webpack-internal:///(app-pages-browser)/./node_modules/next/dist/compiled/react-server-dom-webpack/cjs/react-server-dom-webpack-client.browser.development.js:2213:7)
    at progress (webpack-internal:///(app-pages-browser)/./node_modules/next/dist/compiled/react-server-dom-webpack/cjs/react-server-dom-webpack-client.browser.development.js:2459:17) @ rsc://React/Server/webpack-internal:///(rsc)/./app/companies/%5Bslug%5D/page.tsx?8:52
[   59852ms] [WARNING] %c%s%c  background: #e6e6e6;background: light-dark(rgba(0,0,0,0.1), rgba(255,255,255,0.25));color: #000000;color: light-dark(#000000, #ffffff);border-radius: 2px  Server   Error: Route "/companies/[slug]" used `params.slug`. `params` should be awaited before using its properties. Learn more: https://nextjs.org/docs/messages/sync-dynamic-apis
    at eval (rsc://React/Server/webpack-internal:///(rsc)/./app/companies/%5Bslug%5D/page.tsx?31:29:113)
    at Module.generateMetadata (rsc://React/Server/webpack-internal:///(rsc)/./app/companies/%5Bslug%5D/page.tsx?32:29:85)
    at resolveErrorDev (webpack-internal:///(app-pages-browser)/./node_modules/next/dist/compiled/react-server-dom-webpack/cjs/react-server-dom-webpack-client.browser.development.js:1845:46)
    at getOutlinedModel (webpack-internal:///(app-pages-browser)/./node_modules/next/dist/compiled/react-server-dom-webpack/cjs/react-server-dom-webpack-client.browser.development.js:1329:22)
    at parseModelString (webpack-internal:///(app-pages-browser)/./node_modules/next/dist/compiled/react-server-dom-webpack/cjs/react-server-dom-webpack-client.browser.development.js:1469:15)
    at Array.eval (webpack-internal:///(app-pages-browser)/./node_modules/next/dist/compiled/react-server-dom-webpack/cjs/react-server-dom-webpack-client.browser.development.js:2274:18)
    at JSON.parse (<anonymous>)
    at resolveConsoleEntry (webpack-internal:///(app-pages-browser)/./node_modules/next/dist/compiled/react-server-dom-webpack/cjs/react-server-dom-webpack-client.browser.development.js:2109:28)
    at processFullStringRow (webpack-internal:///(app-pages-browser)/./node_modules/next/dist/compiled/react-server-dom-webpack/cjs/react-server-dom-webpack-client.browser.development.js:2250:11)
    at processFullBinaryRow (webpack-internal:///(app-pages-browser)/./node_modules/next/dist/compiled/react-server-dom-webpack/cjs/react-server-dom-webpack-client.browser.development.js:2213:7)
    at progress (webpack-internal:///(app-pages-browser)/./node_modules/next/dist/compiled/react-server-dom-webpack/cjs/react-server-dom-webpack-client.browser.development.js:2459:17) @ rsc://React/Server/webpack-internal:///(rsc)/./app/companies/%5Bslug%5D/page.tsx?31:28
[   60293ms] [WARNING] %c%s%c  background: #e6e6e6;background: light-dark(rgba(0,0,0,0.1), rgba(255,255,255,0.25));color: #000000;color: light-dark(#000000, #ffffff);border-radius: 2px  Server   Error: Route "/companies/[slug]" used `params.slug`. `params` should be awaited before using its properties. Learn more: https://nextjs.org/docs/messages/sync-dynamic-apis
    at eval (rsc://React/Server/webpack-internal:///(rsc)/./app/companies/%5Bslug%5D/page.tsx?8:53:113)
    at CompanyPage (rsc://React/Server/webpack-internal:///(rsc)/./app/companies/%5Bslug%5D/page.tsx?9:53:85)
    at resolveErrorDev (webpack-internal:///(app-pages-browser)/./node_modules/next/dist/compiled/react-server-dom-webpack/cjs/react-server-dom-webpack-client.browser.development.js:1845:46)
    at getOutlinedModel (webpack-internal:///(app-pages-browser)/./node_modules/next/dist/compiled/react-server-dom-webpack/cjs/react-server-dom-webpack-client.browser.development.js:1329:22)
    at parseModelString (webpack-internal:///(app-pages-browser)/./node_modules/next/dist/compiled/react-server-dom-webpack/cjs/react-server-dom-webpack-client.browser.development.js:1469:15)
    at Array.eval (webpack-internal:///(app-pages-browser)/./node_modules/next/dist/compiled/react-server-dom-webpack/cjs/react-server-dom-webpack-client.browser.development.js:2274:18)
    at JSON.parse (<anonymous>)
    at resolveConsoleEntry (webpack-internal:///(app-pages-browser)/./node_modules/next/dist/compiled/react-server-dom-webpack/cjs/react-server-dom-webpack-client.browser.development.js:2109:28)
    at processFullStringRow (webpack-internal:///(app-pages-browser)/./node_modules/next/dist/compiled/react-server-dom-webpack/cjs/react-server-dom-webpack-client.browser.development.js:2250:11)
    at processFullBinaryRow (webpack-internal:///(app-pages-browser)/./node_modules/next/dist/compiled/react-server-dom-webpack/cjs/react-server-dom-webpack-client.browser.development.js:2213:7)
    at progress (webpack-internal:///(app-pages-browser)/./node_modules/next/dist/compiled/react-server-dom-webpack/cjs/react-server-dom-webpack-client.browser.development.js:2459:17) @ rsc://React/Server/webpack-internal:///(rsc)/./app/companies/%5Bslug%5D/page.tsx?8:52
[   60297ms] [WARNING] %c%s%c  background: #e6e6e6;background: light-dark(rgba(0,0,0,0.1), rgba(255,255,255,0.25));color: #000000;color: light-dark(#000000, #ffffff);border-radius: 2px  Server   Error: Route "/companies/[slug]" used `params.slug`. `params` should be awaited before using its properties. Learn more: https://nextjs.org/docs/messages/sync-dynamic-apis
    at eval (rsc://React/Server/webpack-internal:///(rsc)/./app/companies/%5Bslug%5D/page.tsx?31:29:113)
    at Module.generateMetadata (rsc://React/Server/webpack-internal:///(rsc)/./app/companies/%5Bslug%5D/page.tsx?32:29:85)
    at resolveErrorDev (webpack-internal:///(app-pages-browser)/./node_modules/next/dist/compiled/react-server-dom-webpack/cjs/react-server-dom-webpack-client.browser.development.js:1845:46)
    at getOutlinedModel (webpack-internal:///(app-pages-browser)/./node_modules/next/dist/compiled/react-server-dom-webpack/cjs/react-server-dom-webpack-client.browser.development.js:1329:22)
    at parseModelString (webpack-internal:///(app-pages-browser)/./node_modules/next/dist/compiled/react-server-dom-webpack/cjs/react-server-dom-webpack-client.browser.development.js:1469:15)
    at Array.eval (webpack-internal:///(app-pages-browser)/./node_modules/next/dist/compiled/react-server-dom-webpack/cjs/react-server-dom-webpack-client.browser.development.js:2274:18)
    at JSON.parse (<anonymous>)
    at resolveConsoleEntry (webpack-internal:///(app-pages-browser)/./node_modules/next/dist/compiled/react-server-dom-webpack/cjs/react-server-dom-webpack-client.browser.development.js:2109:28)
    at processFullStringRow (webpack-internal:///(app-pages-browser)/./node_modules/next/dist/compiled/react-server-dom-webpack/cjs/react-server-dom-webpack-client.browser.development.js:2250:11)
    at processFullBinaryRow (webpack-internal:///(app-pages-browser)/./node_modules/next/dist/compiled/react-server-dom-webpack/cjs/react-server-dom-webpack-client.browser.development.js:2213:7)
    at progress (webpack-internal:///(app-pages-browser)/./node_modules/next/dist/compiled/react-server-dom-webpack/cjs/react-server-dom-webpack-client.browser.development.js:2459:17) @ rsc://React/Server/webpack-internal:///(rsc)/./app/companies/%5Bslug%5D/page.tsx?31:28
[   60661ms] [WARNING] %c%s%c  background: #e6e6e6;background: light-dark(rgba(0,0,0,0.1), rgba(255,255,255,0.25));color: #000000;color: light-dark(#000000, #ffffff);border-radius: 2px  Server   Error: Route "/companies/[slug]" used `params.slug`. `params` should be awaited before using its properties. Learn more: https://nextjs.org/docs/messages/sync-dynamic-apis
    at eval (rsc://React/Server/webpack-internal:///(rsc)/./app/companies/%5Bslug%5D/page.tsx?8:53:113)
    at CompanyPage (rsc://React/Server/webpack-internal:///(rsc)/./app/companies/%5Bslug%5D/page.tsx?9:53:85)
    at resolveErrorDev (webpack-internal:///(app-pages-browser)/./node_modules/next/dist/compiled/react-server-dom-webpack/cjs/react-server-dom-webpack-client.browser.development.js:1845:46)
    at getOutlinedModel (webpack-internal:///(app-pages-browser)/./node_modules/next/dist/compiled/react-server-dom-webpack/cjs/react-server-dom-webpack-client.browser.development.js:1329:22)
    at parseModelString (webpack-internal:///(app-pages-browser)/./node_modules/next/dist/compiled/react-server-dom-webpack/cjs/react-server-dom-webpack-client.browser.development.js:1469:15)
    at Array.eval (webpack-internal:///(app-pages-browser)/./node_modules/next/dist/compiled/react-server-dom-webpack/cjs/react-server-dom-webpack-client.browser.development.js:2274:18)
    at JSON.parse (<anonymous>)
    at resolveConsoleEntry (webpack-internal:///(app-pages-browser)/./node_modules/next/dist/compiled/react-server-dom-webpack/cjs/react-server-dom-webpack-client.browser.development.js:2109:28)
    at processFullStringRow (webpack-internal:///(app-pages-browser)/./node_modules/next/dist/compiled/react-server-dom-webpack/cjs/react-server-dom-webpack-client.browser.development.js:2250:11)
    at processFullBinaryRow (webpack-internal:///(app-pages-browser)/./node_modules/next/dist/compiled/react-server-dom-webpack/cjs/react-server-dom-webpack-client.browser.development.js:2213:7)
    at progress (webpack-internal:///(app-pages-browser)/./node_modules/next/dist/compiled/react-server-dom-webpack/cjs/react-server-dom-webpack-client.browser.development.js:2459:17) @ rsc://React/Server/webpack-internal:///(rsc)/./app/companies/%5Bslug%5D/page.tsx?8:52
[   60662ms] [WARNING] %c%s%c  background: #e6e6e6;background: light-dark(rgba(0,0,0,0.1), rgba(255,255,255,0.25));color: #000000;color: light-dark(#000000, #ffffff);border-radius: 2px  Server   Error: Route "/companies/[slug]" used `params.slug`. `params` should be awaited before using its properties. Learn more: https://nextjs.org/docs/messages/sync-dynamic-apis
    at eval (rsc://React/Server/webpack-internal:///(rsc)/./app/companies/%5Bslug%5D/page.tsx?31:29:113)
    at Module.generateMetadata (rsc://React/Server/webpack-internal:///(rsc)/./app/companies/%5Bslug%5D/page.tsx?32:29:85)
    at resolveErrorDev (webpack-internal:///(app-pages-browser)/./node_modules/next/dist/compiled/react-server-dom-webpack/cjs/react-server-dom-webpack-client.browser.development.js:1845:46)
    at getOutlinedModel (webpack-internal:///(app-pages-browser)/./node_modules/next/dist/compiled/react-server-dom-webpack/cjs/react-server-dom-webpack-client.browser.development.js:1329:22)
    at parseModelString (webpack-internal:///(app-pages-browser)/./node_modules/next/dist/compiled/react-server-dom-webpack/cjs/react-server-dom-webpack-client.browser.development.js:1469:15)
    at Array.eval (webpack-internal:///(app-pages-browser)/./node_modules/next/dist/compiled/react-server-dom-webpack/cjs/react-server-dom-webpack-client.browser.development.js:2274:18)
    at JSON.parse (<anonymous>)
    at resolveConsoleEntry (webpack-internal:///(app-pages-browser)/./node_modules/next/dist/compiled/react-server-dom-webpack/cjs/react-server-dom-webpack-client.browser.development.js:2109:28)
    at processFullStringRow (webpack-internal:///(app-pages-browser)/./node_modules/next/dist/compiled/react-server-dom-webpack/cjs/react-server-dom-webpack-client.browser.development.js:2250:11)
    at processFullBinaryRow (webpack-internal:///(app-pages-browser)/./node_modules/next/dist/compiled/react-server-dom-webpack/cjs/react-server-dom-webpack-client.browser.development.js:2213:7)
    at progress (webpack-internal:///(app-pages-browser)/./node_modules/next/dist/compiled/react-server-dom-webpack/cjs/react-server-dom-webpack-client.browser.development.js:2459:17) @ rsc://React/Server/webpack-internal:///(rsc)/./app/companies/%5Bslug%5D/page.tsx?31:28
[   61102ms] [WARNING] %c%s%c  background: #e6e6e6;background: light-dark(rgba(0,0,0,0.1), rgba(255,255,255,0.25));color: #000000;color: light-dark(#000000, #ffffff);border-radius: 2px  Server   Error: Route "/companies/[slug]" used `params.slug`. `params` should be awaited before using its properties. Learn more: https://nextjs.org/docs/messages/sync-dynamic-apis
    at eval (rsc://React/Server/webpack-internal:///(rsc)/./app/companies/%5Bslug%5D/page.tsx?8:53:113)
    at CompanyPage (rsc://React/Server/webpack-internal:///(rsc)/./app/companies/%5Bslug%5D/page.tsx?9:53:85)
    at resolveErrorDev (webpack-internal:///(app-pages-browser)/./node_modules/next/dist/compiled/react-server-dom-webpack/cjs/react-server-dom-webpack-client.browser.development.js:1845:46)
    at getOutlinedModel (webpack-internal:///(app-pages-browser)/./node_modules/next/dist/compiled/react-server-dom-webpack/cjs/react-server-dom-webpack-client.browser.development.js:1329:22)
    at parseModelString (webpack-internal:///(app-pages-browser)/./node_modules/next/dist/compiled/react-server-dom-webpack/cjs/react-server-dom-webpack-client.browser.development.js:1469:15)
    at Array.eval (webpack-internal:///(app-pages-browser)/./node_modules/next/dist/compiled/react-server-dom-webpack/cjs/react-server-dom-webpack-client.browser.development.js:2274:18)
    at JSON.parse (<anonymous>)
    at resolveConsoleEntry (webpack-internal:///(app-pages-browser)/./node_modules/next/dist/compiled/react-server-dom-webpack/cjs/react-server-dom-webpack-client.browser.development.js:2109:28)
    at processFullStringRow (webpack-internal:///(app-pages-browser)/./node_modules/next/dist/compiled/react-server-dom-webpack/cjs/react-server-dom-webpack-client.browser.development.js:2250:11)
    at processFullBinaryRow (webpack-internal:///(app-pages-browser)/./node_modules/next/dist/compiled/react-server-dom-webpack/cjs/react-server-dom-webpack-client.browser.development.js:2213:7)
    at progress (webpack-internal:///(app-pages-browser)/./node_modules/next/dist/compiled/react-server-dom-webpack/cjs/react-server-dom-webpack-client.browser.development.js:2459:17) @ rsc://React/Server/webpack-internal:///(rsc)/./app/companies/%5Bslug%5D/page.tsx?8:52
[   61105ms] [WARNING] %c%s%c  background: #e6e6e6;background: light-dark(rgba(0,0,0,0.1), rgba(255,255,255,0.25));color: #000000;color: light-dark(#000000, #ffffff);border-radius: 2px  Server   Error: Route "/companies/[slug]" used `params.slug`. `params` should be awaited before using its properties. Learn more: https://nextjs.org/docs/messages/sync-dynamic-apis
    at eval (rsc://React/Server/webpack-internal:///(rsc)/./app/companies/%5Bslug%5D/page.tsx?31:29:113)
    at Module.generateMetadata (rsc://React/Server/webpack-internal:///(rsc)/./app/companies/%5Bslug%5D/page.tsx?32:29:85)
    at resolveErrorDev (webpack-internal:///(app-pages-browser)/./node_modules/next/dist/compiled/react-server-dom-webpack/cjs/react-server-dom-webpack-client.browser.development.js:1845:46)
    at getOutlinedModel (webpack-internal:///(app-pages-browser)/./node_modules/next/dist/compiled/react-server-dom-webpack/cjs/react-server-dom-webpack-client.browser.development.js:1329:22)
    at parseModelString (webpack-internal:///(app-pages-browser)/./node_modules/next/dist/compiled/react-server-dom-webpack/cjs/react-server-dom-webpack-client.browser.development.js:1469:15)
    at Array.eval (webpack-internal:///(app-pages-browser)/./node_modules/next/dist/compiled/react-server-dom-webpack/cjs/react-server-dom-webpack-client.browser.development.js:2274:18)
    at JSON.parse (<anonymous>)
    at resolveConsoleEntry (webpack-internal:///(app-pages-browser)/./node_modules/next/dist/compiled/react-server-dom-webpack/cjs/react-server-dom-webpack-client.browser.development.js:2109:28)
    at processFullStringRow (webpack-internal:///(app-pages-browser)/./node_modules/next/dist/compiled/react-server-dom-webpack/cjs/react-server-dom-webpack-client.browser.development.js:2250:11)
    at processFullBinaryRow (webpack-internal:///(app-pages-browser)/./node_modules/next/dist/compiled/react-server-dom-webpack/cjs/react-server-dom-webpack-client.browser.development.js:2213:7)
    at progress (webpack-internal:///(app-pages-browser)/./node_modules/next/dist/compiled/react-server-dom-webpack/cjs/react-server-dom-webpack-client.browser.development.js:2459:17) @ rsc://React/Server/webpack-internal:///(rsc)/./app/companies/%5Bslug%5D/page.tsx?31:28
[   61771ms] [WARNING] %c%s%c  background: #e6e6e6;background: light-dark(rgba(0,0,0,0.1), rgba(255,255,255,0.25));color: #000000;color: light-dark(#000000, #ffffff);border-radius: 2px  Server   Error: Route "/companies/[slug]" used `params.slug`. `params` should be awaited before using its properties. Learn more: https://nextjs.org/docs/messages/sync-dynamic-apis
    at eval (rsc://React/Server/webpack-internal:///(rsc)/./app/companies/%5Bslug%5D/page.tsx?8:53:113)
    at CompanyPage (rsc://React/Server/webpack-internal:///(rsc)/./app/companies/%5Bslug%5D/page.tsx?9:53:85)
    at resolveErrorDev (webpack-internal:///(app-pages-browser)/./node_modules/next/dist/compiled/react-server-dom-webpack/cjs/react-server-dom-webpack-client.browser.development.js:1845:46)
    at getOutlinedModel (webpack-internal:///(app-pages-browser)/./node_modules/next/dist/compiled/react-server-dom-webpack/cjs/react-server-dom-webpack-client.browser.development.js:1329:22)
    at parseModelString (webpack-internal:///(app-pages-browser)/./node_modules/next/dist/compiled/react-server-dom-webpack/cjs/react-server-dom-webpack-client.browser.development.js:1469:15)
    at Array.eval (webpack-internal:///(app-pages-browser)/./node_modules/next/dist/compiled/react-server-dom-webpack/cjs/react-server-dom-webpack-client.browser.development.js:2274:18)
    at JSON.parse (<anonymous>)
    at resolveConsoleEntry (webpack-internal:///(app-pages-browser)/./node_modules/next/dist/compiled/react-server-dom-webpack/cjs/react-server-dom-webpack-client.browser.development.js:2109:28)
    at processFullStringRow (webpack-internal:///(app-pages-browser)/./node_modules/next/dist/compiled/react-server-dom-webpack/cjs/react-server-dom-webpack-client.browser.development.js:2250:11)
    at processFullBinaryRow (webpack-internal:///(app-pages-browser)/./node_modules/next/dist/compiled/react-server-dom-webpack/cjs/react-server-dom-webpack-client.browser.development.js:2213:7)
    at progress (webpack-internal:///(app-pages-browser)/./node_modules/next/dist/compiled/react-server-dom-webpack/cjs/react-server-dom-webpack-client.browser.development.js:2459:17) @ rsc://React/Server/webpack-internal:///(rsc)/./app/companies/%5Bslug%5D/page.tsx?8:52
[   61787ms] [WARNING] %c%s%c  background: #e6e6e6;background: light-dark(rgba(0,0,0,0.1), rgba(255,255,255,0.25));color: #000000;color: light-dark(#000000, #ffffff);border-radius: 2px  Server   Error: Route "/companies/[slug]" used `params.slug`. `params` should be awaited before using its properties. Learn more: https://nextjs.org/docs/messages/sync-dynamic-apis
    at eval (rsc://React/Server/webpack-internal:///(rsc)/./app/companies/%5Bslug%5D/page.tsx?31:29:113)
    at Module.generateMetadata (rsc://React/Server/webpack-internal:///(rsc)/./app/companies/%5Bslug%5D/page.tsx?32:29:85)
    at resolveErrorDev (webpack-internal:///(app-pages-browser)/./node_modules/next/dist/compiled/react-server-dom-webpack/cjs/react-server-dom-webpack-client.browser.development.js:1845:46)
    at getOutlinedModel (webpack-internal:///(app-pages-browser)/./node_modules/next/dist/compiled/react-server-dom-webpack/cjs/react-server-dom-webpack-client.browser.development.js:1329:22)
    at parseModelString (webpack-internal:///(app-pages-browser)/./node_modules/next/dist/compiled/react-server-dom-webpack/cjs/react-server-dom-webpack-client.browser.development.js:1469:15)
    at Array.eval (webpack-internal:///(app-pages-browser)/./node_modules/next/dist/compiled/react-server-dom-webpack/cjs/react-server-dom-webpack-client.browser.development.js:2274:18)
    at JSON.parse (<anonymous>)
    at resolveConsoleEntry (webpack-internal:///(app-pages-browser)/./node_modules/next/dist/compiled/react-server-dom-webpack/cjs/react-server-dom-webpack-client.browser.development.js:2109:28)
    at processFullStringRow (webpack-internal:///(app-pages-browser)/./node_modules/next/dist/compiled/react-server-dom-webpack/cjs/react-server-dom-webpack-client.browser.development.js:2250:11)
    at processFullBinaryRow (webpack-internal:///(app-pages-browser)/./node_modules/next/dist/compiled/react-server-dom-webpack/cjs/react-server-dom-webpack-client.browser.development.js:2213:7)
    at progress (webpack-internal:///(app-pages-browser)/./node_modules/next/dist/compiled/react-server-dom-webpack/cjs/react-server-dom-webpack-client.browser.development.js:2459:17) @ rsc://React/Server/webpack-internal:///(rsc)/./app/companies/%5Bslug%5D/page.tsx?31:28
[   62224ms] [WARNING] %c%s%c  background: #e6e6e6;background: light-dark(rgba(0,0,0,0.1), rgba(255,255,255,0.25));color: #000000;color: light-dark(#000000, #ffffff);border-radius: 2px  Server   Error: Route "/companies/[slug]" used `params.slug`. `params` should be awaited before using its properties. Learn more: https://nextjs.org/docs/messages/sync-dynamic-apis
    at eval (rsc://React/Server/webpack-internal:///(rsc)/./app/companies/%5Bslug%5D/page.tsx?8:53:113)
    at CompanyPage (rsc://React/Server/webpack-internal:///(rsc)/./app/companies/%5Bslug%5D/page.tsx?9:53:85)
    at resolveErrorDev (webpack-internal:///(app-pages-browser)/./node_modules/next/dist/compiled/react-server-dom-webpack/cjs/react-server-dom-webpack-client.browser.development.js:1845:46)
    at getOutlinedModel (webpack-internal:///(app-pages-browser)/./node_modules/next/dist/compiled/react-server-dom-webpack/cjs/react-server-dom-webpack-client.browser.development.js:1329:22)
    at parseModelString (webpack-internal:///(app-pages-browser)/./node_modules/next/dist/compiled/react-server-dom-webpack/cjs/react-server-dom-webpack-client.browser.development.js:1469:15)
    at Array.eval (webpack-internal:///(app-pages-browser)/./node_modules/next/dist/compiled/react-server-dom-webpack/cjs/react-server-dom-webpack-client.browser.development.js:2274:18)
    at JSON.parse (<anonymous>)
    at resolveConsoleEntry (webpack-internal:///(app-pages-browser)/./node_modules/next/dist/compiled/react-server-dom-webpack/cjs/react-server-dom-webpack-client.browser.development.js:2109:28)
    at processFullStringRow (webpack-internal:///(app-pages-browser)/./node_modules/next/dist/compiled/react-server-dom-webpack/cjs/react-server-dom-webpack-client.browser.development.js:2250:11)
    at processFullBinaryRow (webpack-internal:///(app-pages-browser)/./node_modules/next/dist/compiled/react-server-dom-webpack/cjs/react-server-dom-webpack-client.browser.development.js:2213:7)
    at progress (webpack-internal:///(app-pages-browser)/./node_modules/next/dist/compiled/react-server-dom-webpack/cjs/react-server-dom-webpack-client.browser.development.js:2459:17) @ rsc://React/Server/webpack-internal:///(rsc)/./app/companies/%5Bslug%5D/page.tsx?8:52
[   62226ms] [WARNING] %c%s%c  background: #e6e6e6;background: light-dark(rgba(0,0,0,0.1), rgba(255,255,255,0.25));color: #000000;color: light-dark(#000000, #ffffff);border-radius: 2px  Server   Error: Route "/companies/[slug]" used `params.slug`. `params` should be awaited before using its properties. Learn more: https://nextjs.org/docs/messages/sync-dynamic-apis
    at eval (rsc://React/Server/webpack-internal:///(rsc)/./app/companies/%5Bslug%5D/page.tsx?31:29:113)
    at Module.generateMetadata (rsc://React/Server/webpack-internal:///(rsc)/./app/companies/%5Bslug%5D/page.tsx?32:29:85)
    at resolveErrorDev (webpack-internal:///(app-pages-browser)/./node_modules/next/dist/compiled/react-server-dom-webpack/cjs/react-server-dom-webpack-client.browser.development.js:1845:46)
    at getOutlinedModel (webpack-internal:///(app-pages-browser)/./node_modules/next/dist/compiled/react-server-dom-webpack/cjs/react-server-dom-webpack-client.browser.development.js:1329:22)
    at parseModelString (webpack-internal:///(app-pages-browser)/./node_modules/next/dist/compiled/react-server-dom-webpack/cjs/react-server-dom-webpack-client.browser.development.js:1469:15)
    at Array.eval (webpack-internal:///(app-pages-browser)/./node_modules/next/dist/compiled/react-server-dom-webpack/cjs/react-server-dom-webpack-client.browser.development.js:2274:18)
    at JSON.parse (<anonymous>)
    at resolveConsoleEntry (webpack-internal:///(app-pages-browser)/./node_modules/next/dist/compiled/react-server-dom-webpack/cjs/react-server-dom-webpack-client.browser.development.js:2109:28)
    at processFullStringRow (webpack-internal:///(app-pages-browser)/./node_modules/next/dist/compiled/react-server-dom-webpack/cjs/react-server-dom-webpack-client.browser.development.js:2250:11)
    at processFullBinaryRow (webpack-internal:///(app-pages-browser)/./node_modules/next/dist/compiled/react-server-dom-webpack/cjs/react-server-dom-webpack-client.browser.development.js:2213:7)
    at progress (webpack-internal:///(app-pages-browser)/./node_modules/next/dist/compiled/react-server-dom-webpack/cjs/react-server-dom-webpack-client.browser.development.js:2459:17) @ rsc://React/Server/webpack-internal:///(rsc)/./app/companies/%5Bslug%5D/page.tsx?31:28
[   62649ms] [WARNING] %c%s%c  background: #e6e6e6;background: light-dark(rgba(0,0,0,0.1), rgba(255,255,255,0.25));color: #000000;color: light-dark(#000000, #ffffff);border-radius: 2px  Server   Error: Route "/companies/[slug]" used `params.slug`. `params` should be awaited before using its properties. Learn more: https://nextjs.org/docs/messages/sync-dynamic-apis
    at eval (rsc://React/Server/webpack-internal:///(rsc)/./app/companies/%5Bslug%5D/page.tsx?8:53:113)
    at CompanyPage (rsc://React/Server/webpack-internal:///(rsc)/./app/companies/%5Bslug%5D/page.tsx?9:53:85)
    at resolveErrorDev (webpack-internal:///(app-pages-browser)/./node_modules/next/dist/compiled/react-server-dom-webpack/cjs/react-server-dom-webpack-client.browser.development.js:1845:46)
    at getOutlinedModel (webpack-internal:///(app-pages-browser)/./node_modules/next/dist/compiled/react-server-dom-webpack/cjs/react-server-dom-webpack-client.browser.development.js:1329:22)
    at parseModelString (webpack-internal:///(app-pages-browser)/./node_modules/next/dist/compiled/react-server-dom-webpack/cjs/react-server-dom-webpack-client.browser.development.js:1469:15)
    at Array.eval (webpack-internal:///(app-pages-browser)/./node_modules/next/dist/compiled/react-server-dom-webpack/cjs/react-server-dom-webpack-client.browser.development.js:2274:18)
    at JSON.parse (<anonymous>)
    at resolveConsoleEntry (webpack-internal:///(app-pages-browser)/./node_modules/next/dist/compiled/react-server-dom-webpack/cjs/react-server-dom-webpack-client.browser.development.js:2109:28)
    at processFullStringRow (webpack-internal:///(app-pages-browser)/./node_modules/next/dist/compiled/react-server-dom-webpack/cjs/react-server-dom-webpack-client.browser.development.js:2250:11)
    at processFullBinaryRow (webpack-internal:///(app-pages-browser)/./node_modules/next/dist/compiled/react-server-dom-webpack/cjs/react-server-dom-webpack-client.browser.development.js:2213:7)
    at progress (webpack-internal:///(app-pages-browser)/./node_modules/next/dist/compiled/react-server-dom-webpack/cjs/react-server-dom-webpack-client.browser.development.js:2459:17) @ rsc://React/Server/webpack-internal:///(rsc)/./app/companies/%5Bslug%5D/page.tsx?8:52
[   62652ms] [WARNING] %c%s%c  background: #e6e6e6;background: light-dark(rgba(0,0,0,0.1), rgba(255,255,255,0.25));color: #000000;color: light-dark(#000000, #ffffff);border-radius: 2px  Server   Error: Route "/companies/[slug]" used `params.slug`. `params` should be awaited before using its properties. Learn more: https://nextjs.org/docs/messages/sync-dynamic-apis
    at eval (rsc://React/Server/webpack-internal:///(rsc)/./app/companies/%5Bslug%5D/page.tsx?31:29:113)
    at Module.generateMetadata (rsc://React/Server/webpack-internal:///(rsc)/./app/companies/%5Bslug%5D/page.tsx?32:29:85)
    at resolveErrorDev (webpack-internal:///(app-pages-browser)/./node_modules/next/dist/compiled/react-server-dom-webpack/cjs/react-server-dom-webpack-client.browser.development.js:1845:46)
    at getOutlinedModel (webpack-internal:///(app-pages-browser)/./node_modules/next/dist/compiled/react-server-dom-webpack/cjs/react-server-dom-webpack-client.browser.development.js:1329:22)
    at parseModelString (webpack-internal:///(app-pages-browser)/./node_modules/next/dist/compiled/react-server-dom-webpack/cjs/react-server-dom-webpack-client.browser.development.js:1469:15)
    at Array.eval (webpack-internal:///(app-pages-browser)/./node_modules/next/dist/compiled/react-server-dom-webpack/cjs/react-server-dom-webpack-client.browser.development.js:2274:18)
    at JSON.parse (<anonymous>)
    at resolveConsoleEntry (webpack-internal:///(app-pages-browser)/./node_modules/next/dist/compiled/react-server-dom-webpack/cjs/react-server-dom-webpack-client.browser.development.js:2109:28)
    at processFullStringRow (webpack-internal:///(app-pages-browser)/./node_modules/next/dist/compiled/react-server-dom-webpack/cjs/react-server-dom-webpack-client.browser.development.js:2250:11)
    at processFullBinaryRow (webpack-internal:///(app-pages-browser)/./node_modules/next/dist/compiled/react-server-dom-webpack/cjs/react-server-dom-webpack-client.browser.development.js:2213:7)
    at progress (webpack-internal:///(app-pages-browser)/./node_modules/next/dist/compiled/react-server-dom-webpack/cjs/react-server-dom-webpack-client.browser.development.js:2459:17) @ rsc://React/Server/webpack-internal:///(rsc)/./app/companies/%5Bslug%5D/page.tsx?31:28
[   63498ms] [WARNING] %c%s%c  background: #e6e6e6;background: light-dark(rgba(0,0,0,0.1), rgba(255,255,255,0.25));color: #000000;color: light-dark(#000000, #ffffff);border-radius: 2px  Server   Error: Route "/companies/[slug]" used `params.slug`. `params` should be awaited before using its properties. Learn more: https://nextjs.org/docs/messages/sync-dynamic-apis
    at eval (rsc://React/Server/webpack-internal:///(rsc)/./app/companies/%5Bslug%5D/page.tsx?8:53:113)
    at CompanyPage (rsc://React/Server/webpack-internal:///(rsc)/./app/companies/%5Bslug%5D/page.tsx?9:53:85)
    at resolveErrorDev (webpack-internal:///(app-pages-browser)/./node_modules/next/dist/compiled/react-server-dom-webpack/cjs/react-server-dom-webpack-client.browser.development.js:1845:46)
    at getOutlinedModel (webpack-internal:///(app-pages-browser)/./node_modules/next/dist/compiled/react-server-dom-webpack/cjs/react-server-dom-webpack-client.browser.development.js:1329:22)
    at parseModelString (webpack-internal:///(app-pages-browser)/./node_modules/next/dist/compiled/react-server-dom-webpack/cjs/react-server-dom-webpack-client.browser.development.js:1469:15)
    at Array.eval (webpack-internal:///(app-pages-browser)/./node_modules/next/dist/compiled/react-server-dom-webpack/cjs/react-server-dom-webpack-client.browser.development.js:2274:18)
    at JSON.parse (<anonymous>)
    at resolveConsoleEntry (webpack-internal:///(app-pages-browser)/./node_modules/next/dist/compiled/react-server-dom-webpack/cjs/react-server-dom-webpack-client.browser.development.js:2109:28)
    at processFullStringRow (webpack-internal:///(app-pages-browser)/./node_modules/next/dist/compiled/react-server-dom-webpack/cjs/react-server-dom-webpack-client.browser.development.js:2250:11)
    at processFullBinaryRow (webpack-internal:///(app-pages-browser)/./node_modules/next/dist/compiled/react-server-dom-webpack/cjs/react-server-dom-webpack-client.browser.development.js:2213:7)
    at progress (webpack-internal:///(app-pages-browser)/./node_modules/next/dist/compiled/react-server-dom-webpack/cjs/react-server-dom-webpack-client.browser.development.js:2459:17) @ rsc://React/Server/webpack-internal:///(rsc)/./app/companies/%5Bslug%5D/page.tsx?8:52
[   63512ms] [WARNING] %c%s%c  background: #e6e6e6;background: light-dark(rgba(0,0,0,0.1), rgba(255,255,255,0.25));color: #000000;color: light-dark(#000000, #ffffff);border-radius: 2px  Server   Error: Route "/companies/[slug]" used `params.slug`. `params` should be awaited before using its properties. Learn more: https://nextjs.org/docs/messages/sync-dynamic-apis
    at eval (rsc://React/Server/webpack-internal:///(rsc)/./app/companies/%5Bslug%5D/page.tsx?31:29:113)
    at Module.generateMetadata (rsc://React/Server/webpack-internal:///(rsc)/./app/companies/%5Bslug%5D/page.tsx?32:29:85)
    at resolveErrorDev (webpack-internal:///(app-pages-browser)/./node_modules/next/dist/compiled/react-server-dom-webpack/cjs/react-server-dom-webpack-client.browser.development.js:1845:46)
    at getOutlinedModel (webpack-internal:///(app-pages-browser)/./node_modules/next/dist/compiled/react-server-dom-webpack/cjs/react-server-dom-webpack-client.browser.development.js:1329:22)
    at parseModelString (webpack-internal:///(app-pages-browser)/./node_modules/next/dist/compiled/react-server-dom-webpack/cjs/react-server-dom-webpack-client.browser.development.js:1469:15)
    at Array.eval (webpack-internal:///(app-pages-browser)/./node_modules/next/dist/compiled/react-server-dom-webpack/cjs/react-server-dom-webpack-client.browser.development.js:2274:18)
    at JSON.parse (<anonymous>)
    at resolveConsoleEntry (webpack-internal:///(app-pages-browser)/./node_modules/next/dist/compiled/react-server-dom-webpack/cjs/react-server-dom-webpack-client.browser.development.js:2109:28)
    at processFullStringRow (webpack-internal:///(app-pages-browser)/./node_modules/next/dist/compiled/react-server-dom-webpack/cjs/react-server-dom-webpack-client.browser.development.js:2250:11)
    at processFullBinaryRow (webpack-internal:///(app-pages-browser)/./node_modules/next/dist/compiled/react-server-dom-webpack/cjs/react-server-dom-webpack-client.browser.development.js:2213:7)
    at progress (webpack-internal:///(app-pages-browser)/./node_modules/next/dist/compiled/react-server-dom-webpack/cjs/react-server-dom-webpack-client.browser.development.js:2459:17) @ rsc://React/Server/webpack-internal:///(rsc)/./app/companies/%5Bslug%5D/page.tsx?31:28
[   64545ms] [WARNING] %c%s%c  background: #e6e6e6;background: light-dark(rgba(0,0,0,0.1), rgba(255,255,255,0.25));color: #000000;color: light-dark(#000000, #ffffff);border-radius: 2px  Server   Error: Route "/companies/[slug]" used `params.slug`. `params` should be awaited before using its properties. Learn more: https://nextjs.org/docs/messages/sync-dynamic-apis
    at eval (rsc://React/Server/webpack-internal:///(rsc)/./app/companies/%5Bslug%5D/page.tsx?8:53:113)
    at CompanyPage (rsc://React/Server/webpack-internal:///(rsc)/./app/companies/%5Bslug%5D/page.tsx?9:53:85)
    at resolveErrorDev (webpack-internal:///(app-pages-browser)/./node_modules/next/dist/compiled/react-server-dom-webpack/cjs/react-server-dom-webpack-client.browser.development.js:1845:46)
    at getOutlinedModel (webpack-internal:///(app-pages-browser)/./node_modules/next/dist/compiled/react-server-dom-webpack/cjs/react-server-dom-webpack-client.browser.development.js:1329:22)
    at parseModelString (webpack-internal:///(app-pages-browser)/./node_modules/next/dist/compiled/react-server-dom-webpack/cjs/react-server-dom-webpack-client.browser.development.js:1469:15)
    at Array.eval (webpack-internal:///(app-pages-browser)/./node_modules/next/dist/compiled/react-server-dom-webpack/cjs/react-server-dom-webpack-client.browser.development.js:2274:18)
    at JSON.parse (<anonymous>)
    at resolveConsoleEntry (webpack-internal:///(app-pages-browser)/./node_modules/next/dist/compiled/react-server-dom-webpack/cjs/react-server-dom-webpack-client.browser.development.js:2109:28)
    at processFullStringRow (webpack-internal:///(app-pages-browser)/./node_modules/next/dist/compiled/react-server-dom-webpack/cjs/react-server-dom-webpack-client.browser.development.js:2250:11)
    at processFullBinaryRow (webpack-internal:///(app-pages-browser)/./node_modules/next/dist/compiled/react-server-dom-webpack/cjs/react-server-dom-webpack-client.browser.development.js:2213:7)
    at progress (webpack-internal:///(app-pages-browser)/./node_modules/next/dist/compiled/react-server-dom-webpack/cjs/react-server-dom-webpack-client.browser.development.js:2459:17) @ rsc://React/Server/webpack-internal:///(rsc)/./app/companies/%5Bslug%5D/page.tsx?8:52
[   64610ms] [WARNING] %c%s%c  background: #e6e6e6;background: light-dark(rgba(0,0,0,0.1), rgba(255,255,255,0.25));color: #000000;color: light-dark(#000000, #ffffff);border-radius: 2px  Server   Error: Route "/companies/[slug]" used `params.slug`. `params` should be awaited before using its properties. Learn more: https://nextjs.org/docs/messages/sync-dynamic-apis
    at eval (rsc://React/Server/webpack-internal:///(rsc)/./app/companies/%5Bslug%5D/page.tsx?31:29:113)
    at Module.generateMetadata (rsc://React/Server/webpack-internal:///(rsc)/./app/companies/%5Bslug%5D/page.tsx?32:29:85)
    at resolveErrorDev (webpack-internal:///(app-pages-browser)/./node_modules/next/dist/compiled/react-server-dom-webpack/cjs/react-server-dom-webpack-client.browser.development.js:1845:46)
    at getOutlinedModel (webpack-internal:///(app-pages-browser)/./node_modules/next/dist/compiled/react-server-dom-webpack/cjs/react-server-dom-webpack-client.browser.development.js:1329:22)
    at parseModelString (webpack-internal:///(app-pages-browser)/./node_modules/next/dist/compiled/react-server-dom-webpack/cjs/react-server-dom-webpack-client.browser.development.js:1469:15)
    at Array.eval (webpack-internal:///(app-pages-browser)/./node_modules/next/dist/compiled/react-server-dom-webpack/cjs/react-server-dom-webpack-client.browser.development.js:2274:18)
    at JSON.parse (<anonymous>)
    at resolveConsoleEntry (webpack-internal:///(app-pages-browser)/./node_modules/next/dist/compiled/react-server-dom-webpack/cjs/react-server-dom-webpack-client.browser.development.js:2109:28)
    at processFullStringRow (webpack-internal:///(app-pages-browser)/./node_modules/next/dist/compiled/react-server-dom-webpack/cjs/react-server-dom-webpack-client.browser.development.js:2250:11)
    at processFullBinaryRow (webpack-internal:///(app-pages-browser)/./node_modules/next/dist/compiled/react-server-dom-webpack/cjs/react-server-dom-webpack-client.browser.development.js:2213:7)
    at progress (webpack-internal:///(app-pages-browser)/./node_modules/next/dist/compiled/react-server-dom-webpack/cjs/react-server-dom-webpack-client.browser.development.js:2459:17) @ rsc://React/Server/webpack-internal:///(rsc)/./app/companies/%5Bslug%5D/page.tsx?31:28
[   65176ms] [WARNING] %c%s%c  background: #e6e6e6;background: light-dark(rgba(0,0,0,0.1), rgba(255,255,255,0.25));color: #000000;color: light-dark(#000000, #ffffff);border-radius: 2px  Server   Error: Route "/companies/[slug]" used `params.slug`. `params` should be awaited before using its properties. Learn more: https://nextjs.org/docs/messages/sync-dynamic-apis
    at eval (rsc://React/Server/webpack-internal:///(rsc)/./app/companies/%5Bslug%5D/page.tsx?8:53:113)
    at CompanyPage (rsc://React/Server/webpack-internal:///(rsc)/./app/companies/%5Bslug%5D/page.tsx?9:53:85)
    at resolveErrorDev (webpack-internal:///(app-pages-browser)/./node_modules/next/dist/compiled/react-server-dom-webpack/cjs/react-server-dom-webpack-client.browser.development.js:1845:46)
    at getOutlinedModel (webpack-internal:///(app-pages-browser)/./node_modules/next/dist/compiled/react-server-dom-webpack/cjs/react-server-dom-webpack-client.browser.development.js:1329:22)
    at parseModelString (webpack-internal:///(app-pages-browser)/./node_modules/next/dist/compiled/react-server-dom-webpack/cjs/react-server-dom-webpack-client.browser.development.js:1469:15)
    at Array.eval (webpack-internal:///(app-pages-browser)/./node_modules/next/dist/compiled/react-server-dom-webpack/cjs/react-server-dom-webpack-client.browser.development.js:2274:18)
    at JSON.parse (<anonymous>)
    at resolveConsoleEntry (webpack-internal:///(app-pages-browser)/./node_modules/next/dist/compiled/react-server-dom-webpack/cjs/react-server-dom-webpack-client.browser.development.js:2109:28)
    at processFullStringRow (webpack-internal:///(app-pages-browser)/./node_modules/next/dist/compiled/react-server-dom-webpack/cjs/react-server-dom-webpack-client.browser.development.js:2250:11)
    at processFullBinaryRow (webpack-internal:///(app-pages-browser)/./node_modules/next/dist/compiled/react-server-dom-webpack/cjs/react-server-dom-webpack-client.browser.development.js:2213:7)
    at progress (webpack-internal:///(app-pages-browser)/./node_modules/next/dist/compiled/react-server-dom-webpack/cjs/react-server-dom-webpack-client.browser.development.js:2459:17) @ rsc://React/Server/webpack-internal:///(rsc)/./app/companies/%5Bslug%5D/page.tsx?8:52
[   65179ms] [WARNING] %c%s%c  background: #e6e6e6;background: light-dark(rgba(0,0,0,0.1), rgba(255,255,255,0.25));color: #000000;color: light-dark(#000000, #ffffff);border-radius: 2px  Server   Error: Route "/companies/[slug]" used `params.slug`. `params` should be awaited before using its properties. Learn more: https://nextjs.org/docs/messages/sync-dynamic-apis
    at eval (rsc://React/Server/webpack-internal:///(rsc)/./app/companies/%5Bslug%5D/page.tsx?31:29:113)
    at Module.generateMetadata (rsc://React/Server/webpack-internal:///(rsc)/./app/companies/%5Bslug%5D/page.tsx?32:29:85)
    at resolveErrorDev (webpack-internal:///(app-pages-browser)/./node_modules/next/dist/compiled/react-server-dom-webpack/cjs/react-server-dom-webpack-client.browser.development.js:1845:46)
    at getOutlinedModel (webpack-internal:///(app-pages-browser)/./node_modules/next/dist/compiled/react-server-dom-webpack/cjs/react-server-dom-webpack-client.browser.development.js:1329:22)
    at parseModelString (webpack-internal:///(app-pages-browser)/./node_modules/next/dist/compiled/react-server-dom-webpack/cjs/react-server-dom-webpack-client.browser.development.js:1469:15)
    at Array.eval (webpack-internal:///(app-pages-browser)/./node_modules/next/dist/compiled/react-server-dom-webpack/cjs/react-server-dom-webpack-client.browser.development.js:2274:18)
    at JSON.parse (<anonymous>)
    at resolveConsoleEntry (webpack-internal:///(app-pages-browser)/./node_modules/next/dist/compiled/react-server-dom-webpack/cjs/react-server-dom-webpack-client.browser.development.js:2109:28)
    at processFullStringRow (webpack-internal:///(app-pages-browser)/./node_modules/next/dist/compiled/react-server-dom-webpack/cjs/react-server-dom-webpack-client.browser.development.js:2250:11)
    at processFullBinaryRow (webpack-internal:///(app-pages-browser)/./node_modules/next/dist/compiled/react-server-dom-webpack/cjs/react-server-dom-webpack-client.browser.development.js:2213:7)
    at progress (webpack-internal:///(app-pages-browser)/./node_modules/next/dist/compiled/react-server-dom-webpack/cjs/react-server-dom-webpack-client.browser.development.js:2459:17) @ rsc://React/Server/webpack-internal:///(rsc)/./app/companies/%5Bslug%5D/page.tsx?31:28
[   65687ms] [WARNING] %c%s%c  background: #e6e6e6;background: light-dark(rgba(0,0,0,0.1), rgba(255,255,255,0.25));color: #000000;color: light-dark(#000000, #ffffff);border-radius: 2px  Server   Error: Route "/companies/[slug]" used `params.slug`. `params` should be awaited before using its properties. Learn more: https://nextjs.org/docs/messages/sync-dynamic-apis
    at eval (rsc://React/Server/webpack-internal:///(rsc)/./app/companies/%5Bslug%5D/page.tsx?8:53:113)
    at CompanyPage (rsc://React/Server/webpack-internal:///(rsc)/./app/companies/%5Bslug%5D/page.tsx?9:53:85)
    at resolveErrorDev (webpack-internal:///(app-pages-browser)/./node_modules/next/dist/compiled/react-server-dom-webpack/cjs/react-server-dom-webpack-client.browser.development.js:1845:46)
    at getOutlinedModel (webpack-internal:///(app-pages-browser)/./node_modules/next/dist/compiled/react-server-dom-webpack/cjs/react-server-dom-webpack-client.browser.development.js:1329:22)
    at parseModelString (webpack-internal:///(app-pages-browser)/./node_modules/next/dist/compiled/react-server-dom-webpack/cjs/react-server-dom-webpack-client.browser.development.js:1469:15)
    at Array.eval (webpack-internal:///(app-pages-browser)/./node_modules/next/dist/compiled/react-server-dom-webpack/cjs/react-server-dom-webpack-client.browser.development.js:2274:18)
    at JSON.parse (<anonymous>)
    at resolveConsoleEntry (webpack-internal:///(app-pages-browser)/./node_modules/next/dist/compiled/react-server-dom-webpack/cjs/react-server-dom-webpack-client.browser.development.js:2109:28)
    at processFullStringRow (webpack-internal:///(app-pages-browser)/./node_modules/next/dist/compiled/react-server-dom-webpack/cjs/react-server-dom-webpack-client.browser.development.js:2250:11)
    at processFullBinaryRow (webpack-internal:///(app-pages-browser)/./node_modules/next/dist/compiled/react-server-dom-webpack/cjs/react-server-dom-webpack-client.browser.development.js:2213:7)
    at progress (webpack-internal:///(app-pages-browser)/./node_modules/next/dist/compiled/react-server-dom-webpack/cjs/react-server-dom-webpack-client.browser.development.js:2459:17) @ rsc://React/Server/webpack-internal:///(rsc)/./app/companies/%5Bslug%5D/page.tsx?8:52
[   65702ms] [WARNING] %c%s%c  background: #e6e6e6;background: light-dark(rgba(0,0,0,0.1), rgba(255,255,255,0.25));color: #000000;color: light-dark(#000000, #ffffff);border-radius: 2px  Server   Error: Route "/companies/[slug]" used `params.slug`. `params` should be awaited before using its properties. Learn more: https://nextjs.org/docs/messages/sync-dynamic-apis
    at eval (rsc://React/Server/webpack-internal:///(rsc)/./app/companies/%5Bslug%5D/page.tsx?31:29:113)
    at Module.generateMetadata (rsc://React/Server/webpack-internal:///(rsc)/./app/companies/%5Bslug%5D/page.tsx?32:29:85)
    at resolveErrorDev (webpack-internal:///(app-pages-browser)/./node_modules/next/dist/compiled/react-server-dom-webpack/cjs/react-server-dom-webpack-client.browser.development.js:1845:46)
    at getOutlinedModel (webpack-internal:///(app-pages-browser)/./node_modules/next/dist/compiled/react-server-dom-webpack/cjs/react-server-dom-webpack-client.browser.development.js:1329:22)
    at parseModelString (webpack-internal:///(app-pages-browser)/./node_modules/next/dist/compiled/react-server-dom-webpack/cjs/react-server-dom-webpack-client.browser.development.js:1469:15)
    at Array.eval (webpack-internal:///(app-pages-browser)/./node_modules/next/dist/compiled/react-server-dom-webpack/cjs/react-server-dom-webpack-client.browser.development.js:2274:18)
    at JSON.parse (<anonymous>)
    at resolveConsoleEntry (webpack-internal:///(app-pages-browser)/./node_modules/next/dist/compiled/react-server-dom-webpack/cjs/react-server-dom-webpack-client.browser.development.js:2109:28)
    at processFullStringRow (webpack-internal:///(app-pages-browser)/./node_modules/next/dist/compiled/react-server-dom-webpack/cjs/react-server-dom-webpack-client.browser.development.js:2250:11)
    at processFullBinaryRow (webpack-internal:///(app-pages-browser)/./node_modules/next/dist/compiled/react-server-dom-webpack/cjs/react-server-dom-webpack-client.browser.development.js:2213:7)
    at progress (webpack-internal:///(app-pages-browser)/./node_modules/next/dist/compiled/react-server-dom-webpack/cjs/react-server-dom-webpack-client.browser.development.js:2459:17) @ rsc://React/Server/webpack-internal:///(rsc)/./app/companies/%5Bslug%5D/page.tsx?31:28
[   66128ms] [WARNING] %c%s%c  background: #e6e6e6;background: light-dark(rgba(0,0,0,0.1), rgba(255,255,255,0.25));color: #000000;color: light-dark(#000000, #ffffff);border-radius: 2px  Server   Error: Route "/companies/[slug]" used `params.slug`. `params` should be awaited before using its properties. Learn more: https://nextjs.org/docs/messages/sync-dynamic-apis
    at eval (rsc://React/Server/webpack-internal:///(rsc)/./app/companies/%5Bslug%5D/page.tsx?8:53:113)
    at CompanyPage (rsc://React/Server/webpack-internal:///(rsc)/./app/companies/%5Bslug%5D/page.tsx?9:53:85)
    at resolveErrorDev (webpack-internal:///(app-pages-browser)/./node_modules/next/dist/compiled/react-server-dom-webpack/cjs/react-server-dom-webpack-client.browser.development.js:1845:46)
    at getOutlinedModel (webpack-internal:///(app-pages-browser)/./node_modules/next/dist/compiled/react-server-dom-webpack/cjs/react-server-dom-webpack-client.browser.development.js:1329:22)
    at parseModelString (webpack-internal:///(app-pages-browser)/./node_modules/next/dist/compiled/react-server-dom-webpack/cjs/react-server-dom-webpack-client.browser.development.js:1469:15)
    at Array.eval (webpack-internal:///(app-pages-browser)/./node_modules/next/dist/compiled/react-server-dom-webpack/cjs/react-server-dom-webpack-client.browser.development.js:2274:18)
    at JSON.parse (<anonymous>)
    at resolveConsoleEntry (webpack-internal:///(app-pages-browser)/./node_modules/next/dist/compiled/react-server-dom-webpack/cjs/react-server-dom-webpack-client.browser.development.js:2109:28)
    at processFullStringRow (webpack-internal:///(app-pages-browser)/./node_modules/next/dist/compiled/react-server-dom-webpack/cjs/react-server-dom-webpack-client.browser.development.js:2250:11)
    at processFullBinaryRow (webpack-internal:///(app-pages-browser)/./node_modules/next/dist/compiled/react-server-dom-webpack/cjs/react-server-dom-webpack-client.browser.development.js:2213:7)
    at progress (webpack-internal:///(app-pages-browser)/./node_modules/next/dist/compiled/react-server-dom-webpack/cjs/react-server-dom-webpack-client.browser.development.js:2459:17) @ rsc://React/Server/webpack-internal:///(rsc)/./app/companies/%5Bslug%5D/page.tsx?8:52
[   66130ms] [WARNING] %c%s%c  background: #e6e6e6;background: light-dark(rgba(0,0,0,0.1), rgba(255,255,255,0.25));color: #000000;color: light-dark(#000000, #ffffff);border-radius: 2px  Server   Error: Route "/companies/[slug]" used `params.slug`. `params` should be awaited before using its properties. Learn more: https://nextjs.org/docs/messages/sync-dynamic-apis
    at eval (rsc://React/Server/webpack-internal:///(rsc)/./app/companies/%5Bslug%5D/page.tsx?31:29:113)
    at Module.generateMetadata (rsc://React/Server/webpack-internal:///(rsc)/./app/companies/%5Bslug%5D/page.tsx?32:29:85)
    at resolveErrorDev (webpack-internal:///(app-pages-browser)/./node_modules/next/dist/compiled/react-server-dom-webpack/cjs/react-server-dom-webpack-client.browser.development.js:1845:46)
    at getOutlinedModel (webpack-internal:///(app-pages-browser)/./node_modules/next/dist/compiled/react-server-dom-webpack/cjs/react-server-dom-webpack-client.browser.development.js:1329:22)
    at parseModelString (webpack-internal:///(app-pages-browser)/./node_modules/next/dist/compiled/react-server-dom-webpack/cjs/react-server-dom-webpack-client.browser.development.js:1469:15)
    at Array.eval (webpack-internal:///(app-pages-browser)/./node_modules/next/dist/compiled/react-server-dom-webpack/cjs/react-server-dom-webpack-client.browser.development.js:2274:18)
    at JSON.parse (<anonymous>)
    at resolveConsoleEntry (webpack-internal:///(app-pages-browser)/./node_modules/next/dist/compiled/react-server-dom-webpack/cjs/react-server-dom-webpack-client.browser.development.js:2109:28)
    at processFullStringRow (webpack-internal:///(app-pages-browser)/./node_modules/next/dist/compiled/react-server-dom-webpack/cjs/react-server-dom-webpack-client.browser.development.js:2250:11)
    at processFullBinaryRow (webpack-internal:///(app-pages-browser)/./node_modules/next/dist/compiled/react-server-dom-webpack/cjs/react-server-dom-webpack-client.browser.development.js:2213:7)
    at progress (webpack-internal:///(app-pages-browser)/./node_modules/next/dist/compiled/react-server-dom-webpack/cjs/react-server-dom-webpack-client.browser.development.js:2459:17) @ rsc://React/Server/webpack-internal:///(rsc)/./app/companies/%5Bslug%5D/page.tsx?31:28
[   66736ms] [WARNING] %c%s%c  background: #e6e6e6;background: light-dark(rgba(0,0,0,0.1), rgba(255,255,255,0.25));color: #000000;color: light-dark(#000000, #ffffff);border-radius: 2px  Server   Error: Route "/companies/[slug]" used `params.slug`. `params` should be awaited before using its properties. Learn more: https://nextjs.org/docs/messages/sync-dynamic-apis
    at eval (rsc://React/Server/webpack-internal:///(rsc)/./app/companies/%5Bslug%5D/page.tsx?8:53:113)
    at CompanyPage (rsc://React/Server/webpack-internal:///(rsc)/./app/companies/%5Bslug%5D/page.tsx?9:53:85)
    at resolveErrorDev (webpack-internal:///(app-pages-browser)/./node_modules/next/dist/compiled/react-server-dom-webpack/cjs/react-server-dom-webpack-client.browser.development.js:1845:46)
    at getOutlinedModel (webpack-internal:///(app-pages-browser)/./node_modules/next/dist/compiled/react-server-dom-webpack/cjs/react-server-dom-webpack-client.browser.development.js:1329:22)
    at parseModelString (webpack-internal:///(app-pages-browser)/./node_modules/next/dist/compiled/react-server-dom-webpack/cjs/react-server-dom-webpack-client.browser.development.js:1469:15)
    at Array.eval (webpack-internal:///(app-pages-browser)/./node_modules/next/dist/compiled/react-server-dom-webpack/cjs/react-server-dom-webpack-client.browser.development.js:2274:18)
    at JSON.parse (<anonymous>)
    at resolveConsoleEntry (webpack-internal:///(app-pages-browser)/./node_modules/next/dist/compiled/react-server-dom-webpack/cjs/react-server-dom-webpack-client.browser.development.js:2109:28)
    at processFullStringRow (webpack-internal:///(app-pages-browser)/./node_modules/next/dist/compiled/react-server-dom-webpack/cjs/react-server-dom-webpack-client.browser.development.js:2250:11)
    at processFullBinaryRow (webpack-internal:///(app-pages-browser)/./node_modules/next/dist/compiled/react-server-dom-webpack/cjs/react-server-dom-webpack-client.browser.development.js:2213:7)
    at progress (webpack-internal:///(app-pages-browser)/./node_modules/next/dist/compiled/react-server-dom-webpack/cjs/react-server-dom-webpack-client.browser.development.js:2459:17) @ rsc://React/Server/webpack-internal:///(rsc)/./app/companies/%5Bslug%5D/page.tsx?8:52
[   66738ms] [WARNING] %c%s%c  background: #e6e6e6;background: light-dark(rgba(0,0,0,0.1), rgba(255,255,255,0.25));color: #000000;color: light-dark(#000000, #ffffff);border-radius: 2px  Server   Error: Route "/companies/[slug]" used `params.slug`. `params` should be awaited before using its properties. Learn more: https://nextjs.org/docs/messages/sync-dynamic-apis
    at eval (rsc://React/Server/webpack-internal:///(rsc)/./app/companies/%5Bslug%5D/page.tsx?31:29:113)
    at Module.generateMetadata (rsc://React/Server/webpack-internal:///(rsc)/./app/companies/%5Bslug%5D/page.tsx?32:29:85)
    at resolveErrorDev (webpack-internal:///(app-pages-browser)/./node_modules/next/dist/compiled/react-server-dom-webpack/cjs/react-server-dom-webpack-client.browser.development.js:1845:46)
    at getOutlinedModel (webpack-internal:///(app-pages-browser)/./node_modules/next/dist/compiled/react-server-dom-webpack/cjs/react-server-dom-webpack-client.browser.development.js:1329:22)
    at parseModelString (webpack-internal:///(app-pages-browser)/./node_modules/next/dist/compiled/react-server-dom-webpack/cjs/react-server-dom-webpack-client.browser.development.js:1469:15)
    at Array.eval (webpack-internal:///(app-pages-browser)/./node_modules/next/dist/compiled/react-server-dom-webpack/cjs/react-server-dom-webpack-client.browser.development.js:2274:18)
    at JSON.parse (<anonymous>)
    at resolveConsoleEntry (webpack-internal:///(app-pages-browser)/./node_modules/next/dist/compiled/react-server-dom-webpack/cjs/react-server-dom-webpack-client.browser.development.js:2109:28)
    at processFullStringRow (webpack-internal:///(app-pages-browser)/./node_modules/next/dist/compiled/react-server-dom-webpack/cjs/react-server-dom-webpack-client.browser.development.js:2250:11)
    at processFullBinaryRow (webpack-internal:///(app-pages-browser)/./node_modules/next/dist/compiled/react-server-dom-webpack/cjs/react-server-dom-webpack-client.browser.development.js:2213:7)
    at progress (webpack-internal:///(app-pages-browser)/./node_modules/next/dist/compiled/react-server-dom-webpack/cjs/react-server-dom-webpack-client.browser.development.js:2459:17) @ rsc://React/Server/webpack-internal:///(rsc)/./app/companies/%5Bslug%5D/page.tsx?31:28
[   67326ms] [WARNING] %c%s%c  background: #e6e6e6;background: light-dark(rgba(0,0,0,0.1), rgba(255,255,255,0.25));color: #000000;color: light-dark(#000000, #ffffff);border-radius: 2px  Server   Error: Route "/companies/[slug]" used `params.slug`. `params` should be awaited before using its properties. Learn more: https://nextjs.org/docs/messages/sync-dynamic-apis
    at eval (rsc://React/Server/webpack-internal:///(rsc)/./app/companies/%5Bslug%5D/page.tsx?8:53:113)
    at CompanyPage (rsc://React/Server/webpack-internal:///(rsc)/./app/companies/%5Bslug%5D/page.tsx?9:53:85)
    at resolveErrorDev (webpack-internal:///(app-pages-browser)/./node_modules/next/dist/compiled/react-server-dom-webpack/cjs/react-server-dom-webpack-client.browser.development.js:1845:46)
    at getOutlinedModel (webpack-internal:///(app-pages-browser)/./node_modules/next/dist/compiled/react-server-dom-webpack/cjs/react-server-dom-webpack-client.browser.development.js:1329:22)
    at parseModelString (webpack-internal:///(app-pages-browser)/./node_modules/next/dist/compiled/react-server-dom-webpack/cjs/react-server-dom-webpack-client.browser.development.js:1469:15)
    at Array.eval (webpack-internal:///(app-pages-browser)/./node_modules/next/dist/compiled/react-server-dom-webpack/cjs/react-server-dom-webpack-client.browser.development.js:2274:18)
    at JSON.parse (<anonymous>)
    at resolveConsoleEntry (webpack-internal:///(app-pages-browser)/./node_modules/next/dist/compiled/react-server-dom-webpack/cjs/react-server-dom-webpack-client.browser.development.js:2109:28)
    at processFullStringRow (webpack-internal:///(app-pages-browser)/./node_modules/next/dist/compiled/react-server-dom-webpack/cjs/react-server-dom-webpack-client.browser.development.js:2250:11)
    at processFullBinaryRow (webpack-internal:///(app-pages-browser)/./node_modules/next/dist/compiled/react-server-dom-webpack/cjs/react-server-dom-webpack-client.browser.development.js:2213:7)
    at progress (webpack-internal:///(app-pages-browser)/./node_modules/next/dist/compiled/react-server-dom-webpack/cjs/react-server-dom-webpack-client.browser.development.js:2459:17) @ rsc://React/Server/webpack-internal:///(rsc)/./app/companies/%5Bslug%5D/page.tsx?8:52
[   67343ms] [WARNING] %c%s%c  background: #e6e6e6;background: light-dark(rgba(0,0,0,0.1), rgba(255,255,255,0.25));color: #000000;color: light-dark(#000000, #ffffff);border-radius: 2px  Server   Error: Route "/companies/[slug]" used `params.slug`. `params` should be awaited before using its properties. Learn more: https://nextjs.org/docs/messages/sync-dynamic-apis
    at eval (rsc://React/Server/webpack-internal:///(rsc)/./app/companies/%5Bslug%5D/page.tsx?31:29:113)
    at Module.generateMetadata (rsc://React/Server/webpack-internal:///(rsc)/./app/companies/%5Bslug%5D/page.tsx?32:29:85)
    at resolveErrorDev (webpack-internal:///(app-pages-browser)/./node_modules/next/dist/compiled/react-server-dom-webpack/cjs/react-server-dom-webpack-client.browser.development.js:1845:46)
    at getOutlinedModel (webpack-internal:///(app-pages-browser)/./node_modules/next/dist/compiled/react-server-dom-webpack/cjs/react-server-dom-webpack-client.browser.development.js:1329:22)
    at parseModelString (webpack-internal:///(app-pages-browser)/./node_modules/next/dist/compiled/react-server-dom-webpack/cjs/react-server-dom-webpack-client.browser.development.js:1469:15)
    at Array.eval (webpack-internal:///(app-pages-browser)/./node_modules/next/dist/compiled/react-server-dom-webpack/cjs/react-server-dom-webpack-client.browser.development.js:2274:18)
    at JSON.parse (<anonymous>)
    at resolveConsoleEntry (webpack-internal:///(app-pages-browser)/./node_modules/next/dist/compiled/react-server-dom-webpack/cjs/react-server-dom-webpack-client.browser.development.js:2109:28)
    at processFullStringRow (webpack-internal:///(app-pages-browser)/./node_modules/next/dist/compiled/react-server-dom-webpack/cjs/react-server-dom-webpack-client.browser.development.js:2250:11)
    at processFullBinaryRow (webpack-internal:///(app-pages-browser)/./node_modules/next/dist/compiled/react-server-dom-webpack/cjs/react-server-dom-webpack-client.browser.development.js:2213:7)
    at progress (webpack-internal:///(app-pages-browser)/./node_modules/next/dist/compiled/react-server-dom-webpack/cjs/react-server-dom-webpack-client.browser.development.js:2459:17) @ rsc://React/Server/webpack-internal:///(rsc)/./app/companies/%5Bslug%5D/page.tsx?31:28
[   67752ms] [WARNING] %c%s%c  background: #e6e6e6;background: light-dark(rgba(0,0,0,0.1), rgba(255,255,255,0.25));color: #000000;color: light-dark(#000000, #ffffff);border-radius: 2px  Server   Error: Route "/companies/[slug]" used `params.slug`. `params` should be awaited before using its properties. Learn more: https://nextjs.org/docs/messages/sync-dynamic-apis
    at eval (rsc://React/Server/webpack-internal:///(rsc)/./app/companies/%5Bslug%5D/page.tsx?8:53:113)
    at CompanyPage (rsc://React/Server/webpack-internal:///(rsc)/./app/companies/%5Bslug%5D/page.tsx?9:53:85)
    at resolveErrorDev (webpack-internal:///(app-pages-browser)/./node_modules/next/dist/compiled/react-server-dom-webpack/cjs/react-server-dom-webpack-client.browser.development.js:1845:46)
    at getOutlinedModel (webpack-internal:///(app-pages-browser)/./node_modules/next/dist/compiled/react-server-dom-webpack/cjs/react-server-dom-webpack-client.browser.development.js:1329:22)
    at parseModelString (webpack-internal:///(app-pages-browser)/./node_modules/next/dist/compiled/react-server-dom-webpack/cjs/react-server-dom-webpack-client.browser.development.js:1469:15)
    at Array.eval (webpack-internal:///(app-pages-browser)/./node_modules/next/dist/compiled/react-server-dom-webpack/cjs/react-server-dom-webpack-client.browser.development.js:2274:18)
    at JSON.parse (<anonymous>)
    at resolveConsoleEntry (webpack-internal:///(app-pages-browser)/./node_modules/next/dist/compiled/react-server-dom-webpack/cjs/react-server-dom-webpack-client.browser.development.js:2109:28)
    at processFullStringRow (webpack-internal:///(app-pages-browser)/./node_modules/next/dist/compiled/react-server-dom-webpack/cjs/react-server-dom-webpack-client.browser.development.js:2250:11)
    at processFullBinaryRow (webpack-internal:///(app-pages-browser)/./node_modules/next/dist/compiled/react-server-dom-webpack/cjs/react-server-dom-webpack-client.browser.development.js:2213:7)
    at progress (webpack-internal:///(app-pages-browser)/./node_modules/next/dist/compiled/react-server-dom-webpack/cjs/react-server-dom-webpack-client.browser.development.js:2459:17) @ rsc://React/Server/webpack-internal:///(rsc)/./app/companies/%5Bslug%5D/page.tsx?8:52
[   67755ms] [WARNING] %c%s%c  background: #e6e6e6;background: light-dark(rgba(0,0,0,0.1), rgba(255,255,255,0.25));color: #000000;color: light-dark(#000000, #ffffff);border-radius: 2px  Server   Error: Route "/companies/[slug]" used `params.slug`. `params` should be awaited before using its properties. Learn more: https://nextjs.org/docs/messages/sync-dynamic-apis
    at eval (rsc://React/Server/webpack-internal:///(rsc)/./app/companies/%5Bslug%5D/page.tsx?31:29:113)
    at Module.generateMetadata (rsc://React/Server/webpack-internal:///(rsc)/./app/companies/%5Bslug%5D/page.tsx?32:29:85)
    at resolveErrorDev (webpack-internal:///(app-pages-browser)/./node_modules/next/dist/compiled/react-server-dom-webpack/cjs/react-server-dom-webpack-client.browser.development.js:1845:46)
    at getOutlinedModel (webpack-internal:///(app-pages-browser)/./node_modules/next/dist/compiled/react-server-dom-webpack/cjs/react-server-dom-webpack-client.browser.development.js:1329:22)
    at parseModelString (webpack-internal:///(app-pages-browser)/./node_modules/next/dist/compiled/react-server-dom-webpack/cjs/react-server-dom-webpack-client.browser.development.js:1469:15)
    at Array.eval (webpack-internal:///(app-pages-browser)/./node_modules/next/dist/compiled/react-server-dom-webpack/cjs/react-server-dom-webpack-client.browser.development.js:2274:18)
    at JSON.parse (<anonymous>)
    at resolveConsoleEntry (webpack-internal:///(app-pages-browser)/./node_modules/next/dist/compiled/react-server-dom-webpack/cjs/react-server-dom-webpack-client.browser.development.js:2109:28)
    at processFullStringRow (webpack-internal:///(app-pages-browser)/./node_modules/next/dist/compiled/react-server-dom-webpack/cjs/react-server-dom-webpack-client.browser.development.js:2250:11)
    at processFullBinaryRow (webpack-internal:///(app-pages-browser)/./node_modules/next/dist/compiled/react-server-dom-webpack/cjs/react-server-dom-webpack-client.browser.development.js:2213:7)
    at progress (webpack-internal:///(app-pages-browser)/./node_modules/next/dist/compiled/react-server-dom-webpack/cjs/react-server-dom-webpack-client.browser.development.js:2459:17) @ rsc://React/Server/webpack-internal:///(rsc)/./app/companies/%5Bslug%5D/page.tsx?31:28
[   68209ms] [WARNING] %c%s%c  background: #e6e6e6;background: light-dark(rgba(0,0,0,0.1), rgba(255,255,255,0.25));color: #000000;color: light-dark(#000000, #ffffff);border-radius: 2px  Server   Error: Route "/companies/[slug]" used `params.slug`. `params` should be awaited before using its properties. Learn more: https://nextjs.org/docs/messages/sync-dynamic-apis
    at eval (rsc://React/Server/webpack-internal:///(rsc)/./app/companies/%5Bslug%5D/page.tsx?8:53:113)
    at CompanyPage (rsc://React/Server/webpack-internal:///(rsc)/./app/companies/%5Bslug%5D/page.tsx?9:53:85)
    at resolveErrorDev (webpack-internal:///(app-pages-browser)/./node_modules/next/dist/compiled/react-server-dom-webpack/cjs/react-server-dom-webpack-client.browser.development.js:1845:46)
    at getOutlinedModel (webpack-internal:///(app-pages-browser)/./node_modules/next/dist/compiled/react-server-dom-webpack/cjs/react-server-dom-webpack-client.browser.development.js:1329:22)
    at parseModelString (webpack-internal:///(app-pages-browser)/./node_modules/next/dist/compiled/react-server-dom-webpack/cjs/react-server-dom-webpack-client.browser.development.js:1469:15)
    at Array.eval (webpack-internal:///(app-pages-browser)/./node_modules/next/dist/compiled/react-server-dom-webpack/cjs/react-server-dom-webpack-client.browser.development.js:2274:18)
    at JSON.parse (<anonymous>)
    at resolveConsoleEntry (webpack-internal:///(app-pages-browser)/./node_modules/next/dist/compiled/react-server-dom-webpack/cjs/react-server-dom-webpack-client.browser.development.js:2109:28)
    at processFullStringRow (webpack-internal:///(app-pages-browser)/./node_modules/next/dist/compiled/react-server-dom-webpack/cjs/react-server-dom-webpack-client.browser.development.js:2250:11)
    at processFullBinaryRow (webpack-internal:///(app-pages-browser)/./node_modules/next/dist/compiled/react-server-dom-webpack/cjs/react-server-dom-webpack-client.browser.development.js:2213:7)
    at progress (webpack-internal:///(app-pages-browser)/./node_modules/next/dist/compiled/react-server-dom-webpack/cjs/react-server-dom-webpack-client.browser.development.js:2459:17) @ rsc://React/Server/webpack-internal:///(rsc)/./app/companies/%5Bslug%5D/page.tsx?8:52
[   68212ms] [WARNING] %c%s%c  background: #e6e6e6;background: light-dark(rgba(0,0,0,0.1), rgba(255,255,255,0.25));color: #000000;color: light-dark(#000000, #ffffff);border-radius: 2px  Server   Error: Route "/companies/[slug]" used `params.slug`. `params` should be awaited before using its properties. Learn more: https://nextjs.org/docs/messages/sync-dynamic-apis
    at eval (rsc://React/Server/webpack-internal:///(rsc)/./app/companies/%5Bslug%5D/page.tsx?31:29:113)
    at Module.generateMetadata (rsc://React/Server/webpack-internal:///(rsc)/./app/companies/%5Bslug%5D/page.tsx?32:29:85)
    at resolveErrorDev (webpack-internal:///(app-pages-browser)/./node_modules/next/dist/compiled/react-server-dom-webpack/cjs/react-server-dom-webpack-client.browser.development.js:1845:46)
    at getOutlinedModel (webpack-internal:///(app-pages-browser)/./node_modules/next/dist/compiled/react-server-dom-webpack/cjs/react-server-dom-webpack-client.browser.development.js:1329:22)
    at parseModelString (webpack-internal:///(app-pages-browser)/./node_modules/next/dist/compiled/react-server-dom-webpack/cjs/react-server-dom-webpack-client.browser.development.js:1469:15)
    at Array.eval (webpack-internal:///(app-pages-browser)/./node_modules/next/dist/compiled/react-server-dom-webpack/cjs/react-server-dom-webpack-client.browser.development.js:2274:18)
    at JSON.parse (<anonymous>)
    at resolveConsoleEntry (webpack-internal:///(app-pages-browser)/./node_modules/next/dist/compiled/react-server-dom-webpack/cjs/react-server-dom-webpack-client.browser.development.js:2109:28)
    at processFullStringRow (webpack-internal:///(app-pages-browser)/./node_modules/next/dist/compiled/react-server-dom-webpack/cjs/react-server-dom-webpack-client.browser.development.js:2250:11)
    at processFullBinaryRow (webpack-internal:///(app-pages-browser)/./node_modules/next/dist/compiled/react-server-dom-webpack/cjs/react-server-dom-webpack-client.browser.development.js:2213:7)
    at progress (webpack-internal:///(app-pages-browser)/./node_modules/next/dist/compiled/react-server-dom-webpack/cjs/react-server-dom-webpack-client.browser.development.js:2459:17) @ rsc://React/Server/webpack-internal:///(rsc)/./app/companies/%5Bslug%5D/page.tsx?31:28
[   68779ms] [WARNING] %c%s%c  background: #e6e6e6;background: light-dark(rgba(0,0,0,0.1), rgba(255,255,255,0.25));color: #000000;color: light-dark(#000000, #ffffff);border-radius: 2px  Server   Error: Route "/companies/[slug]" used `params.slug`. `params` should be awaited before using its properties. Learn more: https://nextjs.org/docs/messages/sync-dynamic-apis
    at eval (rsc://React/Server/webpack-internal:///(rsc)/./app/companies/%5Bslug%5D/page.tsx?8:53:113)
    at CompanyPage (rsc://React/Server/webpack-internal:///(rsc)/./app/companies/%5Bslug%5D/page.tsx?9:53:85)
    at resolveErrorDev (webpack-internal:///(app-pages-browser)/./node_modules/next/dist/compiled/react-server-dom-webpack/cjs/react-server-dom-webpack-client.browser.development.js:1845:46)
    at getOutlinedModel (webpack-internal:///(app-pages-browser)/./node_modules/next/dist/compiled/react-server-dom-webpack/cjs/react-server-dom-webpack-client.browser.development.js:1329:22)
    at parseModelString (webpack-internal:///(app-pages-browser)/./node_modules/next/dist/compiled/react-server-dom-webpack/cjs/react-server-dom-webpack-client.browser.development.js:1469:15)
    at Array.eval (webpack-internal:///(app-pages-browser)/./node_modules/next/dist/compiled/react-server-dom-webpack/cjs/react-server-dom-webpack-client.browser.development.js:2274:18)
    at JSON.parse (<anonymous>)
    at resolveConsoleEntry (webpack-internal:///(app-pages-browser)/./node_modules/next/dist/compiled/react-server-dom-webpack/cjs/react-server-dom-webpack-client.browser.development.js:2109:28)
    at processFullStringRow (webpack-internal:///(app-pages-browser)/./node_modules/next/dist/compiled/react-server-dom-webpack/cjs/react-server-dom-webpack-client.browser.development.js:2250:11)
    at processFullBinaryRow (webpack-internal:///(app-pages-browser)/./node_modules/next/dist/compiled/react-server-dom-webpack/cjs/react-server-dom-webpack-client.browser.development.js:2213:7)
    at progress (webpack-internal:///(app-pages-browser)/./node_modules/next/dist/compiled/react-server-dom-webpack/cjs/react-server-dom-webpack-client.browser.development.js:2459:17) @ rsc://React/Server/webpack-internal:///(rsc)/./app/companies/%5Bslug%5D/page.tsx?8:52
[   68811ms] [WARNING] %c%s%c  background: #e6e6e6;background: light-dark(rgba(0,0,0,0.1), rgba(255,255,255,0.25));color: #000000;color: light-dark(#000000, #ffffff);border-radius: 2px  Server   Error: Route "/companies/[slug]" used `params.slug`. `params` should be awaited before using its properties. Learn more: https://nextjs.org/docs/messages/sync-dynamic-apis
    at eval (rsc://React/Server/webpack-internal:///(rsc)/./app/companies/%5Bslug%5D/page.tsx?31:29:113)
    at Module.generateMetadata (rsc://React/Server/webpack-internal:///(rsc)/./app/companies/%5Bslug%5D/page.tsx?32:29:85)
    at resolveErrorDev (webpack-internal:///(app-pages-browser)/./node_modules/next/dist/compiled/react-server-dom-webpack/cjs/react-server-dom-webpack-client.browser.development.js:1845:46)
    at getOutlinedModel (webpack-internal:///(app-pages-browser)/./node_modules/next/dist/compiled/react-server-dom-webpack/cjs/react-server-dom-webpack-client.browser.development.js:1329:22)
    at parseModelString (webpack-internal:///(app-pages-browser)/./node_modules/next/dist/compiled/react-server-dom-webpack/cjs/react-server-dom-webpack-client.browser.development.js:1469:15)
    at Array.eval (webpack-internal:///(app-pages-browser)/./node_modules/next/dist/compiled/react-server-dom-webpack/cjs/react-server-dom-webpack-client.browser.development.js:2274:18)
    at JSON.parse (<anonymous>)
    at resolveConsoleEntry (webpack-internal:///(app-pages-browser)/./node_modules/next/dist/compiled/react-server-dom-webpack/cjs/react-server-dom-webpack-client.browser.development.js:2109:28)
    at processFullStringRow (webpack-internal:///(app-pages-browser)/./node_modules/next/dist/compiled/react-server-dom-webpack/cjs/react-server-dom-webpack-client.browser.development.js:2250:11)
    at processFullBinaryRow (webpack-internal:///(app-pages-browser)/./node_modules/next/dist/compiled/react-server-dom-webpack/cjs/react-server-dom-webpack-client.browser.development.js:2213:7)
    at progress (webpack-internal:///(app-pages-browser)/./node_modules/next/dist/compiled/react-server-dom-webpack/cjs/react-server-dom-webpack-client.browser.development.js:2459:17) @ rsc://React/Server/webpack-internal:///(rsc)/./app/companies/%5Bslug%5D/page.tsx?31:28
[   69369ms] [WARNING] %c%s%c  background: #e6e6e6;background: light-dark(rgba(0,0,0,0.1), rgba(255,255,255,0.25));color: #000000;color: light-dark(#000000, #ffffff);border-radius: 2px  Server   Error: Route "/companies/[slug]" used `params.slug`. `params` should be awaited before using its properties. Learn more: https://nextjs.org/docs/messages/sync-dynamic-apis
    at eval (rsc://React/Server/webpack-internal:///(rsc)/./app/companies/%5Bslug%5D/page.tsx?8:53:113)
    at CompanyPage (rsc://React/Server/webpack-internal:///(rsc)/./app/companies/%5Bslug%5D/page.tsx?9:53:85)
    at resolveErrorDev (webpack-internal:///(app-pages-browser)/./node_modules/next/dist/compiled/react-server-dom-webpack/cjs/react-server-dom-webpack-client.browser.development.js:1845:46)
    at getOutlinedModel (webpack-internal:///(app-pages-browser)/./node_modules/next/dist/compiled/react-server-dom-webpack/cjs/react-server-dom-webpack-client.browser.development.js:1329:22)
    at parseModelString (webpack-internal:///(app-pages-browser)/./node_modules/next/dist/compiled/react-server-dom-webpack/cjs/react-server-dom-webpack-client.browser.development.js:1469:15)
    at Array.eval (webpack-internal:///(app-pages-browser)/./node_modules/next/dist/compiled/react-server-dom-webpack/cjs/react-server-dom-webpack-client.browser.development.js:2274:18)
    at JSON.parse (<anonymous>)
    at resolveConsoleEntry (webpack-internal:///(app-pages-browser)/./node_modules/next/dist/compiled/react-server-dom-webpack/cjs/react-server-dom-webpack-client.browser.development.js:2109:28)
    at processFullStringRow (webpack-internal:///(app-pages-browser)/./node_modules/next/dist/compiled/react-server-dom-webpack/cjs/react-server-dom-webpack-client.browser.development.js:2250:11)
    at processFullBinaryRow (webpack-internal:///(app-pages-browser)/./node_modules/next/dist/compiled/react-server-dom-webpack/cjs/react-server-dom-webpack-client.browser.development.js:2213:7)
    at progress (webpack-internal:///(app-pages-browser)/./node_modules/next/dist/compiled/react-server-dom-webpack/cjs/react-server-dom-webpack-client.browser.development.js:2459:17) @ rsc://React/Server/webpack-internal:///(rsc)/./app/companies/%5Bslug%5D/page.tsx?8:52
[   69372ms] [WARNING] %c%s%c  background: #e6e6e6;background: light-dark(rgba(0,0,0,0.1), rgba(255,255,255,0.25));color: #000000;color: light-dark(#000000, #ffffff);border-radius: 2px  Server   Error: Route "/companies/[slug]" used `params.slug`. `params` should be awaited before using its properties. Learn more: https://nextjs.org/docs/messages/sync-dynamic-apis
    at eval (rsc://React/Server/webpack-internal:///(rsc)/./app/companies/%5Bslug%5D/page.tsx?31:29:113)
    at Module.generateMetadata (rsc://React/Server/webpack-internal:///(rsc)/./app/companies/%5Bslug%5D/page.tsx?32:29:85)
    at resolveErrorDev (webpack-internal:///(app-pages-browser)/./node_modules/next/dist/compiled/react-server-dom-webpack/cjs/react-server-dom-webpack-client.browser.development.js:1845:46)
    at getOutlinedModel (webpack-internal:///(app-pages-browser)/./node_modules/next/dist/compiled/react-server-dom-webpack/cjs/react-server-dom-webpack-client.browser.development.js:1329:22)
    at parseModelString (webpack-internal:///(app-pages-browser)/./node_modules/next/dist/compiled/react-server-dom-webpack/cjs/react-server-dom-webpack-client.browser.development.js:1469:15)
    at Array.eval (webpack-internal:///(app-pages-browser)/./node_modules/next/dist/compiled/react-server-dom-webpack/cjs/react-server-dom-webpack-client.browser.development.js:2274:18)
    at JSON.parse (<anonymous>)
    at resolveConsoleEntry (webpack-internal:///(app-pages-browser)/./node_modules/next/dist/compiled/react-server-dom-webpack/cjs/react-server-dom-webpack-client.browser.development.js:2109:28)
    at processFullStringRow (webpack-internal:///(app-pages-browser)/./node_modules/next/dist/compiled/react-server-dom-webpack/cjs/react-server-dom-webpack-client.browser.development.js:2250:11)
    at processFullBinaryRow (webpack-internal:///(app-pages-browser)/./node_modules/next/dist/compiled/react-server-dom-webpack/cjs/react-server-dom-webpack-client.browser.development.js:2213:7)
    at progress (webpack-internal:///(app-pages-browser)/./node_modules/next/dist/compiled/react-server-dom-webpack/cjs/react-server-dom-webpack-client.browser.development.js:2459:17) @ rsc://React/Server/webpack-internal:///(rsc)/./app/companies/%5Bslug%5D/page.tsx?31:28
[   69909ms] [WARNING] %c%s%c  background: #e6e6e6;background: light-dark(rgba(0,0,0,0.1), rgba(255,255,255,0.25));color: #000000;color: light-dark(#000000, #ffffff);border-radius: 2px  Server   Error: Route "/companies/[slug]" used `params.slug`. `params` should be awaited before using its properties. Learn more: https://nextjs.org/docs/messages/sync-dynamic-apis
    at eval (rsc://React/Server/webpack-internal:///(rsc)/./app/companies/%5Bslug%5D/page.tsx?8:53:113)
    at CompanyPage (rsc://React/Server/webpack-internal:///(rsc)/./app/companies/%5Bslug%5D/page.tsx?9:53:85)
    at resolveErrorDev (webpack-internal:///(app-pages-browser)/./node_modules/next/dist/compiled/react-server-dom-webpack/cjs/react-server-dom-webpack-client.browser.development.js:1845:46)
    at getOutlinedModel (webpack-internal:///(app-pages-browser)/./node_modules/next/dist/compiled/react-server-dom-webpack/cjs/react-server-dom-webpack-client.browser.development.js:1329:22)
    at parseModelString (webpack-internal:///(app-pages-browser)/./node_modules/next/dist/compiled/react-server-dom-webpack/cjs/react-server-dom-webpack-client.browser.development.js:1469:15)
    at Array.eval (webpack-internal:///(app-pages-browser)/./node_modules/next/dist/compiled/react-server-dom-webpack/cjs/react-server-dom-webpack-client.browser.development.js:2274:18)
    at JSON.parse (<anonymous>)
    at resolveConsoleEntry (webpack-internal:///(app-pages-browser)/./node_modules/next/dist/compiled/react-server-dom-webpack/cjs/react-server-dom-webpack-client.browser.development.js:2109:28)
    at processFullStringRow (webpack-internal:///(app-pages-browser)/./node_modules/next/dist/compiled/react-server-dom-webpack/cjs/react-server-dom-webpack-client.browser.development.js:2250:11)
    at processFullBinaryRow (webpack-internal:///(app-pages-browser)/./node_modules/next/dist/compiled/react-server-dom-webpack/cjs/react-server-dom-webpack-client.browser.development.js:2213:7)
    at progress (webpack-internal:///(app-pages-browser)/./node_modules/next/dist/compiled/react-server-dom-webpack/cjs/react-server-dom-webpack-client.browser.development.js:2459:17) @ rsc://React/Server/webpack-internal:///(rsc)/./app/companies/%5Bslug%5D/page.tsx?8:52
[   69911ms] [WARNING] %c%s%c  background: #e6e6e6;background: light-dark(rgba(0,0,0,0.1), rgba(255,255,255,0.25));color: #000000;color: light-dark(#000000, #ffffff);border-radius: 2px  Server   Error: Route "/companies/[slug]" used `params.slug`. `params` should be awaited before using its properties. Learn more: https://nextjs.org/docs/messages/sync-dynamic-apis
    at eval (rsc://React/Server/webpack-internal:///(rsc)/./app/companies/%5Bslug%5D/page.tsx?31:29:113)
    at Module.generateMetadata (rsc://React/Server/webpack-internal:///(rsc)/./app/companies/%5Bslug%5D/page.tsx?32:29:85)
    at resolveErrorDev (webpack-internal:///(app-pages-browser)/./node_modules/next/dist/compiled/react-server-dom-webpack/cjs/react-server-dom-webpack-client.browser.development.js:1845:46)
    at getOutlinedModel (webpack-internal:///(app-pages-browser)/./node_modules/next/dist/compiled/react-server-dom-webpack/cjs/react-server-dom-webpack-client.browser.development.js:1329:22)
    at parseModelString (webpack-internal:///(app-pages-browser)/./node_modules/next/dist/compiled/react-server-dom-webpack/cjs/react-server-dom-webpack-client.browser.development.js:1469:15)
    at Array.eval (webpack-internal:///(app-pages-browser)/./node_modules/next/dist/compiled/react-server-dom-webpack/cjs/react-server-dom-webpack-client.browser.development.js:2274:18)
    at JSON.parse (<anonymous>)
    at resolveConsoleEntry (webpack-internal:///(app-pages-browser)/./node_modules/next/dist/compiled/react-server-dom-webpack/cjs/react-server-dom-webpack-client.browser.development.js:2109:28)
    at processFullStringRow (webpack-internal:///(app-pages-browser)/./node_modules/next/dist/compiled/react-server-dom-webpack/cjs/react-server-dom-webpack-client.browser.development.js:2250:11)
    at processFullBinaryRow (webpack-internal:///(app-pages-browser)/./node_modules/next/dist/compiled/react-server-dom-webpack/cjs/react-server-dom-webpack-client.browser.development.js:2213:7)
    at progress (webpack-internal:///(app-pages-browser)/./node_modules/next/dist/compiled/react-server-dom-webpack/cjs/react-server-dom-webpack-client.browser.development.js:2459:17) @ rsc://React/Server/webpack-internal:///(rsc)/./app/companies/%5Bslug%5D/page.tsx?31:28
[   70338ms] [WARNING] %c%s%c  background: #e6e6e6;background: light-dark(rgba(0,0,0,0.1), rgba(255,255,255,0.25));color: #000000;color: light-dark(#000000, #ffffff);border-radius: 2px  Server   Error: Route "/companies/[slug]" used `params.slug`. `params` should be awaited before using its properties. Learn more: https://nextjs.org/docs/messages/sync-dynamic-apis
    at eval (rsc://React/Server/webpack-internal:///(rsc)/./app/companies/%5Bslug%5D/page.tsx?8:53:113)
    at CompanyPage (rsc://React/Server/webpack-internal:///(rsc)/./app/companies/%5Bslug%5D/page.tsx?9:53:85)
    at resolveErrorDev (webpack-internal:///(app-pages-browser)/./node_modules/next/dist/compiled/react-server-dom-webpack/cjs/react-server-dom-webpack-client.browser.development.js:1845:46)
    at getOutlinedModel (webpack-internal:///(app-pages-browser)/./node_modules/next/dist/compiled/react-server-dom-webpack/cjs/react-server-dom-webpack-client.browser.development.js:1329:22)
    at parseModelString (webpack-internal:///(app-pages-browser)/./node_modules/next/dist/compiled/react-server-dom-webpack/cjs/react-server-dom-webpack-client.browser.development.js:1469:15)
    at Array.eval (webpack-internal:///(app-pages-browser)/./node_modules/next/dist/compiled/react-server-dom-webpack/cjs/react-server-dom-webpack-client.browser.development.js:2274:18)
    at JSON.parse (<anonymous>)
    at resolveConsoleEntry (webpack-internal:///(app-pages-browser)/./node_modules/next/dist/compiled/react-server-dom-webpack/cjs/react-server-dom-webpack-client.browser.development.js:2109:28)
    at processFullStringRow (webpack-internal:///(app-pages-browser)/./node_modules/next/dist/compiled/react-server-dom-webpack/cjs/react-server-dom-webpack-client.browser.development.js:2250:11)
    at processFullBinaryRow (webpack-internal:///(app-pages-browser)/./node_modules/next/dist/compiled/react-server-dom-webpack/cjs/react-server-dom-webpack-client.browser.development.js:2213:7)
    at progress (webpack-internal:///(app-pages-browser)/./node_modules/next/dist/compiled/react-server-dom-webpack/cjs/react-server-dom-webpack-client.browser.development.js:2459:17) @ rsc://React/Server/webpack-internal:///(rsc)/./app/companies/%5Bslug%5D/page.tsx?8:52
[   70362ms] [WARNING] %c%s%c  background: #e6e6e6;background: light-dark(rgba(0,0,0,0.1), rgba(255,255,255,0.25));color: #000000;color: light-dark(#000000, #ffffff);border-radius: 2px  Server   Error: Route "/companies/[slug]" used `params.slug`. `params` should be awaited before using its properties. Learn more: https://nextjs.org/docs/messages/sync-dynamic-apis
    at eval (rsc://React/Server/webpack-internal:///(rsc)/./app/companies/%5Bslug%5D/page.tsx?31:29:113)
    at Module.generateMetadata (rsc://React/Server/webpack-internal:///(rsc)/./app/companies/%5Bslug%5D/page.tsx?32:29:85)
    at resolveErrorDev (webpack-internal:///(app-pages-browser)/./node_modules/next/dist/compiled/react-server-dom-webpack/cjs/react-server-dom-webpack-client.browser.development.js:1845:46)
    at getOutlinedModel (webpack-internal:///(app-pages-browser)/./node_modules/next/dist/compiled/react-server-dom-webpack/cjs/react-server-dom-webpack-client.browser.development.js:1329:22)
    at parseModelString (webpack-internal:///(app-pages-browser)/./node_modules/next/dist/compiled/react-server-dom-webpack/cjs/react-server-dom-webpack-client.browser.development.js:1469:15)
    at Array.eval (webpack-internal:///(app-pages-browser)/./node_modules/next/dist/compiled/react-server-dom-webpack/cjs/react-server-dom-webpack-client.browser.development.js:2274:18)
    at JSON.parse (<anonymous>)
    at resolveConsoleEntry (webpack-internal:///(app-pages-browser)/./node_modules/next/dist/compiled/react-server-dom-webpack/cjs/react-server-dom-webpack-client.browser.development.js:2109:28)
    at processFullStringRow (webpack-internal:///(app-pages-browser)/./node_modules/next/dist/compiled/react-server-dom-webpack/cjs/react-server-dom-webpack-client.browser.development.js:2250:11)
    at processFullBinaryRow (webpack-internal:///(app-pages-browser)/./node_modules/next/dist/compiled/react-server-dom-webpack/cjs/react-server-dom-webpack-client.browser.development.js:2213:7)
    at progress (webpack-internal:///(app-pages-browser)/./node_modules/next/dist/compiled/react-server-dom-webpack/cjs/react-server-dom-webpack-client.browser.development.js:2459:17) @ rsc://React/Server/webpack-internal:///(rsc)/./app/companies/%5Bslug%5D/page.tsx?31:28
[   70851ms] [WARNING] %c%s%c  background: #e6e6e6;background: light-dark(rgba(0,0,0,0.1), rgba(255,255,255,0.25));color: #000000;color: light-dark(#000000, #ffffff);border-radius: 2px  Server   Error: Route "/companies/[slug]" used `params.slug`. `params` should be awaited before using its properties. Learn more: https://nextjs.org/docs/messages/sync-dynamic-apis
    at eval (rsc://React/Server/webpack-internal:///(rsc)/./app/companies/%5Bslug%5D/page.tsx?8:53:113)
    at CompanyPage (rsc://React/Server/webpack-internal:///(rsc)/./app/companies/%5Bslug%5D/page.tsx?9:53:85)
    at resolveErrorDev (webpack-internal:///(app-pages-browser)/./node_modules/next/dist/compiled/react-server-dom-webpack/cjs/react-server-dom-webpack-client.browser.development.js:1845:46)
    at getOutlinedModel (webpack-internal:///(app-pages-browser)/./node_modules/next/dist/compiled/react-server-dom-webpack/cjs/react-server-dom-webpack-client.browser.development.js:1329:22)
    at parseModelString (webpack-internal:///(app-pages-browser)/./node_modules/next/dist/compiled/react-server-dom-webpack/cjs/react-server-dom-webpack-client.browser.development.js:1469:15)
    at Array.eval (webpack-internal:///(app-pages-browser)/./node_modules/next/dist/compiled/react-server-dom-webpack/cjs/react-server-dom-webpack-client.browser.development.js:2274:18)
    at JSON.parse (<anonymous>)
    at resolveConsoleEntry (webpack-internal:///(app-pages-browser)/./node_modules/next/dist/compiled/react-server-dom-webpack/cjs/react-server-dom-webpack-client.browser.development.js:2109:28)
    at processFullStringRow (webpack-internal:///(app-pages-browser)/./node_modules/next/dist/compiled/react-server-dom-webpack/cjs/react-server-dom-webpack-client.browser.development.js:2250:11)
    at processFullBinaryRow (webpack-internal:///(app-pages-browser)/./node_modules/next/dist/compiled/react-server-dom-webpack/cjs/react-server-dom-webpack-client.browser.development.js:2213:7)
    at progress (webpack-internal:///(app-pages-browser)/./node_modules/next/dist/compiled/react-server-dom-webpack/cjs/react-server-dom-webpack-client.browser.development.js:2459:17) @ rsc://React/Server/webpack-internal:///(rsc)/./app/companies/%5Bslug%5D/page.tsx?8:52
[   70866ms] [WARNING] %c%s%c  background: #e6e6e6;background: light-dark(rgba(0,0,0,0.1), rgba(255,255,255,0.25));color: #000000;color: light-dark(#000000, #ffffff);border-radius: 2px  Server   Error: Route "/companies/[slug]" used `params.slug`. `params` should be awaited before using its properties. Learn more: https://nextjs.org/docs/messages/sync-dynamic-apis
    at eval (rsc://React/Server/webpack-internal:///(rsc)/./app/companies/%5Bslug%5D/page.tsx?31:29:113)
    at Module.generateMetadata (rsc://React/Server/webpack-internal:///(rsc)/./app/companies/%5Bslug%5D/page.tsx?32:29:85)
    at resolveErrorDev (webpack-internal:///(app-pages-browser)/./node_modules/next/dist/compiled/react-server-dom-webpack/cjs/react-server-dom-webpack-client.browser.development.js:1845:46)
    at getOutlinedModel (webpack-internal:///(app-pages-browser)/./node_modules/next/dist/compiled/react-server-dom-webpack/cjs/react-server-dom-webpack-client.browser.development.js:1329:22)
    at parseModelString (webpack-internal:///(app-pages-browser)/./node_modules/next/dist/compiled/react-server-dom-webpack/cjs/react-server-dom-webpack-client.browser.development.js:1469:15)
    at Array.eval (webpack-internal:///(app-pages-browser)/./node_modules/next/dist/compiled/react-server-dom-webpack/cjs/react-server-dom-webpack-client.browser.development.js:2274:18)
    at JSON.parse (<anonymous>)
    at resolveConsoleEntry (webpack-internal:///(app-pages-browser)/./node_modules/next/dist/compiled/react-server-dom-webpack/cjs/react-server-dom-webpack-client.browser.development.js:2109:28)
    at processFullStringRow (webpack-internal:///(app-pages-browser)/./node_modules/next/dist/compiled/react-server-dom-webpack/cjs/react-server-dom-webpack-client.browser.development.js:2250:11)
    at processFullBinaryRow (webpack-internal:///(app-pages-browser)/./node_modules/next/dist/compiled/react-server-dom-webpack/cjs/react-server-dom-webpack-client.browser.development.js:2213:7)
    at progress (webpack-internal:///(app-pages-browser)/./node_modules/next/dist/compiled/react-server-dom-webpack/cjs/react-server-dom-webpack-client.browser.development.js:2459:17) @ rsc://React/Server/webpack-internal:///(rsc)/./app/companies/%5Bslug%5D/page.tsx?31:28
[   71551ms] [WARNING] %c%s%c  background: #e6e6e6;background: light-dark(rgba(0,0,0,0.1), rgba(255,255,255,0.25));color: #000000;color: light-dark(#000000, #ffffff);border-radius: 2px  Server   Error: Route "/companies/[slug]" used `params.slug`. `params` should be awaited before using its properties. Learn more: https://nextjs.org/docs/messages/sync-dynamic-apis
    at eval (rsc://React/Server/webpack-internal:///(rsc)/./app/companies/%5Bslug%5D/page.tsx?8:53:113)
    at CompanyPage (rsc://React/Server/webpack-internal:///(rsc)/./app/companies/%5Bslug%5D/page.tsx?9:53:85)
    at resolveErrorDev (webpack-internal:///(app-pages-browser)/./node_modules/next/dist/compiled/react-server-dom-webpack/cjs/react-server-dom-webpack-client.browser.development.js:1845:46)
    at getOutlinedModel (webpack-internal:///(app-pages-browser)/./node_modules/next/dist/compiled/react-server-dom-webpack/cjs/react-server-dom-webpack-client.browser.development.js:1329:22)
    at parseModelString (webpack-internal:///(app-pages-browser)/./node_modules/next/dist/compiled/react-server-dom-webpack/cjs/react-server-dom-webpack-client.browser.development.js:1469:15)
    at Array.eval (webpack-internal:///(app-pages-browser)/./node_modules/next/dist/compiled/react-server-dom-webpack/cjs/react-server-dom-webpack-client.browser.development.js:2274:18)
    at JSON.parse (<anonymous>)
    at resolveConsoleEntry (webpack-internal:///(app-pages-browser)/./node_modules/next/dist/compiled/react-server-dom-webpack/cjs/react-server-dom-webpack-client.browser.development.js:2109:28)
    at processFullStringRow (webpack-internal:///(app-pages-browser)/./node_modules/next/dist/compiled/react-server-dom-webpack/cjs/react-server-dom-webpack-client.browser.development.js:2250:11)
    at processFullBinaryRow (webpack-internal:///(app-pages-browser)/./node_modules/next/dist/compiled/react-server-dom-webpack/cjs/react-server-dom-webpack-client.browser.development.js:2213:7)
    at progress (webpack-internal:///(app-pages-browser)/./node_modules/next/dist/compiled/react-server-dom-webpack/cjs/react-server-dom-webpack-client.browser.development.js:2459:17) @ rsc://React/Server/webpack-internal:///(rsc)/./app/companies/%5Bslug%5D/page.tsx?8:52
[   71565ms] [WARNING] %c%s%c  background: #e6e6e6;background: light-dark(rgba(0,0,0,0.1), rgba(255,255,255,0.25));color: #000000;color: light-dark(#000000, #ffffff);border-radius: 2px  Server   Error: Route "/companies/[slug]" used `params.slug`. `params` should be awaited before using its properties. Learn more: https://nextjs.org/docs/messages/sync-dynamic-apis
    at eval (rsc://React/Server/webpack-internal:///(rsc)/./app/companies/%5Bslug%5D/page.tsx?31:29:113)
    at Module.generateMetadata (rsc://React/Server/webpack-internal:///(rsc)/./app/companies/%5Bslug%5D/page.tsx?32:29:85)
    at resolveErrorDev (webpack-internal:///(app-pages-browser)/./node_modules/next/dist/compiled/react-server-dom-webpack/cjs/react-server-dom-webpack-client.browser.development.js:1845:46)
    at getOutlinedModel (webpack-internal:///(app-pages-browser)/./node_modules/next/dist/compiled/react-server-dom-webpack/cjs/react-server-dom-webpack-client.browser.development.js:1329:22)
    at parseModelString (webpack-internal:///(app-pages-browser)/./node_modules/next/dist/compiled/react-server-dom-webpack/cjs/react-server-dom-webpack-client.browser.development.js:1469:15)
    at Array.eval (webpack-internal:///(app-pages-browser)/./node_modules/next/dist/compiled/react-server-dom-webpack/cjs/react-server-dom-webpack-client.browser.development.js:2274:18)
    at JSON.parse (<anonymous>)
    at resolveConsoleEntry (webpack-internal:///(app-pages-browser)/./node_modules/next/dist/compiled/react-server-dom-webpack/cjs/react-server-dom-webpack-client.browser.development.js:2109:28)
    at processFullStringRow (webpack-internal:///(app-pages-browser)/./node_modules/next/dist/compiled/react-server-dom-webpack/cjs/react-server-dom-webpack-client.browser.development.js:2250:11)
    at processFullBinaryRow (webpack-internal:///(app-pages-browser)/./node_modules/next/dist/compiled/react-server-dom-webpack/cjs/react-server-dom-webpack-client.browser.development.js:2213:7)
    at progress (webpack-internal:///(app-pages-browser)/./node_modules/next/dist/compiled/react-server-dom-webpack/cjs/react-server-dom-webpack-client.browser.development.js:2459:17) @ rsc://React/Server/webpack-internal:///(rsc)/./app/companies/%5Bslug%5D/page.tsx?31:28
[   72126ms] [WARNING] %c%s%c  background: #e6e6e6;background: light-dark(rgba(0,0,0,0.1), rgba(255,255,255,0.25));color: #000000;color: light-dark(#000000, #ffffff);border-radius: 2px  Server   Error: Route "/companies/[slug]" used `params.slug`. `params` should be awaited before using its properties. Learn more: https://nextjs.org/docs/messages/sync-dynamic-apis
    at eval (rsc://React/Server/webpack-internal:///(rsc)/./app/companies/%5Bslug%5D/page.tsx?8:53:113)
    at CompanyPage (rsc://React/Server/webpack-internal:///(rsc)/./app/companies/%5Bslug%5D/page.tsx?9:53:85)
    at resolveErrorDev (webpack-internal:///(app-pages-browser)/./node_modules/next/dist/compiled/react-server-dom-webpack/cjs/react-server-dom-webpack-client.browser.development.js:1845:46)
    at getOutlinedModel (webpack-internal:///(app-pages-browser)/./node_modules/next/dist/compiled/react-server-dom-webpack/cjs/react-server-dom-webpack-client.browser.development.js:1329:22)
    at parseModelString (webpack-internal:///(app-pages-browser)/./node_modules/next/dist/compiled/react-server-dom-webpack/cjs/react-server-dom-webpack-client.browser.development.js:1469:15)
    at Array.eval (webpack-internal:///(app-pages-browser)/./node_modules/next/dist/compiled/react-server-dom-webpack/cjs/react-server-dom-webpack-client.browser.development.js:2274:18)
    at JSON.parse (<anonymous>)
    at resolveConsoleEntry (webpack-internal:///(app-pages-browser)/./node_modules/next/dist/compiled/react-server-dom-webpack/cjs/react-server-dom-webpack-client.browser.development.js:2109:28)
    at processFullStringRow (webpack-internal:///(app-pages-browser)/./node_modules/next/dist/compiled/react-server-dom-webpack/cjs/react-server-dom-webpack-client.browser.development.js:2250:11)
    at processFullBinaryRow (webpack-internal:///(app-pages-browser)/./node_modules/next/dist/compiled/react-server-dom-webpack/cjs/react-server-dom-webpack-client.browser.development.js:2213:7)
    at progress (webpack-internal:///(app-pages-browser)/./node_modules/next/dist/compiled/react-server-dom-webpack/cjs/react-server-dom-webpack-client.browser.development.js:2459:17) @ rsc://React/Server/webpack-internal:///(rsc)/./app/companies/%5Bslug%5D/page.tsx?8:52
[   72142ms] [WARNING] %c%s%c  background: #e6e6e6;background: light-dark(rgba(0,0,0,0.1), rgba(255,255,255,0.25));color: #000000;color: light-dark(#000000, #ffffff);border-radius: 2px  Server   Error: Route "/companies/[slug]" used `params.slug`. `params` should be awaited before using its properties. Learn more: https://nextjs.org/docs/messages/sync-dynamic-apis
    at eval (rsc://React/Server/webpack-internal:///(rsc)/./app/companies/%5Bslug%5D/page.tsx?31:29:113)
    at Module.generateMetadata (rsc://React/Server/webpack-internal:///(rsc)/./app/companies/%5Bslug%5D/page.tsx?32:29:85)
    at resolveErrorDev (webpack-internal:///(app-pages-browser)/./node_modules/next/dist/compiled/react-server-dom-webpack/cjs/react-server-dom-webpack-client.browser.development.js:1845:46)
    at getOutlinedModel (webpack-internal:///(app-pages-browser)/./node_modules/next/dist/compiled/react-server-dom-webpack/cjs/react-server-dom-webpack-client.browser.development.js:1329:22)
    at parseModelString (webpack-internal:///(app-pages-browser)/./node_modules/next/dist/compiled/react-server-dom-webpack/cjs/react-server-dom-webpack-client.browser.development.js:1469:15)
    at Array.eval (webpack-internal:///(app-pages-browser)/./node_modules/next/dist/compiled/react-server-dom-webpack/cjs/react-server-dom-webpack-client.browser.development.js:2274:18)
    at JSON.parse (<anonymous>)
    at resolveConsoleEntry (webpack-internal:///(app-pages-browser)/./node_modules/next/dist/compiled/react-server-dom-webpack/cjs/react-server-dom-webpack-client.browser.development.js:2109:28)
    at processFullStringRow (webpack-internal:///(app-pages-browser)/./node_modules/next/dist/compiled/react-server-dom-webpack/cjs/react-server-dom-webpack-client.browser.development.js:2250:11)
    at processFullBinaryRow (webpack-internal:///(app-pages-browser)/./node_modules/next/dist/compiled/react-server-dom-webpack/cjs/react-server-dom-webpack-client.browser.development.js:2213:7)
    at progress (webpack-internal:///(app-pages-browser)/./node_modules/next/dist/compiled/react-server-dom-webpack/cjs/react-server-dom-webpack-client.browser.development.js:2459:17) @ rsc://React/Server/webpack-internal:///(rsc)/./app/companies/%5Bslug%5D/page.tsx?31:28
[   72604ms] [WARNING] %c%s%c  background: #e6e6e6;background: light-dark(rgba(0,0,0,0.1), rgba(255,255,255,0.25));color: #000000;color: light-dark(#000000, #ffffff);border-radius: 2px  Server   Error: Route "/companies/[slug]" used `params.slug`. `params` should be awaited before using its properties. Learn more: https://nextjs.org/docs/messages/sync-dynamic-apis
    at eval (rsc://React/Server/webpack-internal:///(rsc)/./app/companies/%5Bslug%5D/page.tsx?8:53:113)
    at CompanyPage (rsc://React/Server/webpack-internal:///(rsc)/./app/companies/%5Bslug%5D/page.tsx?9:53:85)
    at resolveErrorDev (webpack-internal:///(app-pages-browser)/./node_modules/next/dist/compiled/react-server-dom-webpack/cjs/react-server-dom-webpack-client.browser.development.js:1845:46)
    at getOutlinedModel (webpack-internal:///(app-pages-browser)/./node_modules/next/dist/compiled/react-server-dom-webpack/cjs/react-server-dom-webpack-client.browser.development.js:1329:22)
    at parseModelString (webpack-internal:///(app-pages-browser)/./node_modules/next/dist/compiled/react-server-dom-webpack/cjs/react-server-dom-webpack-client.browser.development.js:1469:15)
    at Array.eval (webpack-internal:///(app-pages-browser)/./node_modules/next/dist/compiled/react-server-dom-webpack/cjs/react-server-dom-webpack-client.browser.development.js:2274:18)
    at JSON.parse (<anonymous>)
    at resolveConsoleEntry (webpack-internal:///(app-pages-browser)/./node_modules/next/dist/compiled/react-server-dom-webpack/cjs/react-server-dom-webpack-client.browser.development.js:2109:28)
    at processFullStringRow (webpack-internal:///(app-pages-browser)/./node_modules/next/dist/compiled/react-server-dom-webpack/cjs/react-server-dom-webpack-client.browser.development.js:2250:11)
    at processFullBinaryRow (webpack-internal:///(app-pages-browser)/./node_modules/next/dist/compiled/react-server-dom-webpack/cjs/react-server-dom-webpack-client.browser.development.js:2213:7)
    at progress (webpack-internal:///(app-pages-browser)/./node_modules/next/dist/compiled/react-server-dom-webpack/cjs/react-server-dom-webpack-client.browser.development.js:2459:17) @ rsc://React/Server/webpack-internal:///(rsc)/./app/companies/%5Bslug%5D/page.tsx?8:52
[   72618ms] [WARNING] %c%s%c  background: #e6e6e6;background: light-dark(rgba(0,0,0,0.1), rgba(255,255,255,0.25));color: #000000;color: light-dark(#000000, #ffffff);border-radius: 2px  Server   Error: Route "/companies/[slug]" used `params.slug`. `params` should be awaited before using its properties. Learn more: https://nextjs.org/docs/messages/sync-dynamic-apis
    at eval (rsc://React/Server/webpack-internal:///(rsc)/./app/companies/%5Bslug%5D/page.tsx?31:29:113)
    at Module.generateMetadata (rsc://React/Server/webpack-internal:///(rsc)/./app/companies/%5Bslug%5D/page.tsx?32:29:85)
    at resolveErrorDev (webpack-internal:///(app-pages-browser)/./node_modules/next/dist/compiled/react-server-dom-webpack/cjs/react-server-dom-webpack-client.browser.development.js:1845:46)
    at getOutlinedModel (webpack-internal:///(app-pages-browser)/./node_modules/next/dist/compiled/react-server-dom-webpack/cjs/react-server-dom-webpack-client.browser.development.js:1329:22)
    at parseModelString (webpack-internal:///(app-pages-browser)/./node_modules/next/dist/compiled/react-server-dom-webpack/cjs/react-server-dom-webpack-client.browser.development.js:1469:15)
    at Array.eval (webpack-internal:///(app-pages-browser)/./node_modules/next/dist/compiled/react-server-dom-webpack/cjs/react-server-dom-webpack-client.browser.development.js:2274:18)
    at JSON.parse (<anonymous>)
    at resolveConsoleEntry (webpack-internal:///(app-pages-browser)/./node_modules/next/dist/compiled/react-server-dom-webpack/cjs/react-server-dom-webpack-client.browser.development.js:2109:28)
    at processFullStringRow (webpack-internal:///(app-pages-browser)/./node_modules/next/dist/compiled/react-server-dom-webpack/cjs/react-server-dom-webpack-client.browser.development.js:2250:11)
    at processFullBinaryRow (webpack-internal:///(app-pages-browser)/./node_modules/next/dist/compiled/react-server-dom-webpack/cjs/react-server-dom-webpack-client.browser.development.js:2213:7)
    at progress (webpack-internal:///(app-pages-browser)/./node_modules/next/dist/compiled/react-server-dom-webpack/cjs/react-server-dom-webpack-client.browser.development.js:2459:17) @ rsc://React/Server/webpack-internal:///(rsc)/./app/companies/%5Bslug%5D/page.tsx?31:28
[   73135ms] [WARNING] %c%s%c  background: #e6e6e6;background: light-dark(rgba(0,0,0,0.1), rgba(255,255,255,0.25));color: #000000;color: light-dark(#000000, #ffffff);border-radius: 2px  Server   Error: Route "/companies/[slug]" used `params.slug`. `params` should be awaited before using its properties. Learn more: https://nextjs.org/docs/messages/sync-dynamic-apis
    at eval (rsc://React/Server/webpack-internal:///(rsc)/./app/companies/%5Bslug%5D/page.tsx?8:53:113)
    at CompanyPage (rsc://React/Server/webpack-internal:///(rsc)/./app/companies/%5Bslug%5D/page.tsx?9:53:85)
    at resolveErrorDev (webpack-internal:///(app-pages-browser)/./node_modules/next/dist/compiled/react-server-dom-webpack/cjs/react-server-dom-webpack-client.browser.development.js:1845:46)
    at getOutlinedModel (webpack-internal:///(app-pages-browser)/./node_modules/next/dist/compiled/react-server-dom-webpack/cjs/react-server-dom-webpack-client.browser.development.js:1329:22)
    at parseModelString (webpack-internal:///(app-pages-browser)/./node_modules/next/dist/compiled/react-server-dom-webpack/cjs/react-server-dom-webpack-client.browser.development.js:1469:15)
    at Array.eval (webpack-internal:///(app-pages-browser)/./node_modules/next/dist/compiled/react-server-dom-webpack/cjs/react-server-dom-webpack-client.browser.development.js:2274:18)
    at JSON.parse (<anonymous>)
    at resolveConsoleEntry (webpack-internal:///(app-pages-browser)/./node_modules/next/dist/compiled/react-server-dom-webpack/cjs/react-server-dom-webpack-client.browser.development.js:2109:28)
    at processFullStringRow (webpack-internal:///(app-pages-browser)/./node_modules/next/dist/compiled/react-server-dom-webpack/cjs/react-server-dom-webpack-client.browser.development.js:2250:11)
    at processFullBinaryRow (webpack-internal:///(app-pages-browser)/./node_modules/next/dist/compiled/react-server-dom-webpack/cjs/react-server-dom-webpack-client.browser.development.js:2213:7)
    at progress (webpack-internal:///(app-pages-browser)/./node_modules/next/dist/compiled/react-server-dom-webpack/cjs/react-server-dom-webpack-client.browser.development.js:2459:17) @ rsc://React/Server/webpack-internal:///(rsc)/./app/companies/%5Bslug%5D/page.tsx?8:52
[   73138ms] [WARNING] %c%s%c  background: #e6e6e6;background: light-dark(rgba(0,0,0,0.1), rgba(255,255,255,0.25));color: #000000;color: light-dark(#000000, #ffffff);border-radius: 2px  Server   Error: Route "/companies/[slug]" used `params.slug`. `params` should be awaited before using its properties. Learn more: https://nextjs.org/docs/messages/sync-dynamic-apis
    at eval (rsc://React/Server/webpack-internal:///(rsc)/./app/companies/%5Bslug%5D/page.tsx?31:29:113)
    at Module.generateMetadata (rsc://React/Server/webpack-internal:///(rsc)/./app/companies/%5Bslug%5D/page.tsx?32:29:85)
    at resolveErrorDev (webpack-internal:///(app-pages-browser)/./node_modules/next/dist/compiled/react-server-dom-webpack/cjs/react-server-dom-webpack-client.browser.development.js:1845:46)
    at getOutlinedModel (webpack-internal:///(app-pages-browser)/./node_modules/next/dist/compiled/react-server-dom-webpack/cjs/react-server-dom-webpack-client.browser.development.js:1329:22)
    at parseModelString (webpack-internal:///(app-pages-browser)/./node_modules/next/dist/compiled/react-server-dom-webpack/cjs/react-server-dom-webpack-client.browser.development.js:1469:15)
    at Array.eval (webpack-internal:///(app-pages-browser)/./node_modules/next/dist/compiled/react-server-dom-webpack/cjs/react-server-dom-webpack-client.browser.development.js:2274:18)
    at JSON.parse (<anonymous>)
    at resolveConsoleEntry (webpack-internal:///(app-pages-browser)/./node_modules/next/dist/compiled/react-server-dom-webpack/cjs/react-server-dom-webpack-client.browser.development.js:2109:28)
    at processFullStringRow (webpack-internal:///(app-pages-browser)/./node_modules/next/dist/compiled/react-server-dom-webpack/cjs/react-server-dom-webpack-client.browser.development.js:2250:11)
    at processFullBinaryRow (webpack-internal:///(app-pages-browser)/./node_modules/next/dist/compiled/react-server-dom-webpack/cjs/react-server-dom-webpack-client.browser.development.js:2213:7)
    at progress (webpack-internal:///(app-pages-browser)/./node_modules/next/dist/compiled/react-server-dom-webpack/cjs/react-server-dom-webpack-client.browser.development.js:2459:17) @ rsc://React/Server/webpack-internal:///(rsc)/./app/companies/%5Bslug%5D/page.tsx?31:28
[   73620ms] [WARNING] %c%s%c  background: #e6e6e6;background: light-dark(rgba(0,0,0,0.1), rgba(255,255,255,0.25));color: #000000;color: light-dark(#000000, #ffffff);border-radius: 2px  Server   Error: Route "/companies/[slug]" used `params.slug`. `params` should be awaited before using its properties. Learn more: https://nextjs.org/docs/messages/sync-dynamic-apis
    at eval (rsc://React/Server/webpack-internal:///(rsc)/./app/companies/%5Bslug%5D/page.tsx?8:53:113)
    at CompanyPage (rsc://React/Server/webpack-internal:///(rsc)/./app/companies/%5Bslug%5D/page.tsx?9:53:85)
    at resolveErrorDev (webpack-internal:///(app-pages-browser)/./node_modules/next/dist/compiled/react-server-dom-webpack/cjs/react-server-dom-webpack-client.browser.development.js:1845:46)
    at getOutlinedModel (webpack-internal:///(app-pages-browser)/./node_modules/next/dist/compiled/react-server-dom-webpack/cjs/react-server-dom-webpack-client.browser.development.js:1329:22)
    at parseModelString (webpack-internal:///(app-pages-browser)/./node_modules/next/dist/compiled/react-server-dom-webpack/cjs/react-server-dom-webpack-client.browser.development.js:1469:15)
    at Array.eval (webpack-internal:///(app-pages-browser)/./node_modules/next/dist/compiled/react-server-dom-webpack/cjs/react-server-dom-webpack-client.browser.development.js:2274:18)
    at JSON.parse (<anonymous>)
    at resolveConsoleEntry (webpack-internal:///(app-pages-browser)/./node_modules/next/dist/compiled/react-server-dom-webpack/cjs/react-server-dom-webpack-client.browser.development.js:2109:28)
    at processFullStringRow (webpack-internal:///(app-pages-browser)/./node_modules/next/dist/compiled/react-server-dom-webpack/cjs/react-server-dom-webpack-client.browser.development.js:2250:11)
    at processFullBinaryRow (webpack-internal:///(app-pages-browser)/./node_modules/next/dist/compiled/react-server-dom-webpack/cjs/react-server-dom-webpack-client.browser.development.js:2213:7)
    at progress (webpack-internal:///(app-pages-browser)/./node_modules/next/dist/compiled/react-server-dom-webpack/cjs/react-server-dom-webpack-client.browser.development.js:2459:17) @ rsc://React/Server/webpack-internal:///(rsc)/./app/companies/%5Bslug%5D/page.tsx?8:52
[   73678ms] [WARNING] %c%s%c  background: #e6e6e6;background: light-dark(rgba(0,0,0,0.1), rgba(255,255,255,0.25));color: #000000;color: light-dark(#000000, #ffffff);border-radius: 2px  Server   Error: Route "/companies/[slug]" used `params.slug`. `params` should be awaited before using its properties. Learn more: https://nextjs.org/docs/messages/sync-dynamic-apis
    at eval (rsc://React/Server/webpack-internal:///(rsc)/./app/companies/%5Bslug%5D/page.tsx?31:29:113)
    at Module.generateMetadata (rsc://React/Server/webpack-internal:///(rsc)/./app/companies/%5Bslug%5D/page.tsx?32:29:85)
    at resolveErrorDev (webpack-internal:///(app-pages-browser)/./node_modules/next/dist/compiled/react-server-dom-webpack/cjs/react-server-dom-webpack-client.browser.development.js:1845:46)
    at getOutlinedModel (webpack-internal:///(app-pages-browser)/./node_modules/next/dist/compiled/react-server-dom-webpack/cjs/react-server-dom-webpack-client.browser.development.js:1329:22)
    at parseModelString (webpack-internal:///(app-pages-browser)/./node_modules/next/dist/compiled/react-server-dom-webpack/cjs/react-server-dom-webpack-client.browser.development.js:1469:15)
    at Array.eval (webpack-internal:///(app-pages-browser)/./node_modules/next/dist/compiled/react-server-dom-webpack/cjs/react-server-dom-webpack-client.browser.development.js:2274:18)
    at JSON.parse (<anonymous>)
    at resolveConsoleEntry (webpack-internal:///(app-pages-browser)/./node_modules/next/dist/compiled/react-server-dom-webpack/cjs/react-server-dom-webpack-client.browser.development.js:2109:28)
    at processFullStringRow (webpack-internal:///(app-pages-browser)/./node_modules/next/dist/compiled/react-server-dom-webpack/cjs/react-server-dom-webpack-client.browser.development.js:2250:11)
    at processFullBinaryRow (webpack-internal:///(app-pages-browser)/./node_modules/next/dist/compiled/react-server-dom-webpack/cjs/react-server-dom-webpack-client.browser.development.js:2213:7)
    at progress (webpack-internal:///(app-pages-browser)/./node_modules/next/dist/compiled/react-server-dom-webpack/cjs/react-server-dom-webpack-client.browser.development.js:2459:17) @ rsc://React/Server/webpack-internal:///(rsc)/./app/companies/%5Bslug%5D/page.tsx?31:28
[   74183ms] [WARNING] %c%s%c  background: #e6e6e6;background: light-dark(rgba(0,0,0,0.1), rgba(255,255,255,0.25));color: #000000;color: light-dark(#000000, #ffffff);border-radius: 2px  Server   Error: Route "/companies/[slug]" used `params.slug`. `params` should be awaited before using its properties. Learn more: https://nextjs.org/docs/messages/sync-dynamic-apis
    at eval (rsc://React/Server/webpack-internal:///(rsc)/./app/companies/%5Bslug%5D/page.tsx?8:53:113)
    at CompanyPage (rsc://React/Server/webpack-internal:///(rsc)/./app/companies/%5Bslug%5D/page.tsx?9:53:85)
    at resolveErrorDev (webpack-internal:///(app-pages-browser)/./node_modules/next/dist/compiled/react-server-dom-webpack/cjs/react-server-dom-webpack-client.browser.development.js:1845:46)
    at getOutlinedModel (webpack-internal:///(app-pages-browser)/./node_modules/next/dist/compiled/react-server-dom-webpack/cjs/react-server-dom-webpack-client.browser.development.js:1329:22)
    at parseModelString (webpack-internal:///(app-pages-browser)/./node_modules/next/dist/compiled/react-server-dom-webpack/cjs/react-server-dom-webpack-client.browser.development.js:1469:15)
    at Array.eval (webpack-internal:///(app-pages-browser)/./node_modules/next/dist/compiled/react-server-dom-webpack/cjs/react-server-dom-webpack-client.browser.development.js:2274:18)
    at JSON.parse (<anonymous>)
    at resolveConsoleEntry (webpack-internal:///(app-pages-browser)/./node_modules/next/dist/compiled/react-server-dom-webpack/cjs/react-server-dom-webpack-client.browser.development.js:2109:28)
    at processFullStringRow (webpack-internal:///(app-pages-browser)/./node_modules/next/dist/compiled/react-server-dom-webpack/cjs/react-server-dom-webpack-client.browser.development.js:2250:11)
    at processFullBinaryRow (webpack-internal:///(app-pages-browser)/./node_modules/next/dist/compiled/react-server-dom-webpack/cjs/react-server-dom-webpack-client.browser.development.js:2213:7)
    at progress (webpack-internal:///(app-pages-browser)/./node_modules/next/dist/compiled/react-server-dom-webpack/cjs/react-server-dom-webpack-client.browser.development.js:2459:17) @ rsc://React/Server/webpack-internal:///(rsc)/./app/companies/%5Bslug%5D/page.tsx?8:52
[   74186ms] [WARNING] %c%s%c  background: #e6e6e6;background: light-dark(rgba(0,0,0,0.1), rgba(255,255,255,0.25));color: #000000;color: light-dark(#000000, #ffffff);border-radius: 2px  Server   Error: Route "/companies/[slug]" used `params.slug`. `params` should be awaited before using its properties. Learn more: https://nextjs.org/docs/messages/sync-dynamic-apis
    at eval (rsc://React/Server/webpack-internal:///(rsc)/./app/companies/%5Bslug%5D/page.tsx?31:29:113)
    at Module.generateMetadata (rsc://React/Server/webpack-internal:///(rsc)/./app/companies/%5Bslug%5D/page.tsx?32:29:85)
    at resolveErrorDev (webpack-internal:///(app-pages-browser)/./node_modules/next/dist/compiled/react-server-dom-webpack/cjs/react-server-dom-webpack-client.browser.development.js:1845:46)
    at getOutlinedModel (webpack-internal:///(app-pages-browser)/./node_modules/next/dist/compiled/react-server-dom-webpack/cjs/react-server-dom-webpack-client.browser.development.js:1329:22)
    at parseModelString (webpack-internal:///(app-pages-browser)/./node_modules/next/dist/compiled/react-server-dom-webpack/cjs/react-server-dom-webpack-client.browser.development.js:1469:15)
    at Array.eval (webpack-internal:///(app-pages-browser)/./node_modules/next/dist/compiled/react-server-dom-webpack/cjs/react-server-dom-webpack-client.browser.development.js:2274:18)
    at JSON.parse (<anonymous>)
    at resolveConsoleEntry (webpack-internal:///(app-pages-browser)/./node_modules/next/dist/compiled/react-server-dom-webpack/cjs/react-server-dom-webpack-client.browser.development.js:2109:28)
    at processFullStringRow (webpack-internal:///(app-pages-browser)/./node_modules/next/dist/compiled/react-server-dom-webpack/cjs/react-server-dom-webpack-client.browser.development.js:2250:11)
    at processFullBinaryRow (webpack-internal:///(app-pages-browser)/./node_modules/next/dist/compiled/react-server-dom-webpack/cjs/react-server-dom-webpack-client.browser.development.js:2213:7)
    at progress (webpack-internal:///(app-pages-browser)/./node_modules/next/dist/compiled/react-server-dom-webpack/cjs/react-server-dom-webpack-client.browser.development.js:2459:17) @ rsc://React/Server/webpack-internal:///(rsc)/./app/companies/%5Bslug%5D/page.tsx?31:28
[   74729ms] [WARNING] %c%s%c  background: #e6e6e6;background: light-dark(rgba(0,0,0,0.1), rgba(255,255,255,0.25));color: #000000;color: light-dark(#000000, #ffffff);border-radius: 2px  Server   Error: Route "/companies/[slug]" used `params.slug`. `params` should be awaited before using its properties. Learn more: https://nextjs.org/docs/messages/sync-dynamic-apis
    at eval (rsc://React/Server/webpack-internal:///(rsc)/./app/companies/%5Bslug%5D/page.tsx?8:53:113)
    at CompanyPage (rsc://React/Server/webpack-internal:///(rsc)/./app/companies/%5Bslug%5D/page.tsx?9:53:85)
    at resolveErrorDev (webpack-internal:///(app-pages-browser)/./node_modules/next/dist/compiled/react-server-dom-webpack/cjs/react-server-dom-webpack-client.browser.development.js:1845:46)
    at getOutlinedModel (webpack-internal:///(app-pages-browser)/./node_modules/next/dist/compiled/react-server-dom-webpack/cjs/react-server-dom-webpack-client.browser.development.js:1329:22)
    at parseModelString (webpack-internal:///(app-pages-browser)/./node_modules/next/dist/compiled/react-server-dom-webpack/cjs/react-server-dom-webpack-client.browser.development.js:1469:15)
    at Array.eval (webpack-internal:///(app-pages-browser)/./node_modules/next/dist/compiled/react-server-dom-webpack/cjs/react-server-dom-webpack-client.browser.development.js:2274:18)
    at JSON.parse (<anonymous>)
    at resolveConsoleEntry (webpack-internal:///(app-pages-browser)/./node_modules/next/dist/compiled/react-server-dom-webpack/cjs/react-server-dom-webpack-client.browser.development.js:2109:28)
    at processFullStringRow (webpack-internal:///(app-pages-browser)/./node_modules/next/dist/compiled/react-server-dom-webpack/cjs/react-server-dom-webpack-client.browser.development.js:2250:11)
    at processFullBinaryRow (webpack-internal:///(app-pages-browser)/./node_modules/next/dist/compiled/react-server-dom-webpack/cjs/react-server-dom-webpack-client.browser.development.js:2213:7)
    at progress (webpack-internal:///(app-pages-browser)/./node_modules/next/dist/compiled/react-server-dom-webpack/cjs/react-server-dom-webpack-client.browser.development.js:2459:17) @ rsc://React/Server/webpack-internal:///(rsc)/./app/companies/%5Bslug%5D/page.tsx?8:52
[   74766ms] [WARNING] %c%s%c  background: #e6e6e6;background: light-dark(rgba(0,0,0,0.1), rgba(255,255,255,0.25));color: #000000;color: light-dark(#000000, #ffffff);border-radius: 2px  Server   Error: Route "/companies/[slug]" used `params.slug`. `params` should be awaited before using its properties. Learn more: https://nextjs.org/docs/messages/sync-dynamic-apis
    at eval (rsc://React/Server/webpack-internal:///(rsc)/./app/companies/%5Bslug%5D/page.tsx?31:29:113)
    at Module.generateMetadata (rsc://React/Server/webpack-internal:///(rsc)/./app/companies/%5Bslug%5D/page.tsx?32:29:85)
    at resolveErrorDev (webpack-internal:///(app-pages-browser)/./node_modules/next/dist/compiled/react-server-dom-webpack/cjs/react-server-dom-webpack-client.browser.development.js:1845:46)
    at getOutlinedModel (webpack-internal:///(app-pages-browser)/./node_modules/next/dist/compiled/react-server-dom-webpack/cjs/react-server-dom-webpack-client.browser.development.js:1329:22)
    at parseModelString (webpack-internal:///(app-pages-browser)/./node_modules/next/dist/compiled/react-server-dom-webpack/cjs/react-server-dom-webpack-client.browser.development.js:1469:15)
    at Array.eval (webpack-internal:///(app-pages-browser)/./node_modules/next/dist/compiled/react-server-dom-webpack/cjs/react-server-dom-webpack-client.browser.development.js:2274:18)
    at JSON.parse (<anonymous>)
    at resolveConsoleEntry (webpack-internal:///(app-pages-browser)/./node_modules/next/dist/compiled/react-server-dom-webpack/cjs/react-server-dom-webpack-client.browser.development.js:2109:28)
    at processFullStringRow (webpack-internal:///(app-pages-browser)/./node_modules/next/dist/compiled/react-server-dom-webpack/cjs/react-server-dom-webpack-client.browser.development.js:2250:11)
    at processFullBinaryRow (webpack-internal:///(app-pages-browser)/./node_modules/next/dist/compiled/react-server-dom-webpack/cjs/react-server-dom-webpack-client.browser.development.js:2213:7)
    at progress (webpack-internal:///(app-pages-browser)/./node_modules/next/dist/compiled/react-server-dom-webpack/cjs/react-server-dom-webpack-client.browser.development.js:2459:17) @ rsc://React/Server/webpack-internal:///(rsc)/./app/companies/%5Bslug%5D/page.tsx?31:28
[   75579ms] [WARNING] %c%s%c  background: #e6e6e6;background: light-dark(rgba(0,0,0,0.1), rgba(255,255,255,0.25));color: #000000;color: light-dark(#000000, #ffffff);border-radius: 2px  Server   Error: Route "/companies/[slug]" used `params.slug`. `params` should be awaited before using its properties. Learn more: https://nextjs.org/docs/messages/sync-dynamic-apis
    at eval (rsc://React/Server/webpack-internal:///(rsc)/./app/companies/%5Bslug%5D/page.tsx?8:53:113)
    at CompanyPage (rsc://React/Server/webpack-internal:///(rsc)/./app/companies/%5Bslug%5D/page.tsx?9:53:85)
    at resolveErrorDev (webpack-internal:///(app-pages-browser)/./node_modules/next/dist/compiled/react-server-dom-webpack/cjs/react-server-dom-webpack-client.browser.development.js:1845:46)
    at getOutlinedModel (webpack-internal:///(app-pages-browser)/./node_modules/next/dist/compiled/react-server-dom-webpack/cjs/react-server-dom-webpack-client.browser.development.js:1329:22)
    at parseModelString (webpack-internal:///(app-pages-browser)/./node_modules/next/dist/compiled/react-server-dom-webpack/cjs/react-server-dom-webpack-client.browser.development.js:1469:15)
    at Array.eval (webpack-internal:///(app-pages-browser)/./node_modules/next/dist/compiled/react-server-dom-webpack/cjs/react-server-dom-webpack-client.browser.development.js:2274:18)
    at JSON.parse (<anonymous>)
    at resolveConsoleEntry (webpack-internal:///(app-pages-browser)/./node_modules/next/dist/compiled/react-server-dom-webpack/cjs/react-server-dom-webpack-client.browser.development.js:2109:28)
    at processFullStringRow (webpack-internal:///(app-pages-browser)/./node_modules/next/dist/compiled/react-server-dom-webpack/cjs/react-server-dom-webpack-client.browser.development.js:2250:11)
    at processFullBinaryRow (webpack-internal:///(app-pages-browser)/./node_modules/next/dist/compiled/react-server-dom-webpack/cjs/react-server-dom-webpack-client.browser.development.js:2213:7)
    at progress (webpack-internal:///(app-pages-browser)/./node_modules/next/dist/compiled/react-server-dom-webpack/cjs/react-server-dom-webpack-client.browser.development.js:2459:17) @ rsc://React/Server/webpack-internal:///(rsc)/./app/companies/%5Bslug%5D/page.tsx?8:52
[   75595ms] [WARNING] %c%s%c  background: #e6e6e6;background: light-dark(rgba(0,0,0,0.1), rgba(255,255,255,0.25));color: #000000;color: light-dark(#000000, #ffffff);border-radius: 2px  Server   Error: Route "/companies/[slug]" used `params.slug`. `params` should be awaited before using its properties. Learn more: https://nextjs.org/docs/messages/sync-dynamic-apis
    at eval (rsc://React/Server/webpack-internal:///(rsc)/./app/companies/%5Bslug%5D/page.tsx?31:29:113)
    at Module.generateMetadata (rsc://React/Server/webpack-internal:///(rsc)/./app/companies/%5Bslug%5D/page.tsx?32:29:85)
    at resolveErrorDev (webpack-internal:///(app-pages-browser)/./node_modules/next/dist/compiled/react-server-dom-webpack/cjs/react-server-dom-webpack-client.browser.development.js:1845:46)
    at getOutlinedModel (webpack-internal:///(app-pages-browser)/./node_modules/next/dist/compiled/react-server-dom-webpack/cjs/react-server-dom-webpack-client.browser.development.js:1329:22)
    at parseModelString (webpack-internal:///(app-pages-browser)/./node_modules/next/dist/compiled/react-server-dom-webpack/cjs/react-server-dom-webpack-client.browser.development.js:1469:15)
    at Array.eval (webpack-internal:///(app-pages-browser)/./node_modules/next/dist/compiled/react-server-dom-webpack/cjs/react-server-dom-webpack-client.browser.development.js:2274:18)
    at JSON.parse (<anonymous>)
    at resolveConsoleEntry (webpack-internal:///(app-pages-browser)/./node_modules/next/dist/compiled/react-server-dom-webpack/cjs/react-server-dom-webpack-client.browser.development.js:2109:28)
    at processFullStringRow (webpack-internal:///(app-pages-browser)/./node_modules/next/dist/compiled/react-server-dom-webpack/cjs/react-server-dom-webpack-client.browser.development.js:2250:11)
    at processFullBinaryRow (webpack-internal:///(app-pages-browser)/./node_modules/next/dist/compiled/react-server-dom-webpack/cjs/react-server-dom-webpack-client.browser.development.js:2213:7)
    at progress (webpack-internal:///(app-pages-browser)/./node_modules/next/dist/compiled/react-server-dom-webpack/cjs/react-server-dom-webpack-client.browser.development.js:2459:17) @ rsc://React/Server/webpack-internal:///(rsc)/./app/companies/%5Bslug%5D/page.tsx?31:28
[   76044ms] [WARNING] %c%s%c  background: #e6e6e6;background: light-dark(rgba(0,0,0,0.1), rgba(255,255,255,0.25));color: #000000;color: light-dark(#000000, #ffffff);border-radius: 2px  Server   Error: Route "/companies/[slug]" used `params.slug`. `params` should be awaited before using its properties. Learn more: https://nextjs.org/docs/messages/sync-dynamic-apis
    at eval (rsc://React/Server/webpack-internal:///(rsc)/./app/companies/%5Bslug%5D/page.tsx?8:53:113)
    at CompanyPage (rsc://React/Server/webpack-internal:///(rsc)/./app/companies/%5Bslug%5D/page.tsx?9:53:85)
    at resolveErrorDev (webpack-internal:///(app-pages-browser)/./node_modules/next/dist/compiled/react-server-dom-webpack/cjs/react-server-dom-webpack-client.browser.development.js:1845:46)
    at getOutlinedModel (webpack-internal:///(app-pages-browser)/./node_modules/next/dist/compiled/react-server-dom-webpack/cjs/react-server-dom-webpack-client.browser.development.js:1329:22)
    at parseModelString (webpack-internal:///(app-pages-browser)/./node_modules/next/dist/compiled/react-server-dom-webpack/cjs/react-server-dom-webpack-client.browser.development.js:1469:15)
    at Array.eval (webpack-internal:///(app-pages-browser)/./node_modules/next/dist/compiled/react-server-dom-webpack/cjs/react-server-dom-webpack-client.browser.development.js:2274:18)
    at JSON.parse (<anonymous>)
    at resolveConsoleEntry (webpack-internal:///(app-pages-browser)/./node_modules/next/dist/compiled/react-server-dom-webpack/cjs/react-server-dom-webpack-client.browser.development.js:2109:28)
    at processFullStringRow (webpack-internal:///(app-pages-browser)/./node_modules/next/dist/compiled/react-server-dom-webpack/cjs/react-server-dom-webpack-client.browser.development.js:2250:11)
    at processFullBinaryRow (webpack-internal:///(app-pages-browser)/./node_modules/next/dist/compiled/react-server-dom-webpack/cjs/react-server-dom-webpack-client.browser.development.js:2213:7)
    at progress (webpack-internal:///(app-pages-browser)/./node_modules/next/dist/compiled/react-server-dom-webpack/cjs/react-server-dom-webpack-client.browser.development.js:2459:17) @ rsc://React/Server/webpack-internal:///(rsc)/./app/companies/%5Bslug%5D/page.tsx?8:52
[   76047ms] [WARNING] %c%s%c  background: #e6e6e6;background: light-dark(rgba(0,0,0,0.1), rgba(255,255,255,0.25));color: #000000;color: light-dark(#000000, #ffffff);border-radius: 2px  Server   Error: Route "/companies/[slug]" used `params.slug`. `params` should be awaited before using its properties. Learn more: https://nextjs.org/docs/messages/sync-dynamic-apis
    at eval (rsc://React/Server/webpack-internal:///(rsc)/./app/companies/%5Bslug%5D/page.tsx?31:29:113)
    at Module.generateMetadata (rsc://React/Server/webpack-internal:///(rsc)/./app/companies/%5Bslug%5D/page.tsx?32:29:85)
    at resolveErrorDev (webpack-internal:///(app-pages-browser)/./node_modules/next/dist/compiled/react-server-dom-webpack/cjs/react-server-dom-webpack-client.browser.development.js:1845:46)
    at getOutlinedModel (webpack-internal:///(app-pages-browser)/./node_modules/next/dist/compiled/react-server-dom-webpack/cjs/react-server-dom-webpack-client.browser.development.js:1329:22)
    at parseModelString (webpack-internal:///(app-pages-browser)/./node_modules/next/dist/compiled/react-server-dom-webpack/cjs/react-server-dom-webpack-client.browser.development.js:1469:15)
    at Array.eval (webpack-internal:///(app-pages-browser)/./node_modules/next/dist/compiled/react-server-dom-webpack/cjs/react-server-dom-webpack-client.browser.development.js:2274:18)
    at JSON.parse (<anonymous>)
    at resolveConsoleEntry (webpack-internal:///(app-pages-browser)/./node_modules/next/dist/compiled/react-server-dom-webpack/cjs/react-server-dom-webpack-client.browser.development.js:2109:28)
    at processFullStringRow (webpack-internal:///(app-pages-browser)/./node_modules/next/dist/compiled/react-server-dom-webpack/cjs/react-server-dom-webpack-client.browser.development.js:2250:11)
    at processFullBinaryRow (webpack-internal:///(app-pages-browser)/./node_modules/next/dist/compiled/react-server-dom-webpack/cjs/react-server-dom-webpack-client.browser.development.js:2213:7)
    at progress (webpack-internal:///(app-pages-browser)/./node_modules/next/dist/compiled/react-server-dom-webpack/cjs/react-server-dom-webpack-client.browser.development.js:2459:17) @ rsc://React/Server/webpack-internal:///(rsc)/./app/companies/%5Bslug%5D/page.tsx?31:28
[   76566ms] [WARNING] %c%s%c  background: #e6e6e6;background: light-dark(rgba(0,0,0,0.1), rgba(255,255,255,0.25));color: #000000;color: light-dark(#000000, #ffffff);border-radius: 2px  Server   Error: Route "/companies/[slug]" used `params.slug`. `params` should be awaited before using its properties. Learn more: https://nextjs.org/docs/messages/sync-dynamic-apis
    at eval (rsc://React/Server/webpack-internal:///(rsc)/./app/companies/%5Bslug%5D/page.tsx?8:53:113)
    at CompanyPage (rsc://React/Server/webpack-internal:///(rsc)/./app/companies/%5Bslug%5D/page.tsx?9:53:85)
    at resolveErrorDev (webpack-internal:///(app-pages-browser)/./node_modules/next/dist/compiled/react-server-dom-webpack/cjs/react-server-dom-webpack-client.browser.development.js:1845:46)
    at getOutlinedModel (webpack-internal:///(app-pages-browser)/./node_modules/next/dist/compiled/react-server-dom-webpack/cjs/react-server-dom-webpack-client.browser.development.js:1329:22)
    at parseModelString (webpack-internal:///(app-pages-browser)/./node_modules/next/dist/compiled/react-server-dom-webpack/cjs/react-server-dom-webpack-client.browser.development.js:1469:15)
    at Array.eval (webpack-internal:///(app-pages-browser)/./node_modules/next/dist/compiled/react-server-dom-webpack/cjs/react-server-dom-webpack-client.browser.development.js:2274:18)
    at JSON.parse (<anonymous>)
    at resolveConsoleEntry (webpack-internal:///(app-pages-browser)/./node_modules/next/dist/compiled/react-server-dom-webpack/cjs/react-server-dom-webpack-client.browser.development.js:2109:28)
    at processFullStringRow (webpack-internal:///(app-pages-browser)/./node_modules/next/dist/compiled/react-server-dom-webpack/cjs/react-server-dom-webpack-client.browser.development.js:2250:11)
    at processFullBinaryRow (webpack-internal:///(app-pages-browser)/./node_modules/next/dist/compiled/react-server-dom-webpack/cjs/react-server-dom-webpack-client.browser.development.js:2213:7)
    at progress (webpack-internal:///(app-pages-browser)/./node_modules/next/dist/compiled/react-server-dom-webpack/cjs/react-server-dom-webpack-client.browser.development.js:2459:17) @ rsc://React/Server/webpack-internal:///(rsc)/./app/companies/%5Bslug%5D/page.tsx?8:52
[   76591ms] [WARNING] %c%s%c  background: #e6e6e6;background: light-dark(rgba(0,0,0,0.1), rgba(255,255,255,0.25));color: #000000;color: light-dark(#000000, #ffffff);border-radius: 2px  Server   Error: Route "/companies/[slug]" used `params.slug`. `params` should be awaited before using its properties. Learn more: https://nextjs.org/docs/messages/sync-dynamic-apis
    at eval (rsc://React/Server/webpack-internal:///(rsc)/./app/companies/%5Bslug%5D/page.tsx?31:29:113)
    at Module.generateMetadata (rsc://React/Server/webpack-internal:///(rsc)/./app/companies/%5Bslug%5D/page.tsx?32:29:85)
    at resolveErrorDev (webpack-internal:///(app-pages-browser)/./node_modules/next/dist/compiled/react-server-dom-webpack/cjs/react-server-dom-webpack-client.browser.development.js:1845:46)
    at getOutlinedModel (webpack-internal:///(app-pages-browser)/./node_modules/next/dist/compiled/react-server-dom-webpack/cjs/react-server-dom-webpack-client.browser.development.js:1329:22)
    at parseModelString (webpack-internal:///(app-pages-browser)/./node_modules/next/dist/compiled/react-server-dom-webpack/cjs/react-server-dom-webpack-client.browser.development.js:1469:15)
    at Array.eval (webpack-internal:///(app-pages-browser)/./node_modules/next/dist/compiled/react-server-dom-webpack/cjs/react-server-dom-webpack-client.browser.development.js:2274:18)
    at JSON.parse (<anonymous>)
    at resolveConsoleEntry (webpack-internal:///(app-pages-browser)/./node_modules/next/dist/compiled/react-server-dom-webpack/cjs/react-server-dom-webpack-client.browser.development.js:2109:28)
    at processFullStringRow (webpack-internal:///(app-pages-browser)/./node_modules/next/dist/compiled/react-server-dom-webpack/cjs/react-server-dom-webpack-client.browser.development.js:2250:11)
    at processFullBinaryRow (webpack-internal:///(app-pages-browser)/./node_modules/next/dist/compiled/react-server-dom-webpack/cjs/react-server-dom-webpack-client.browser.development.js:2213:7)
    at progress (webpack-internal:///(app-pages-browser)/./node_modules/next/dist/compiled/react-server-dom-webpack/cjs/react-server-dom-webpack-client.browser.development.js:2459:17) @ rsc://React/Server/webpack-internal:///(rsc)/./app/companies/%5Bslug%5D/page.tsx?31:28
[   77054ms] [WARNING] %c%s%c  background: #e6e6e6;background: light-dark(rgba(0,0,0,0.1), rgba(255,255,255,0.25));color: #000000;color: light-dark(#000000, #ffffff);border-radius: 2px  Server   Error: Route "/companies/[slug]" used `params.slug`. `params` should be awaited before using its properties. Learn more: https://nextjs.org/docs/messages/sync-dynamic-apis
    at eval (rsc://React/Server/webpack-internal:///(rsc)/./app/companies/%5Bslug%5D/page.tsx?8:53:113)
    at CompanyPage (rsc://React/Server/webpack-internal:///(rsc)/./app/companies/%5Bslug%5D/page.tsx?9:53:85)
    at resolveErrorDev (webpack-internal:///(app-pages-browser)/./node_modules/next/dist/compiled/react-server-dom-webpack/cjs/react-server-dom-webpack-client.browser.development.js:1845:46)
    at getOutlinedModel (webpack-internal:///(app-pages-browser)/./node_modules/next/dist/compiled/react-server-dom-webpack/cjs/react-server-dom-webpack-client.browser.development.js:1329:22)
    at parseModelString (webpack-internal:///(app-pages-browser)/./node_modules/next/dist/compiled/react-server-dom-webpack/cjs/react-server-dom-webpack-client.browser.development.js:1469:15)
    at Array.eval (webpack-internal:///(app-pages-browser)/./node_modules/next/dist/compiled/react-server-dom-webpack/cjs/react-server-dom-webpack-client.browser.development.js:2274:18)
    at JSON.parse (<anonymous>)
    at resolveConsoleEntry (webpack-internal:///(app-pages-browser)/./node_modules/next/dist/compiled/react-server-dom-webpack/cjs/react-server-dom-webpack-client.browser.development.js:2109:28)
    at processFullStringRow (webpack-internal:///(app-pages-browser)/./node_modules/next/dist/compiled/react-server-dom-webpack/cjs/react-server-dom-webpack-client.browser.development.js:2250:11)
    at processFullBinaryRow (webpack-internal:///(app-pages-browser)/./node_modules/next/dist/compiled/react-server-dom-webpack/cjs/react-server-dom-webpack-client.browser.development.js:2213:7)
    at progress (webpack-internal:///(app-pages-browser)/./node_modules/next/dist/compiled/react-server-dom-webpack/cjs/react-server-dom-webpack-client.browser.development.js:2459:17) @ rsc://React/Server/webpack-internal:///(rsc)/./app/companies/%5Bslug%5D/page.tsx?8:52
[   77057ms] [WARNING] %c%s%c  background: #e6e6e6;background: light-dark(rgba(0,0,0,0.1), rgba(255,255,255,0.25));color: #000000;color: light-dark(#000000, #ffffff);border-radius: 2px  Server   Error: Route "/companies/[slug]" used `params.slug`. `params` should be awaited before using its properties. Learn more: https://nextjs.org/docs/messages/sync-dynamic-apis
    at eval (rsc://React/Server/webpack-internal:///(rsc)/./app/companies/%5Bslug%5D/page.tsx?31:29:113)
    at Module.generateMetadata (rsc://React/Server/webpack-internal:///(rsc)/./app/companies/%5Bslug%5D/page.tsx?32:29:85)
    at resolveErrorDev (webpack-internal:///(app-pages-browser)/./node_modules/next/dist/compiled/react-server-dom-webpack/cjs/react-server-dom-webpack-client.browser.development.js:1845:46)
    at getOutlinedModel (webpack-internal:///(app-pages-browser)/./node_modules/next/dist/compiled/react-server-dom-webpack/cjs/react-server-dom-webpack-client.browser.development.js:1329:22)
    at parseModelString (webpack-internal:///(app-pages-browser)/./node_modules/next/dist/compiled/react-server-dom-webpack/cjs/react-server-dom-webpack-client.browser.development.js:1469:15)
    at Array.eval (webpack-internal:///(app-pages-browser)/./node_modules/next/dist/compiled/react-server-dom-webpack/cjs/react-server-dom-webpack-client.browser.development.js:2274:18)
    at JSON.parse (<anonymous>)
    at resolveConsoleEntry (webpack-internal:///(app-pages-browser)/./node_modules/next/dist/compiled/react-server-dom-webpack/cjs/react-server-dom-webpack-client.browser.development.js:2109:28)
    at processFullStringRow (webpack-internal:///(app-pages-browser)/./node_modules/next/dist/compiled/react-server-dom-webpack/cjs/react-server-dom-webpack-client.browser.development.js:2250:11)
    at processFullBinaryRow (webpack-internal:///(app-pages-browser)/./node_modules/next/dist/compiled/react-server-dom-webpack/cjs/react-server-dom-webpack-client.browser.development.js:2213:7)
    at progress (webpack-internal:///(app-pages-browser)/./node_modules/next/dist/compiled/react-server-dom-webpack/cjs/react-server-dom-webpack-client.browser.development.js:2459:17) @ rsc://React/Server/webpack-internal:///(rsc)/./app/companies/%5Bslug%5D/page.tsx?31:28
[   77564ms] [WARNING] %c%s%c  background: #e6e6e6;background: light-dark(rgba(0,0,0,0.1), rgba(255,255,255,0.25));color: #000000;color: light-dark(#000000, #ffffff);border-radius: 2px  Server   Error: Route "/companies/[slug]" used `params.slug`. `params` should be awaited before using its properties. Learn more: https://nextjs.org/docs/messages/sync-dynamic-apis
    at eval (rsc://React/Server/webpack-internal:///(rsc)/./app/companies/%5Bslug%5D/page.tsx?8:53:113)
    at CompanyPage (rsc://React/Server/webpack-internal:///(rsc)/./app/companies/%5Bslug%5D/page.tsx?9:53:85)
    at resolveErrorDev (webpack-internal:///(app-pages-browser)/./node_modules/next/dist/compiled/react-server-dom-webpack/cjs/react-server-dom-webpack-client.browser.development.js:1845:46)
    at getOutlinedModel (webpack-internal:///(app-pages-browser)/./node_modules/next/dist/compiled/react-server-dom-webpack/cjs/react-server-dom-webpack-client.browser.development.js:1329:22)
    at parseModelString (webpack-internal:///(app-pages-browser)/./node_modules/next/dist/compiled/react-server-dom-webpack/cjs/react-server-dom-webpack-client.browser.development.js:1469:15)
    at Array.eval (webpack-internal:///(app-pages-browser)/./node_modules/next/dist/compiled/react-server-dom-webpack/cjs/react-server-dom-webpack-client.browser.development.js:2274:18)
    at JSON.parse (<anonymous>)
    at resolveConsoleEntry (webpack-internal:///(app-pages-browser)/./node_modules/next/dist/compiled/react-server-dom-webpack/cjs/react-server-dom-webpack-client.browser.development.js:2109:28)
    at processFullStringRow (webpack-internal:///(app-pages-browser)/./node_modules/next/dist/compiled/react-server-dom-webpack/cjs/react-server-dom-webpack-client.browser.development.js:2250:11)
    at processFullBinaryRow (webpack-internal:///(app-pages-browser)/./node_modules/next/dist/compiled/react-server-dom-webpack/cjs/react-server-dom-webpack-client.browser.development.js:2213:7)
    at progress (webpack-internal:///(app-pages-browser)/./node_modules/next/dist/compiled/react-server-dom-webpack/cjs/react-server-dom-webpack-client.browser.development.js:2459:17) @ rsc://React/Server/webpack-internal:///(rsc)/./app/companies/%5Bslug%5D/page.tsx?8:52
[   77567ms] [WARNING] %c%s%c  background: #e6e6e6;background: light-dark(rgba(0,0,0,0.1), rgba(255,255,255,0.25));color: #000000;color: light-dark(#000000, #ffffff);border-radius: 2px  Server   Error: Route "/companies/[slug]" used `params.slug`. `params` should be awaited before using its properties. Learn more: https://nextjs.org/docs/messages/sync-dynamic-apis
    at eval (rsc://React/Server/webpack-internal:///(rsc)/./app/companies/%5Bslug%5D/page.tsx?31:29:113)
    at Module.generateMetadata (rsc://React/Server/webpack-internal:///(rsc)/./app/companies/%5Bslug%5D/page.tsx?32:29:85)
    at resolveErrorDev (webpack-internal:///(app-pages-browser)/./node_modules/next/dist/compiled/react-server-dom-webpack/cjs/react-server-dom-webpack-client.browser.development.js:1845:46)
    at getOutlinedModel (webpack-internal:///(app-pages-browser)/./node_modules/next/dist/compiled/react-server-dom-webpack/cjs/react-server-dom-webpack-client.browser.development.js:1329:22)
    at parseModelString (webpack-internal:///(app-pages-browser)/./node_modules/next/dist/compiled/react-server-dom-webpack/cjs/react-server-dom-webpack-client.browser.development.js:1469:15)
    at Array.eval (webpack-internal:///(app-pages-browser)/./node_modules/next/dist/compiled/react-server-dom-webpack/cjs/react-server-dom-webpack-client.browser.development.js:2274:18)
    at JSON.parse (<anonymous>)
    at resolveConsoleEntry (webpack-internal:///(app-pages-browser)/./node_modules/next/dist/compiled/react-server-dom-webpack/cjs/react-server-dom-webpack-client.browser.development.js:2109:28)
    at processFullStringRow (webpack-internal:///(app-pages-browser)/./node_modules/next/dist/compiled/react-server-dom-webpack/cjs/react-server-dom-webpack-client.browser.development.js:2250:11)
    at processFullBinaryRow (webpack-internal:///(app-pages-browser)/./node_modules/next/dist/compiled/react-server-dom-webpack/cjs/react-server-dom-webpack-client.browser.development.js:2213:7)
    at progress (webpack-internal:///(app-pages-browser)/./node_modules/next/dist/compiled/react-server-dom-webpack/cjs/react-server-dom-webpack-client.browser.development.js:2459:17) @ rsc://React/Server/webpack-internal:///(rsc)/./app/companies/%5Bslug%5D/page.tsx?31:28
[   77958ms] [WARNING] %c%s%c  background: #e6e6e6;background: light-dark(rgba(0,0,0,0.1), rgba(255,255,255,0.25));color: #000000;color: light-dark(#000000, #ffffff);border-radius: 2px  Server   Error: Route "/companies/[slug]" used `params.slug`. `params` should be awaited before using its properties. Learn more: https://nextjs.org/docs/messages/sync-dynamic-apis
    at eval (rsc://React/Server/webpack-internal:///(rsc)/./app/companies/%5Bslug%5D/page.tsx?8:53:113)
    at CompanyPage (rsc://React/Server/webpack-internal:///(rsc)/./app/companies/%5Bslug%5D/page.tsx?9:53:85)
    at resolveErrorDev (webpack-internal:///(app-pages-browser)/./node_modules/next/dist/compiled/react-server-dom-webpack/cjs/react-server-dom-webpack-client.browser.development.js:1845:46)
    at getOutlinedModel (webpack-internal:///(app-pages-browser)/./node_modules/next/dist/compiled/react-server-dom-webpack/cjs/react-server-dom-webpack-client.browser.development.js:1329:22)
    at parseModelString (webpack-internal:///(app-pages-browser)/./node_modules/next/dist/compiled/react-server-dom-webpack/cjs/react-server-dom-webpack-client.browser.development.js:1469:15)
    at Array.eval (webpack-internal:///(app-pages-browser)/./node_modules/next/dist/compiled/react-server-dom-webpack/cjs/react-server-dom-webpack-client.browser.development.js:2274:18)
    at JSON.parse (<anonymous>)
    at resolveConsoleEntry (webpack-internal:///(app-pages-browser)/./node_modules/next/dist/compiled/react-server-dom-webpack/cjs/react-server-dom-webpack-client.browser.development.js:2109:28)
    at processFullStringRow (webpack-internal:///(app-pages-browser)/./node_modules/next/dist/compiled/react-server-dom-webpack/cjs/react-server-dom-webpack-client.browser.development.js:2250:11)
    at processFullBinaryRow (webpack-internal:///(app-pages-browser)/./node_modules/next/dist/compiled/react-server-dom-webpack/cjs/react-server-dom-webpack-client.browser.development.js:2213:7)
    at progress (webpack-internal:///(app-pages-browser)/./node_modules/next/dist/compiled/react-server-dom-webpack/cjs/react-server-dom-webpack-client.browser.development.js:2459:17) @ rsc://React/Server/webpack-internal:///(rsc)/./app/companies/%5Bslug%5D/page.tsx?8:52
[   77960ms] [WARNING] %c%s%c  background: #e6e6e6;background: light-dark(rgba(0,0,0,0.1), rgba(255,255,255,0.25));color: #000000;color: light-dark(#000000, #ffffff);border-radius: 2px  Server   Error: Route "/companies/[slug]" used `params.slug`. `params` should be awaited before using its properties. Learn more: https://nextjs.org/docs/messages/sync-dynamic-apis
    at eval (rsc://React/Server/webpack-internal:///(rsc)/./app/companies/%5Bslug%5D/page.tsx?31:29:113)
    at Module.generateMetadata (rsc://React/Server/webpack-internal:///(rsc)/./app/companies/%5Bslug%5D/page.tsx?32:29:85)
    at resolveErrorDev (webpack-internal:///(app-pages-browser)/./node_modules/next/dist/compiled/react-server-dom-webpack/cjs/react-server-dom-webpack-client.browser.development.js:1845:46)
    at getOutlinedModel (webpack-internal:///(app-pages-browser)/./node_modules/next/dist/compiled/react-server-dom-webpack/cjs/react-server-dom-webpack-client.browser.development.js:1329:22)
    at parseModelString (webpack-internal:///(app-pages-browser)/./node_modules/next/dist/compiled/react-server-dom-webpack/cjs/react-server-dom-webpack-client.browser.development.js:1469:15)
    at Array.eval (webpack-internal:///(app-pages-browser)/./node_modules/next/dist/compiled/react-server-dom-webpack/cjs/react-server-dom-webpack-client.browser.development.js:2274:18)
    at JSON.parse (<anonymous>)
    at resolveConsoleEntry (webpack-internal:///(app-pages-browser)/./node_modules/next/dist/compiled/react-server-dom-webpack/cjs/react-server-dom-webpack-client.browser.development.js:2109:28)
    at processFullStringRow (webpack-internal:///(app-pages-browser)/./node_modules/next/dist/compiled/react-server-dom-webpack/cjs/react-server-dom-webpack-client.browser.development.js:2250:11)
    at processFullBinaryRow (webpack-internal:///(app-pages-browser)/./node_modules/next/dist/compiled/react-server-dom-webpack/cjs/react-server-dom-webpack-client.browser.development.js:2213:7)
    at progress (webpack-internal:///(app-pages-browser)/./node_modules/next/dist/compiled/react-server-dom-webpack/cjs/react-server-dom-webpack-client.browser.development.js:2459:17) @ rsc://React/Server/webpack-internal:///(rsc)/./app/companies/%5Bslug%5D/page.tsx?31:28
[   78654ms] [WARNING] %c%s%c  background: #e6e6e6;background: light-dark(rgba(0,0,0,0.1), rgba(255,255,255,0.25));color: #000000;color: light-dark(#000000, #ffffff);border-radius: 2px  Server   Error: Route "/companies/[slug]" used `params.slug`. `params` should be awaited before using its properties. Learn more: https://nextjs.org/docs/messages/sync-dynamic-apis
    at eval (rsc://React/Server/webpack-internal:///(rsc)/./app/companies/%5Bslug%5D/page.tsx?8:53:113)
    at CompanyPage (rsc://React/Server/webpack-internal:///(rsc)/./app/companies/%5Bslug%5D/page.tsx?9:53:85)
    at resolveErrorDev (webpack-internal:///(app-pages-browser)/./node_modules/next/dist/compiled/react-server-dom-webpack/cjs/react-server-dom-webpack-client.browser.development.js:1845:46)
    at getOutlinedModel (webpack-internal:///(app-pages-browser)/./node_modules/next/dist/compiled/react-server-dom-webpack/cjs/react-server-dom-webpack-client.browser.development.js:1329:22)
    at parseModelString (webpack-internal:///(app-pages-browser)/./node_modules/next/dist/compiled/react-server-dom-webpack/cjs/react-server-dom-webpack-client.browser.development.js:1469:15)
    at Array.eval (webpack-internal:///(app-pages-browser)/./node_modules/next/dist/compiled/react-server-dom-webpack/cjs/react-server-dom-webpack-client.browser.development.js:2274:18)
    at JSON.parse (<anonymous>)
    at resolveConsoleEntry (webpack-internal:///(app-pages-browser)/./node_modules/next/dist/compiled/react-server-dom-webpack/cjs/react-server-dom-webpack-client.browser.development.js:2109:28)
    at processFullStringRow (webpack-internal:///(app-pages-browser)/./node_modules/next/dist/compiled/react-server-dom-webpack/cjs/react-server-dom-webpack-client.browser.development.js:2250:11)
    at processFullBinaryRow (webpack-internal:///(app-pages-browser)/./node_modules/next/dist/compiled/react-server-dom-webpack/cjs/react-server-dom-webpack-client.browser.development.js:2213:7)
    at progress (webpack-internal:///(app-pages-browser)/./node_modules/next/dist/compiled/react-server-dom-webpack/cjs/react-server-dom-webpack-client.browser.development.js:2459:17) @ rsc://React/Server/webpack-internal:///(rsc)/./app/companies/%5Bslug%5D/page.tsx?8:52
[   78667ms] [WARNING] %c%s%c  background: #e6e6e6;background: light-dark(rgba(0,0,0,0.1), rgba(255,255,255,0.25));color: #000000;color: light-dark(#000000, #ffffff);border-radius: 2px  Server   Error: Route "/companies/[slug]" used `params.slug`. `params` should be awaited before using its properties. Learn more: https://nextjs.org/docs/messages/sync-dynamic-apis
    at eval (rsc://React/Server/webpack-internal:///(rsc)/./app/companies/%5Bslug%5D/page.tsx?31:29:113)
    at Module.generateMetadata (rsc://React/Server/webpack-internal:///(rsc)/./app/companies/%5Bslug%5D/page.tsx?32:29:85)
    at resolveErrorDev (webpack-internal:///(app-pages-browser)/./node_modules/next/dist/compiled/react-server-dom-webpack/cjs/react-server-dom-webpack-client.browser.development.js:1845:46)
    at getOutlinedModel (webpack-internal:///(app-pages-browser)/./node_modules/next/dist/compiled/react-server-dom-webpack/cjs/react-server-dom-webpack-client.browser.development.js:1329:22)
    at parseModelString (webpack-internal:///(app-pages-browser)/./node_modules/next/dist/compiled/react-server-dom-webpack/cjs/react-server-dom-webpack-client.browser.development.js:1469:15)
    at Array.eval (webpack-internal:///(app-pages-browser)/./node_modules/next/dist/compiled/react-server-dom-webpack/cjs/react-server-dom-webpack-client.browser.development.js:2274:18)
    at JSON.parse (<anonymous>)
    at resolveConsoleEntry (webpack-internal:///(app-pages-browser)/./node_modules/next/dist/compiled/react-server-dom-webpack/cjs/react-server-dom-webpack-client.browser.development.js:2109:28)
    at processFullStringRow (webpack-internal:///(app-pages-browser)/./node_modules/next/dist/compiled/react-server-dom-webpack/cjs/react-server-dom-webpack-client.browser.development.js:2250:11)
    at processFullBinaryRow (webpack-internal:///(app-pages-browser)/./node_modules/next/dist/compiled/react-server-dom-webpack/cjs/react-server-dom-webpack-client.browser.development.js:2213:7)
    at progress (webpack-internal:///(app-pages-browser)/./node_modules/next/dist/compiled/react-server-dom-webpack/cjs/react-server-dom-webpack-client.browser.development.js:2459:17) @ rsc://React/Server/webpack-internal:///(rsc)/./app/companies/%5Bslug%5D/page.tsx?31:28
[   79188ms] [WARNING] %c%s%c  background: #e6e6e6;background: light-dark(rgba(0,0,0,0.1), rgba(255,255,255,0.25));color: #000000;color: light-dark(#000000, #ffffff);border-radius: 2px  Server   Error: Route "/companies/[slug]" used `params.slug`. `params` should be awaited before using its properties. Learn more: https://nextjs.org/docs/messages/sync-dynamic-apis
    at eval (rsc://React/Server/webpack-internal:///(rsc)/./app/companies/%5Bslug%5D/page.tsx?8:53:113)
    at CompanyPage (rsc://React/Server/webpack-internal:///(rsc)/./app/companies/%5Bslug%5D/page.tsx?9:53:85)
    at resolveErrorDev (webpack-internal:///(app-pages-browser)/./node_modules/next/dist/compiled/react-server-dom-webpack/cjs/react-server-dom-webpack-client.browser.development.js:1845:46)
    at getOutlinedModel (webpack-internal:///(app-pages-browser)/./node_modules/next/dist/compiled/react-server-dom-webpack/cjs/react-server-dom-webpack-client.browser.development.js:1329:22)
    at parseModelString (webpack-internal:///(app-pages-browser)/./node_modules/next/dist/compiled/react-server-dom-webpack/cjs/react-server-dom-webpack-client.browser.development.js:1469:15)
    at Array.eval (webpack-internal:///(app-pages-browser)/./node_modules/next/dist/compiled/react-server-dom-webpack/cjs/react-server-dom-webpack-client.browser.development.js:2274:18)
    at JSON.parse (<anonymous>)
    at resolveConsoleEntry (webpack-internal:///(app-pages-browser)/./node_modules/next/dist/compiled/react-server-dom-webpack/cjs/react-server-dom-webpack-client.browser.development.js:2109:28)
    at processFullStringRow (webpack-internal:///(app-pages-browser)/./node_modules/next/dist/compiled/react-server-dom-webpack/cjs/react-server-dom-webpack-client.browser.development.js:2250:11)
    at processFullBinaryRow (webpack-internal:///(app-pages-browser)/./node_modules/next/dist/compiled/react-server-dom-webpack/cjs/react-server-dom-webpack-client.browser.development.js:2213:7)
    at progress (webpack-internal:///(app-pages-browser)/./node_modules/next/dist/compiled/react-server-dom-webpack/cjs/react-server-dom-webpack-client.browser.development.js:2459:17) @ rsc://React/Server/webpack-internal:///(rsc)/./app/companies/%5Bslug%5D/page.tsx?8:52
[   79191ms] [WARNING] %c%s%c  background: #e6e6e6;background: light-dark(rgba(0,0,0,0.1), rgba(255,255,255,0.25));color: #000000;color: light-dark(#000000, #ffffff);border-radius: 2px  Server   Error: Route "/companies/[slug]" used `params.slug`. `params` should be awaited before using its properties. Learn more: https://nextjs.org/docs/messages/sync-dynamic-apis
    at eval (rsc://React/Server/webpack-internal:///(rsc)/./app/companies/%5Bslug%5D/page.tsx?31:29:113)
    at Module.generateMetadata (rsc://React/Server/webpack-internal:///(rsc)/./app/companies/%5Bslug%5D/page.tsx?32:29:85)
    at resolveErrorDev (webpack-internal:///(app-pages-browser)/./node_modules/next/dist/compiled/react-server-dom-webpack/cjs/react-server-dom-webpack-client.browser.development.js:1845:46)
    at getOutlinedModel (webpack-internal:///(app-pages-browser)/./node_modules/next/dist/compiled/react-server-dom-webpack/cjs/react-server-dom-webpack-client.browser.development.js:1329:22)
    at parseModelString (webpack-internal:///(app-pages-browser)/./node_modules/next/dist/compiled/react-server-dom-webpack/cjs/react-server-dom-webpack-client.browser.development.js:1469:15)
    at Array.eval (webpack-internal:///(app-pages-browser)/./node_modules/next/dist/compiled/react-server-dom-webpack/cjs/react-server-dom-webpack-client.browser.development.js:2274:18)
    at JSON.parse (<anonymous>)
    at resolveConsoleEntry (webpack-internal:///(app-pages-browser)/./node_modules/next/dist/compiled/react-server-dom-webpack/cjs/react-server-dom-webpack-client.browser.development.js:2109:28)
    at processFullStringRow (webpack-internal:///(app-pages-browser)/./node_modules/next/dist/compiled/react-server-dom-webpack/cjs/react-server-dom-webpack-client.browser.development.js:2250:11)
    at processFullBinaryRow (webpack-internal:///(app-pages-browser)/./node_modules/next/dist/compiled/react-server-dom-webpack/cjs/react-server-dom-webpack-client.browser.development.js:2213:7)
    at progress (webpack-internal:///(app-pages-browser)/./node_modules/next/dist/compiled/react-server-dom-webpack/cjs/react-server-dom-webpack-client.browser.development.js:2459:17) @ rsc://React/Server/webpack-internal:///(rsc)/./app/companies/%5Bslug%5D/page.tsx?31:28
[   79762ms] [WARNING] %c%s%c  background: #e6e6e6;background: light-dark(rgba(0,0,0,0.1), rgba(255,255,255,0.25));color: #000000;color: light-dark(#000000, #ffffff);border-radius: 2px  Server   Error: Route "/companies/[slug]" used `params.slug`. `params` should be awaited before using its properties. Learn more: https://nextjs.org/docs/messages/sync-dynamic-apis
    at eval (rsc://React/Server/webpack-internal:///(rsc)/./app/companies/%5Bslug%5D/page.tsx?8:53:113)
    at CompanyPage (rsc://React/Server/webpack-internal:///(rsc)/./app/companies/%5Bslug%5D/page.tsx?9:53:85)
    at resolveErrorDev (webpack-internal:///(app-pages-browser)/./node_modules/next/dist/compiled/react-server-dom-webpack/cjs/react-server-dom-webpack-client.browser.development.js:1845:46)
    at getOutlinedModel (webpack-internal:///(app-pages-browser)/./node_modules/next/dist/compiled/react-server-dom-webpack/cjs/react-server-dom-webpack-client.browser.development.js:1329:22)
    at parseModelString (webpack-internal:///(app-pages-browser)/./node_modules/next/dist/compiled/react-server-dom-webpack/cjs/react-server-dom-webpack-client.browser.development.js:1469:15)
    at Array.eval (webpack-internal:///(app-pages-browser)/./node_modules/next/dist/compiled/react-server-dom-webpack/cjs/react-server-dom-webpack-client.browser.development.js:2274:18)
    at JSON.parse (<anonymous>)
    at resolveConsoleEntry (webpack-internal:///(app-pages-browser)/./node_modules/next/dist/compiled/react-server-dom-webpack/cjs/react-server-dom-webpack-client.browser.development.js:2109:28)
    at processFullStringRow (webpack-internal:///(app-pages-browser)/./node_modules/next/dist/compiled/react-server-dom-webpack/cjs/react-server-dom-webpack-client.browser.development.js:2250:11)
    at processFullBinaryRow (webpack-internal:///(app-pages-browser)/./node_modules/next/dist/compiled/react-server-dom-webpack/cjs/react-server-dom-webpack-client.browser.development.js:2213:7)
    at progress (webpack-internal:///(app-pages-browser)/./node_modules/next/dist/compiled/react-server-dom-webpack/cjs/react-server-dom-webpack-client.browser.development.js:2459:17) @ rsc://React/Server/webpack-internal:///(rsc)/./app/companies/%5Bslug%5D/page.tsx?8:52
[   79782ms] [WARNING] %c%s%c  background: #e6e6e6;background: light-dark(rgba(0,0,0,0.1), rgba(255,255,255,0.25));color: #000000;color: light-dark(#000000, #ffffff);border-radius: 2px  Server   Error: Route "/companies/[slug]" used `params.slug`. `params` should be awaited before using its properties. Learn more: https://nextjs.org/docs/messages/sync-dynamic-apis
    at eval (rsc://React/Server/webpack-internal:///(rsc)/./app/companies/%5Bslug%5D/page.tsx?31:29:113)
    at Module.generateMetadata (rsc://React/Server/webpack-internal:///(rsc)/./app/companies/%5Bslug%5D/page.tsx?32:29:85)
    at resolveErrorDev (webpack-internal:///(app-pages-browser)/./node_modules/next/dist/compiled/react-server-dom-webpack/cjs/react-server-dom-webpack-client.browser.development.js:1845:46)
    at getOutlinedModel (webpack-internal:///(app-pages-browser)/./node_modules/next/dist/compiled/react-server-dom-webpack/cjs/react-server-dom-webpack-client.browser.development.js:1329:22)
    at parseModelString (webpack-internal:///(app-pages-browser)/./node_modules/next/dist/compiled/react-server-dom-webpack/cjs/react-server-dom-webpack-client.browser.development.js:1469:15)
    at Array.eval (webpack-internal:///(app-pages-browser)/./node_modules/next/dist/compiled/react-server-dom-webpack/cjs/react-server-dom-webpack-client.browser.development.js:2274:18)
    at JSON.parse (<anonymous>)
    at resolveConsoleEntry (webpack-internal:///(app-pages-browser)/./node_modules/next/dist/compiled/react-server-dom-webpack/cjs/react-server-dom-webpack-client.browser.development.js:2109:28)
    at processFullStringRow (webpack-internal:///(app-pages-browser)/./node_modules/next/dist/compiled/react-server-dom-webpack/cjs/react-server-dom-webpack-client.browser.development.js:2250:11)
    at processFullBinaryRow (webpack-internal:///(app-pages-browser)/./node_modules/next/dist/compiled/react-server-dom-webpack/cjs/react-server-dom-webpack-client.browser.development.js:2213:7)
    at progress (webpack-internal:///(app-pages-browser)/./node_modules/next/dist/compiled/react-server-dom-webpack/cjs/react-server-dom-webpack-client.browser.development.js:2459:17) @ rsc://React/Server/webpack-internal:///(rsc)/./app/companies/%5Bslug%5D/page.tsx?31:28
[   80479ms] [WARNING] %c%s%c  background: #e6e6e6;background: light-dark(rgba(0,0,0,0.1), rgba(255,255,255,0.25));color: #000000;color: light-dark(#000000, #ffffff);border-radius: 2px  Server   Error: Route "/companies/[slug]" used `params.slug`. `params` should be awaited before using its properties. Learn more: https://nextjs.org/docs/messages/sync-dynamic-apis
    at eval (rsc://React/Server/webpack-internal:///(rsc)/./app/companies/%5Bslug%5D/page.tsx?8:53:113)
    at CompanyPage (rsc://React/Server/webpack-internal:///(rsc)/./app/companies/%5Bslug%5D/page.tsx?9:53:85)
    at resolveErrorDev (webpack-internal:///(app-pages-browser)/./node_modules/next/dist/compiled/react-server-dom-webpack/cjs/react-server-dom-webpack-client.browser.development.js:1845:46)
    at getOutlinedModel (webpack-internal:///(app-pages-browser)/./node_modules/next/dist/compiled/react-server-dom-webpack/cjs/react-server-dom-webpack-client.browser.development.js:1329:22)
    at parseModelString (webpack-internal:///(app-pages-browser)/./node_modules/next/dist/compiled/react-server-dom-webpack/cjs/react-server-dom-webpack-client.browser.development.js:1469:15)
    at Array.eval (webpack-internal:///(app-pages-browser)/./node_modules/next/dist/compiled/react-server-dom-webpack/cjs/react-server-dom-webpack-client.browser.development.js:2274:18)
    at JSON.parse (<anonymous>)
    at resolveConsoleEntry (webpack-internal:///(app-pages-browser)/./node_modules/next/dist/compiled/react-server-dom-webpack/cjs/react-server-dom-webpack-client.browser.development.js:2109:28)
    at processFullStringRow (webpack-internal:///(app-pages-browser)/./node_modules/next/dist/compiled/react-server-dom-webpack/cjs/react-server-dom-webpack-client.browser.development.js:2250:11)
    at processFullBinaryRow (webpack-internal:///(app-pages-browser)/./node_modules/next/dist/compiled/react-server-dom-webpack/cjs/react-server-dom-webpack-client.browser.development.js:2213:7)
    at progress (webpack-internal:///(app-pages-browser)/./node_modules/next/dist/compiled/react-server-dom-webpack/cjs/react-server-dom-webpack-client.browser.development.js:2459:17) @ rsc://React/Server/webpack-internal:///(rsc)/./app/companies/%5Bslug%5D/page.tsx?8:52
[   80496ms] [WARNING] %c%s%c  background: #e6e6e6;background: light-dark(rgba(0,0,0,0.1), rgba(255,255,255,0.25));color: #000000;color: light-dark(#000000, #ffffff);border-radius: 2px  Server   Error: Route "/companies/[slug]" used `params.slug`. `params` should be awaited before using its properties. Learn more: https://nextjs.org/docs/messages/sync-dynamic-apis
    at eval (rsc://React/Server/webpack-internal:///(rsc)/./app/companies/%5Bslug%5D/page.tsx?31:29:113)
    at Module.generateMetadata (rsc://React/Server/webpack-internal:///(rsc)/./app/companies/%5Bslug%5D/page.tsx?32:29:85)
    at resolveErrorDev (webpack-internal:///(app-pages-browser)/./node_modules/next/dist/compiled/react-server-dom-webpack/cjs/react-server-dom-webpack-client.browser.development.js:1845:46)
    at getOutlinedModel (webpack-internal:///(app-pages-browser)/./node_modules/next/dist/compiled/react-server-dom-webpack/cjs/react-server-dom-webpack-client.browser.development.js:1329:22)
    at parseModelString (webpack-internal:///(app-pages-browser)/./node_modules/next/dist/compiled/react-server-dom-webpack/cjs/react-server-dom-webpack-client.browser.development.js:1469:15)
    at Array.eval (webpack-internal:///(app-pages-browser)/./node_modules/next/dist/compiled/react-server-dom-webpack/cjs/react-server-dom-webpack-client.browser.development.js:2274:18)
    at JSON.parse (<anonymous>)
    at resolveConsoleEntry (webpack-internal:///(app-pages-browser)/./node_modules/next/dist/compiled/react-server-dom-webpack/cjs/react-server-dom-webpack-client.browser.development.js:2109:28)
    at processFullStringRow (webpack-internal:///(app-pages-browser)/./node_modules/next/dist/compiled/react-server-dom-webpack/cjs/react-server-dom-webpack-client.browser.development.js:2250:11)
    at processFullBinaryRow (webpack-internal:///(app-pages-browser)/./node_modules/next/dist/compiled/react-server-dom-webpack/cjs/react-server-dom-webpack-client.browser.development.js:2213:7)
    at progress (webpack-internal:///(app-pages-browser)/./node_modules/next/dist/compiled/react-server-dom-webpack/cjs/react-server-dom-webpack-client.browser.development.js:2459:17) @ rsc://React/Server/webpack-internal:///(rsc)/./app/companies/%5Bslug%5D/page.tsx?31:28
[   81247ms] [WARNING] %c%s%c  background: #e6e6e6;background: light-dark(rgba(0,0,0,0.1), rgba(255,255,255,0.25));color: #000000;color: light-dark(#000000, #ffffff);border-radius: 2px  Server   Error: Route "/companies/[slug]" used `params.slug`. `params` should be awaited before using its properties. Learn more: https://nextjs.org/docs/messages/sync-dynamic-apis
    at eval (rsc://React/Server/webpack-internal:///(rsc)/./app/companies/%5Bslug%5D/page.tsx?8:53:113)
    at CompanyPage (rsc://React/Server/webpack-internal:///(rsc)/./app/companies/%5Bslug%5D/page.tsx?9:53:85)
    at resolveErrorDev (webpack-internal:///(app-pages-browser)/./node_modules/next/dist/compiled/react-server-dom-webpack/cjs/react-server-dom-webpack-client.browser.development.js:1845:46)
    at getOutlinedModel (webpack-internal:///(app-pages-browser)/./node_modules/next/dist/compiled/react-server-dom-webpack/cjs/react-server-dom-webpack-client.browser.development.js:1329:22)
    at parseModelString (webpack-internal:///(app-pages-browser)/./node_modules/next/dist/compiled/react-server-dom-webpack/cjs/react-server-dom-webpack-client.browser.development.js:1469:15)
    at Array.eval (webpack-internal:///(app-pages-browser)/./node_modules/next/dist/compiled/react-server-dom-webpack/cjs/react-server-dom-webpack-client.browser.development.js:2274:18)
    at JSON.parse (<anonymous>)
    at resolveConsoleEntry (webpack-internal:///(app-pages-browser)/./node_modules/next/dist/compiled/react-server-dom-webpack/cjs/react-server-dom-webpack-client.browser.development.js:2109:28)
    at processFullStringRow (webpack-internal:///(app-pages-browser)/./node_modules/next/dist/compiled/react-server-dom-webpack/cjs/react-server-dom-webpack-client.browser.development.js:2250:11)
    at processFullBinaryRow (webpack-internal:///(app-pages-browser)/./node_modules/next/dist/compiled/react-server-dom-webpack/cjs/react-server-dom-webpack-client.browser.development.js:2213:7)
    at progress (webpack-internal:///(app-pages-browser)/./node_modules/next/dist/compiled/react-server-dom-webpack/cjs/react-server-dom-webpack-client.browser.development.js:2459:17) @ rsc://React/Server/webpack-internal:///(rsc)/./app/companies/%5Bslug%5D/page.tsx?8:52
[   81251ms] [WARNING] %c%s%c  background: #e6e6e6;background: light-dark(rgba(0,0,0,0.1), rgba(255,255,255,0.25));color: #000000;color: light-dark(#000000, #ffffff);border-radius: 2px  Server   Error: Route "/companies/[slug]" used `params.slug`. `params` should be awaited before using its properties. Learn more: https://nextjs.org/docs/messages/sync-dynamic-apis
    at eval (rsc://React/Server/webpack-internal:///(rsc)/./app/companies/%5Bslug%5D/page.tsx?31:29:113)
    at Module.generateMetadata (rsc://React/Server/webpack-internal:///(rsc)/./app/companies/%5Bslug%5D/page.tsx?32:29:85)
    at resolveErrorDev (webpack-internal:///(app-pages-browser)/./node_modules/next/dist/compiled/react-server-dom-webpack/cjs/react-server-dom-webpack-client.browser.development.js:1845:46)
    at getOutlinedModel (webpack-internal:///(app-pages-browser)/./node_modules/next/dist/compiled/react-server-dom-webpack/cjs/react-server-dom-webpack-client.browser.development.js:1329:22)
    at parseModelString (webpack-internal:///(app-pages-browser)/./node_modules/next/dist/compiled/react-server-dom-webpack/cjs/react-server-dom-webpack-client.browser.development.js:1469:15)
    at Array.eval (webpack-internal:///(app-pages-browser)/./node_modules/next/dist/compiled/react-server-dom-webpack/cjs/react-server-dom-webpack-client.browser.development.js:2274:18)
    at JSON.parse (<anonymous>)
    at resolveConsoleEntry (webpack-internal:///(app-pages-browser)/./node_modules/next/dist/compiled/react-server-dom-webpack/cjs/react-server-dom-webpack-client.browser.development.js:2109:28)
    at processFullStringRow (webpack-internal:///(app-pages-browser)/./node_modules/next/dist/compiled/react-server-dom-webpack/cjs/react-server-dom-webpack-client.browser.development.js:2250:11)
    at processFullBinaryRow (webpack-internal:///(app-pages-browser)/./node_modules/next/dist/compiled/react-server-dom-webpack/cjs/react-server-dom-webpack-client.browser.development.js:2213:7)
    at progress (webpack-internal:///(app-pages-browser)/./node_modules/next/dist/compiled/react-server-dom-webpack/cjs/react-server-dom-webpack-client.browser.development.js:2459:17) @ rsc://React/Server/webpack-internal:///(rsc)/./app/companies/%5Bslug%5D/page.tsx?31:28
[   81941ms] [WARNING] %c%s%c  background: #e6e6e6;background: light-dark(rgba(0,0,0,0.1), rgba(255,255,255,0.25));color: #000000;color: light-dark(#000000, #ffffff);border-radius: 2px  Server   Error: Route "/companies/[slug]" used `params.slug`. `params` should be awaited before using its properties. Learn more: https://nextjs.org/docs/messages/sync-dynamic-apis
    at eval (rsc://React/Server/webpack-internal:///(rsc)/./app/companies/%5Bslug%5D/page.tsx?8:53:113)
    at CompanyPage (rsc://React/Server/webpack-internal:///(rsc)/./app/companies/%5Bslug%5D/page.tsx?9:53:85)
    at resolveErrorDev (webpack-internal:///(app-pages-browser)/./node_modules/next/dist/compiled/react-server-dom-webpack/cjs/react-server-dom-webpack-client.browser.development.js:1845:46)
    at getOutlinedModel (webpack-internal:///(app-pages-browser)/./node_modules/next/dist/compiled/react-server-dom-webpack/cjs/react-server-dom-webpack-client.browser.development.js:1329:22)
    at parseModelString (webpack-internal:///(app-pages-browser)/./node_modules/next/dist/compiled/react-server-dom-webpack/cjs/react-server-dom-webpack-client.browser.development.js:1469:15)
    at Array.eval (webpack-internal:///(app-pages-browser)/./node_modules/next/dist/compiled/react-server-dom-webpack/cjs/react-server-dom-webpack-client.browser.development.js:2274:18)
    at JSON.parse (<anonymous>)
    at resolveConsoleEntry (webpack-internal:///(app-pages-browser)/./node_modules/next/dist/compiled/react-server-dom-webpack/cjs/react-server-dom-webpack-client.browser.development.js:2109:28)
    at processFullStringRow (webpack-internal:///(app-pages-browser)/./node_modules/next/dist/compiled/react-server-dom-webpack/cjs/react-server-dom-webpack-client.browser.development.js:2250:11)
    at processFullBinaryRow (webpack-internal:///(app-pages-browser)/./node_modules/next/dist/compiled/react-server-dom-webpack/cjs/react-server-dom-webpack-client.browser.development.js:2213:7)
    at progress (webpack-internal:///(app-pages-browser)/./node_modules/next/dist/compiled/react-server-dom-webpack/cjs/react-server-dom-webpack-client.browser.development.js:2459:17) @ rsc://React/Server/webpack-internal:///(rsc)/./app/companies/%5Bslug%5D/page.tsx?8:52
[   81956ms] [WARNING] %c%s%c  background: #e6e6e6;background: light-dark(rgba(0,0,0,0.1), rgba(255,255,255,0.25));color: #000000;color: light-dark(#000000, #ffffff);border-radius: 2px  Server   Error: Route "/companies/[slug]" used `params.slug`. `params` should be awaited before using its properties. Learn more: https://nextjs.org/docs/messages/sync-dynamic-apis
    at eval (rsc://React/Server/webpack-internal:///(rsc)/./app/companies/%5Bslug%5D/page.tsx?31:29:113)
    at Module.generateMetadata (rsc://React/Server/webpack-internal:///(rsc)/./app/companies/%5Bslug%5D/page.tsx?32:29:85)
    at resolveErrorDev (webpack-internal:///(app-pages-browser)/./node_modules/next/dist/compiled/react-server-dom-webpack/cjs/react-server-dom-webpack-client.browser.development.js:1845:46)
    at getOutlinedModel (webpack-internal:///(app-pages-browser)/./node_modules/next/dist/compiled/react-server-dom-webpack/cjs/react-server-dom-webpack-client.browser.development.js:1329:22)
    at parseModelString (webpack-internal:///(app-pages-browser)/./node_modules/next/dist/compiled/react-server-dom-webpack/cjs/react-server-dom-webpack-client.browser.development.js:1469:15)
    at Array.eval (webpack-internal:///(app-pages-browser)/./node_modules/next/dist/compiled/react-server-dom-webpack/cjs/react-server-dom-webpack-client.browser.development.js:2274:18)
    at JSON.parse (<anonymous>)
    at resolveConsoleEntry (webpack-internal:///(app-pages-browser)/./node_modules/next/dist/compiled/react-server-dom-webpack/cjs/react-server-dom-webpack-client.browser.development.js:2109:28)
    at processFullStringRow (webpack-internal:///(app-pages-browser)/./node_modules/next/dist/compiled/react-server-dom-webpack/cjs/react-server-dom-webpack-client.browser.development.js:2250:11)
    at processFullBinaryRow (webpack-internal:///(app-pages-browser)/./node_modules/next/dist/compiled/react-server-dom-webpack/cjs/react-server-dom-webpack-client.browser.development.js:2213:7)
    at progress (webpack-internal:///(app-pages-browser)/./node_modules/next/dist/compiled/react-server-dom-webpack/cjs/react-server-dom-webpack-client.browser.development.js:2459:17) @ rsc://React/Server/webpack-internal:///(rsc)/./app/companies/%5Bslug%5D/page.tsx?31:28
[   82503ms] [WARNING] %c%s%c  background: #e6e6e6;background: light-dark(rgba(0,0,0,0.1), rgba(255,255,255,0.25));color: #000000;color: light-dark(#000000, #ffffff);border-radius: 2px  Server   Error: Route "/companies/[slug]" used `params.slug`. `params` should be awaited before using its properties. Learn more: https://nextjs.org/docs/messages/sync-dynamic-apis
    at eval (rsc://React/Server/webpack-internal:///(rsc)/./app/companies/%5Bslug%5D/page.tsx?8:53:113)
    at CompanyPage (rsc://React/Server/webpack-internal:///(rsc)/./app/companies/%5Bslug%5D/page.tsx?9:53:85)
    at resolveErrorDev (webpack-internal:///(app-pages-browser)/./node_modules/next/dist/compiled/react-server-dom-webpack/cjs/react-server-dom-webpack-client.browser.development.js:1845:46)
    at getOutlinedModel (webpack-internal:///(app-pages-browser)/./node_modules/next/dist/compiled/react-server-dom-webpack/cjs/react-server-dom-webpack-client.browser.development.js:1329:22)
    at parseModelString (webpack-internal:///(app-pages-browser)/./node_modules/next/dist/compiled/react-server-dom-webpack/cjs/react-server-dom-webpack-client.browser.development.js:1469:15)
    at Array.eval (webpack-internal:///(app-pages-browser)/./node_modules/next/dist/compiled/react-server-dom-webpack/cjs/react-server-dom-webpack-client.browser.development.js:2274:18)
    at JSON.parse (<anonymous>)
    at resolveConsoleEntry (webpack-internal:///(app-pages-browser)/./node_modules/next/dist/compiled/react-server-dom-webpack/cjs/react-server-dom-webpack-client.browser.development.js:2109:28)
    at processFullStringRow (webpack-internal:///(app-pages-browser)/./node_modules/next/dist/compiled/react-server-dom-webpack/cjs/react-server-dom-webpack-client.browser.development.js:2250:11)
    at processFullBinaryRow (webpack-internal:///(app-pages-browser)/./node_modules/next/dist/compiled/react-server-dom-webpack/cjs/react-server-dom-webpack-client.browser.development.js:2213:7)
    at progress (webpack-internal:///(app-pages-browser)/./node_modules/next/dist/compiled/react-server-dom-webpack/cjs/react-server-dom-webpack-client.browser.development.js:2459:17) @ rsc://React/Server/webpack-internal:///(rsc)/./app/companies/%5Bslug%5D/page.tsx?8:52
[   82520ms] [WARNING] %c%s%c  background: #e6e6e6;background: light-dark(rgba(0,0,0,0.1), rgba(255,255,255,0.25));color: #000000;color: light-dark(#000000, #ffffff);border-radius: 2px  Server   Error: Route "/companies/[slug]" used `params.slug`. `params` should be awaited before using its properties. Learn more: https://nextjs.org/docs/messages/sync-dynamic-apis
    at eval (rsc://React/Server/webpack-internal:///(rsc)/./app/companies/%5Bslug%5D/page.tsx?31:29:113)
    at Module.generateMetadata (rsc://React/Server/webpack-internal:///(rsc)/./app/companies/%5Bslug%5D/page.tsx?32:29:85)
    at resolveErrorDev (webpack-internal:///(app-pages-browser)/./node_modules/next/dist/compiled/react-server-dom-webpack/cjs/react-server-dom-webpack-client.browser.development.js:1845:46)
    at getOutlinedModel (webpack-internal:///(app-pages-browser)/./node_modules/next/dist/compiled/react-server-dom-webpack/cjs/react-server-dom-webpack-client.browser.development.js:1329:22)
    at parseModelString (webpack-internal:///(app-pages-browser)/./node_modules/next/dist/compiled/react-server-dom-webpack/cjs/react-server-dom-webpack-client.browser.development.js:1469:15)
    at Array.eval (webpack-internal:///(app-pages-browser)/./node_modules/next/dist/compiled/react-server-dom-webpack/cjs/react-server-dom-webpack-client.browser.development.js:2274:18)
    at JSON.parse (<anonymous>)
    at resolveConsoleEntry (webpack-internal:///(app-pages-browser)/./node_modules/next/dist/compiled/react-server-dom-webpack/cjs/react-server-dom-webpack-client.browser.development.js:2109:28)
    at processFullStringRow (webpack-internal:///(app-pages-browser)/./node_modules/next/dist/compiled/react-server-dom-webpack/cjs/react-server-dom-webpack-client.browser.development.js:2250:11)
    at processFullBinaryRow (webpack-internal:///(app-pages-browser)/./node_modules/next/dist/compiled/react-server-dom-webpack/cjs/react-server-dom-webpack-client.browser.development.js:2213:7)
    at progress (webpack-internal:///(app-pages-browser)/./node_modules/next/dist/compiled/react-server-dom-webpack/cjs/react-server-dom-webpack-client.browser.development.js:2459:17) @ rsc://React/Server/webpack-internal:///(rsc)/./app/companies/%5Bslug%5D/page.tsx?31:28
[   83029ms] [WARNING] %c%s%c  background: #e6e6e6;background: light-dark(rgba(0,0,0,0.1), rgba(255,255,255,0.25));color: #000000;color: light-dark(#000000, #ffffff);border-radius: 2px  Server   Error: Route "/companies/[slug]" used `params.slug`. `params` should be awaited before using its properties. Learn more: https://nextjs.org/docs/messages/sync-dynamic-apis
    at eval (rsc://React/Server/webpack-internal:///(rsc)/./app/companies/%5Bslug%5D/page.tsx?8:53:113)
    at CompanyPage (rsc://React/Server/webpack-internal:///(rsc)/./app/companies/%5Bslug%5D/page.tsx?9:53:85)
    at resolveErrorDev (webpack-internal:///(app-pages-browser)/./node_modules/next/dist/compiled/react-server-dom-webpack/cjs/react-server-dom-webpack-client.browser.development.js:1845:46)
    at getOutlinedModel (webpack-internal:///(app-pages-browser)/./node_modules/next/dist/compiled/react-server-dom-webpack/cjs/react-server-dom-webpack-client.browser.development.js:1329:22)
    at parseModelString (webpack-internal:///(app-pages-browser)/./node_modules/next/dist/compiled/react-server-dom-webpack/cjs/react-server-dom-webpack-client.browser.development.js:1469:15)
    at Array.eval (webpack-internal:///(app-pages-browser)/./node_modules/next/dist/compiled/react-server-dom-webpack/cjs/react-server-dom-webpack-client.browser.development.js:2274:18)
    at JSON.parse (<anonymous>)
    at resolveConsoleEntry (webpack-internal:///(app-pages-browser)/./node_modules/next/dist/compiled/react-server-dom-webpack/cjs/react-server-dom-webpack-client.browser.development.js:2109:28)
    at processFullStringRow (webpack-internal:///(app-pages-browser)/./node_modules/next/dist/compiled/react-server-dom-webpack/cjs/react-server-dom-webpack-client.browser.development.js:2250:11)
    at processFullBinaryRow (webpack-internal:///(app-pages-browser)/./node_modules/next/dist/compiled/react-server-dom-webpack/cjs/react-server-dom-webpack-client.browser.development.js:2213:7)
    at progress (webpack-internal:///(app-pages-browser)/./node_modules/next/dist/compiled/react-server-dom-webpack/cjs/react-server-dom-webpack-client.browser.development.js:2459:17) @ rsc://React/Server/webpack-internal:///(rsc)/./app/companies/%5Bslug%5D/page.tsx?8:52
[   83032ms] [WARNING] %c%s%c  background: #e6e6e6;background: light-dark(rgba(0,0,0,0.1), rgba(255,255,255,0.25));color: #000000;color: light-dark(#000000, #ffffff);border-radius: 2px  Server   Error: Route "/companies/[slug]" used `params.slug`. `params` should be awaited before using its properties. Learn more: https://nextjs.org/docs/messages/sync-dynamic-apis
    at eval (rsc://React/Server/webpack-internal:///(rsc)/./app/companies/%5Bslug%5D/page.tsx?31:29:113)
    at Module.generateMetadata (rsc://React/Server/webpack-internal:///(rsc)/./app/companies/%5Bslug%5D/page.tsx?32:29:85)
    at resolveErrorDev (webpack-internal:///(app-pages-browser)/./node_modules/next/dist/compiled/react-server-dom-webpack/cjs/react-server-dom-webpack-client.browser.development.js:1845:46)
    at getOutlinedModel (webpack-internal:///(app-pages-browser)/./node_modules/next/dist/compiled/react-server-dom-webpack/cjs/react-server-dom-webpack-client.browser.development.js:1329:22)
    at parseModelString (webpack-internal:///(app-pages-browser)/./node_modules/next/dist/compiled/react-server-dom-webpack/cjs/react-server-dom-webpack-client.browser.development.js:1469:15)
    at Array.eval (webpack-internal:///(app-pages-browser)/./node_modules/next/dist/compiled/react-server-dom-webpack/cjs/react-server-dom-webpack-client.browser.development.js:2274:18)
    at JSON.parse (<anonymous>)
    at resolveConsoleEntry (webpack-internal:///(app-pages-browser)/./node_modules/next/dist/compiled/react-server-dom-webpack/cjs/react-server-dom-webpack-client.browser.development.js:2109:28)
    at processFullStringRow (webpack-internal:///(app-pages-browser)/./node_modules/next/dist/compiled/react-server-dom-webpack/cjs/react-server-dom-webpack-client.browser.development.js:2250:11)
    at processFullBinaryRow (webpack-internal:///(app-pages-browser)/./node_modules/next/dist/compiled/react-server-dom-webpack/cjs/react-server-dom-webpack-client.browser.development.js:2213:7)
    at progress (webpack-internal:///(app-pages-browser)/./node_modules/next/dist/compiled/react-server-dom-webpack/cjs/react-server-dom-webpack-client.browser.development.js:2459:17) @ rsc://React/Server/webpack-internal:///(rsc)/./app/companies/%5Bslug%5D/page.tsx?31:28
[   83501ms] [WARNING] %c%s%c  background: #e6e6e6;background: light-dark(rgba(0,0,0,0.1), rgba(255,255,255,0.25));color: #000000;color: light-dark(#000000, #ffffff);border-radius: 2px  Server   Error: Route "/companies/[slug]" used `params.slug`. `params` should be awaited before using its properties. Learn more: https://nextjs.org/docs/messages/sync-dynamic-apis
    at eval (rsc://React/Server/webpack-internal:///(rsc)/./app/companies/%5Bslug%5D/page.tsx?8:53:113)
    at CompanyPage (rsc://React/Server/webpack-internal:///(rsc)/./app/companies/%5Bslug%5D/page.tsx?9:53:85)
    at resolveErrorDev (webpack-internal:///(app-pages-browser)/./node_modules/next/dist/compiled/react-server-dom-webpack/cjs/react-server-dom-webpack-client.browser.development.js:1845:46)
    at getOutlinedModel (webpack-internal:///(app-pages-browser)/./node_modules/next/dist/compiled/react-server-dom-webpack/cjs/react-server-dom-webpack-client.browser.development.js:1329:22)
    at parseModelString (webpack-internal:///(app-pages-browser)/./node_modules/next/dist/compiled/react-server-dom-webpack/cjs/react-server-dom-webpack-client.browser.development.js:1469:15)
    at Array.eval (webpack-internal:///(app-pages-browser)/./node_modules/next/dist/compiled/react-server-dom-webpack/cjs/react-server-dom-webpack-client.browser.development.js:2274:18)
    at JSON.parse (<anonymous>)
    at resolveConsoleEntry (webpack-internal:///(app-pages-browser)/./node_modules/next/dist/compiled/react-server-dom-webpack/cjs/react-server-dom-webpack-client.browser.development.js:2109:28)
    at processFullStringRow (webpack-internal:///(app-pages-browser)/./node_modules/next/dist/compiled/react-server-dom-webpack/cjs/react-server-dom-webpack-client.browser.development.js:2250:11)
    at processFullBinaryRow (webpack-internal:///(app-pages-browser)/./node_modules/next/dist/compiled/react-server-dom-webpack/cjs/react-server-dom-webpack-client.browser.development.js:2213:7)
    at progress (webpack-internal:///(app-pages-browser)/./node_modules/next/dist/compiled/react-server-dom-webpack/cjs/react-server-dom-webpack-client.browser.development.js:2459:17) @ rsc://React/Server/webpack-internal:///(rsc)/./app/companies/%5Bslug%5D/page.tsx?8:52
[   83504ms] [WARNING] %c%s%c  background: #e6e6e6;background: light-dark(rgba(0,0,0,0.1), rgba(255,255,255,0.25));color: #000000;color: light-dark(#000000, #ffffff);border-radius: 2px  Server   Error: Route "/companies/[slug]" used `params.slug`. `params` should be awaited before using its properties. Learn more: https://nextjs.org/docs/messages/sync-dynamic-apis
    at eval (rsc://React/Server/webpack-internal:///(rsc)/./app/companies/%5Bslug%5D/page.tsx?31:29:113)
    at Module.generateMetadata (rsc://React/Server/webpack-internal:///(rsc)/./app/companies/%5Bslug%5D/page.tsx?32:29:85)
    at resolveErrorDev (webpack-internal:///(app-pages-browser)/./node_modules/next/dist/compiled/react-server-dom-webpack/cjs/react-server-dom-webpack-client.browser.development.js:1845:46)
    at getOutlinedModel (webpack-internal:///(app-pages-browser)/./node_modules/next/dist/compiled/react-server-dom-webpack/cjs/react-server-dom-webpack-client.browser.development.js:1329:22)
    at parseModelString (webpack-internal:///(app-pages-browser)/./node_modules/next/dist/compiled/react-server-dom-webpack/cjs/react-server-dom-webpack-client.browser.development.js:1469:15)
    at Array.eval (webpack-internal:///(app-pages-browser)/./node_modules/next/dist/compiled/react-server-dom-webpack/cjs/react-server-dom-webpack-client.browser.development.js:2274:18)
    at JSON.parse (<anonymous>)
    at resolveConsoleEntry (webpack-internal:///(app-pages-browser)/./node_modules/next/dist/compiled/react-server-dom-webpack/cjs/react-server-dom-webpack-client.browser.development.js:2109:28)
    at processFullStringRow (webpack-internal:///(app-pages-browser)/./node_modules/next/dist/compiled/react-server-dom-webpack/cjs/react-server-dom-webpack-client.browser.development.js:2250:11)
    at processFullBinaryRow (webpack-internal:///(app-pages-browser)/./node_modules/next/dist/compiled/react-server-dom-webpack/cjs/react-server-dom-webpack-client.browser.development.js:2213:7)
    at progress (webpack-internal:///(app-pages-browser)/./node_modules/next/dist/compiled/react-server-dom-webpack/cjs/react-server-dom-webpack-client.browser.development.js:2459:17) @ rsc://React/Server/webpack-internal:///(rsc)/./app/companies/%5Bslug%5D/page.tsx?31:28
[   83979ms] [WARNING] %c%s%c  background: #e6e6e6;background: light-dark(rgba(0,0,0,0.1), rgba(255,255,255,0.25));color: #000000;color: light-dark(#000000, #ffffff);border-radius: 2px  Server   Error: Route "/companies/[slug]" used `params.slug`. `params` should be awaited before using its properties. Learn more: https://nextjs.org/docs/messages/sync-dynamic-apis
    at eval (rsc://React/Server/webpack-internal:///(rsc)/./app/companies/%5Bslug%5D/page.tsx?8:53:113)
    at CompanyPage (rsc://React/Server/webpack-internal:///(rsc)/./app/companies/%5Bslug%5D/page.tsx?9:53:85)
    at resolveErrorDev (webpack-internal:///(app-pages-browser)/./node_modules/next/dist/compiled/react-server-dom-webpack/cjs/react-server-dom-webpack-client.browser.development.js:1845:46)
    at getOutlinedModel (webpack-internal:///(app-pages-browser)/./node_modules/next/dist/compiled/react-server-dom-webpack/cjs/react-server-dom-webpack-client.browser.development.js:1329:22)
    at parseModelString (webpack-internal:///(app-pages-browser)/./node_modules/next/dist/compiled/react-server-dom-webpack/cjs/react-server-dom-webpack-client.browser.development.js:1469:15)
    at Array.eval (webpack-internal:///(app-pages-browser)/./node_modules/next/dist/compiled/react-server-dom-webpack/cjs/react-server-dom-webpack-client.browser.development.js:2274:18)
    at JSON.parse (<anonymous>)
    at resolveConsoleEntry (webpack-internal:///(app-pages-browser)/./node_modules/next/dist/compiled/react-server-dom-webpack/cjs/react-server-dom-webpack-client.browser.development.js:2109:28)
    at processFullStringRow (webpack-internal:///(app-pages-browser)/./node_modules/next/dist/compiled/react-server-dom-webpack/cjs/react-server-dom-webpack-client.browser.development.js:2250:11)
    at processFullBinaryRow (webpack-internal:///(app-pages-browser)/./node_modules/next/dist/compiled/react-server-dom-webpack/cjs/react-server-dom-webpack-client.browser.development.js:2213:7)
    at progress (webpack-internal:///(app-pages-browser)/./node_modules/next/dist/compiled/react-server-dom-webpack/cjs/react-server-dom-webpack-client.browser.development.js:2459:17) @ rsc://React/Server/webpack-internal:///(rsc)/./app/companies/%5Bslug%5D/page.tsx?8:52
[   83981ms] [WARNING] %c%s%c  background: #e6e6e6;background: light-dark(rgba(0,0,0,0.1), rgba(255,255,255,0.25));color: #000000;color: light-dark(#000000, #ffffff);border-radius: 2px  Server   Error: Route "/companies/[slug]" used `params.slug`. `params` should be awaited before using its properties. Learn more: https://nextjs.org/docs/messages/sync-dynamic-apis
    at eval (rsc://React/Server/webpack-internal:///(rsc)/./app/companies/%5Bslug%5D/page.tsx?31:29:113)
    at Module.generateMetadata (rsc://React/Server/webpack-internal:///(rsc)/./app/companies/%5Bslug%5D/page.tsx?32:29:85)
    at resolveErrorDev (webpack-internal:///(app-pages-browser)/./node_modules/next/dist/compiled/react-server-dom-webpack/cjs/react-server-dom-webpack-client.browser.development.js:1845:46)
    at getOutlinedModel (webpack-internal:///(app-pages-browser)/./node_modules/next/dist/compiled/react-server-dom-webpack/cjs/react-server-dom-webpack-client.browser.development.js:1329:22)
    at parseModelString (webpack-internal:///(app-pages-browser)/./node_modules/next/dist/compiled/react-server-dom-webpack/cjs/react-server-dom-webpack-client.browser.development.js:1469:15)
    at Array.eval (webpack-internal:///(app-pages-browser)/./node_modules/next/dist/compiled/react-server-dom-webpack/cjs/react-server-dom-webpack-client.browser.development.js:2274:18)
    at JSON.parse (<anonymous>)
    at resolveConsoleEntry (webpack-internal:///(app-pages-browser)/./node_modules/next/dist/compiled/react-server-dom-webpack/cjs/react-server-dom-webpack-client.browser.development.js:2109:28)
    at processFullStringRow (webpack-internal:///(app-pages-browser)/./node_modules/next/dist/compiled/react-server-dom-webpack/cjs/react-server-dom-webpack-client.browser.development.js:2250:11)
    at processFullBinaryRow (webpack-internal:///(app-pages-browser)/./node_modules/next/dist/compiled/react-server-dom-webpack/cjs/react-server-dom-webpack-client.browser.development.js:2213:7)
    at progress (webpack-internal:///(app-pages-browser)/./node_modules/next/dist/compiled/react-server-dom-webpack/cjs/react-server-dom-webpack-client.browser.development.js:2459:17) @ rsc://React/Server/webpack-internal:///(rsc)/./app/companies/%5Bslug%5D/page.tsx?31:28
[   84525ms] [WARNING] %c%s%c  background: #e6e6e6;background: light-dark(rgba(0,0,0,0.1), rgba(255,255,255,0.25));color: #000000;color: light-dark(#000000, #ffffff);border-radius: 2px  Server   Error: Route "/companies/[slug]" used `params.slug`. `params` should be awaited before using its properties. Learn more: https://nextjs.org/docs/messages/sync-dynamic-apis
    at eval (rsc://React/Server/webpack-internal:///(rsc)/./app/companies/%5Bslug%5D/page.tsx?8:53:113)
    at CompanyPage (rsc://React/Server/webpack-internal:///(rsc)/./app/companies/%5Bslug%5D/page.tsx?9:53:85)
    at resolveErrorDev (webpack-internal:///(app-pages-browser)/./node_modules/next/dist/compiled/react-server-dom-webpack/cjs/react-server-dom-webpack-client.browser.development.js:1845:46)
    at getOutlinedModel (webpack-internal:///(app-pages-browser)/./node_modules/next/dist/compiled/react-server-dom-webpack/cjs/react-server-dom-webpack-client.browser.development.js:1329:22)
    at parseModelString (webpack-internal:///(app-pages-browser)/./node_modules/next/dist/compiled/react-server-dom-webpack/cjs/react-server-dom-webpack-client.browser.development.js:1469:15)
    at Array.eval (webpack-internal:///(app-pages-browser)/./node_modules/next/dist/compiled/react-server-dom-webpack/cjs/react-server-dom-webpack-client.browser.development.js:2274:18)
    at JSON.parse (<anonymous>)
    at resolveConsoleEntry (webpack-internal:///(app-pages-browser)/./node_modules/next/dist/compiled/react-server-dom-webpack/cjs/react-server-dom-webpack-client.browser.development.js:2109:28)
    at processFullStringRow (webpack-internal:///(app-pages-browser)/./node_modules/next/dist/compiled/react-server-dom-webpack/cjs/react-server-dom-webpack-client.browser.development.js:2250:11)
    at processFullBinaryRow (webpack-internal:///(app-pages-browser)/./node_modules/next/dist/compiled/react-server-dom-webpack/cjs/react-server-dom-webpack-client.browser.development.js:2213:7)
    at progress (webpack-internal:///(app-pages-browser)/./node_modules/next/dist/compiled/react-server-dom-webpack/cjs/react-server-dom-webpack-client.browser.development.js:2459:17) @ rsc://React/Server/webpack-internal:///(rsc)/./app/companies/%5Bslug%5D/page.tsx?8:52
[   84538ms] [WARNING] %c%s%c  background: #e6e6e6;background: light-dark(rgba(0,0,0,0.1), rgba(255,255,255,0.25));color: #000000;color: light-dark(#000000, #ffffff);border-radius: 2px  Server   Error: Route "/companies/[slug]" used `params.slug`. `params` should be awaited before using its properties. Learn more: https://nextjs.org/docs/messages/sync-dynamic-apis
    at eval (rsc://React/Server/webpack-internal:///(rsc)/./app/companies/%5Bslug%5D/page.tsx?31:29:113)
    at Module.generateMetadata (rsc://React/Server/webpack-internal:///(rsc)/./app/companies/%5Bslug%5D/page.tsx?32:29:85)
    at resolveErrorDev (webpack-internal:///(app-pages-browser)/./node_modules/next/dist/compiled/react-server-dom-webpack/cjs/react-server-dom-webpack-client.browser.development.js:1845:46)
    at getOutlinedModel (webpack-internal:///(app-pages-browser)/./node_modules/next/dist/compiled/react-server-dom-webpack/cjs/react-server-dom-webpack-client.browser.development.js:1329:22)
    at parseModelString (webpack-internal:///(app-pages-browser)/./node_modules/next/dist/compiled/react-server-dom-webpack/cjs/react-server-dom-webpack-client.browser.development.js:1469:15)
    at Array.eval (webpack-internal:///(app-pages-browser)/./node_modules/next/dist/compiled/react-server-dom-webpack/cjs/react-server-dom-webpack-client.browser.development.js:2274:18)
    at JSON.parse (<anonymous>)
    at resolveConsoleEntry (webpack-internal:///(app-pages-browser)/./node_modules/next/dist/compiled/react-server-dom-webpack/cjs/react-server-dom-webpack-client.browser.development.js:2109:28)
    at processFullStringRow (webpack-internal:///(app-pages-browser)/./node_modules/next/dist/compiled/react-server-dom-webpack/cjs/react-server-dom-webpack-client.browser.development.js:2250:11)
    at processFullBinaryRow (webpack-internal:///(app-pages-browser)/./node_modules/next/dist/compiled/react-server-dom-webpack/cjs/react-server-dom-webpack-client.browser.development.js:2213:7)
    at progress (webpack-internal:///(app-pages-browser)/./node_modules/next/dist/compiled/react-server-dom-webpack/cjs/react-server-dom-webpack-client.browser.development.js:2459:17) @ rsc://React/Server/webpack-internal:///(rsc)/./app/companies/%5Bslug%5D/page.tsx?31:28
[   84972ms] [WARNING] %c%s%c  background: #e6e6e6;background: light-dark(rgba(0,0,0,0.1), rgba(255,255,255,0.25));color: #000000;color: light-dark(#000000, #ffffff);border-radius: 2px  Server   Error: Route "/companies/[slug]" used `params.slug`. `params` should be awaited before using its properties. Learn more: https://nextjs.org/docs/messages/sync-dynamic-apis
    at eval (rsc://React/Server/webpack-internal:///(rsc)/./app/companies/%5Bslug%5D/page.tsx?8:53:113)
    at CompanyPage (rsc://React/Server/webpack-internal:///(rsc)/./app/companies/%5Bslug%5D/page.tsx?9:53:85)
    at resolveErrorDev (webpack-internal:///(app-pages-browser)/./node_modules/next/dist/compiled/react-server-dom-webpack/cjs/react-server-dom-webpack-client.browser.development.js:1845:46)
    at getOutlinedModel (webpack-internal:///(app-pages-browser)/./node_modules/next/dist/compiled/react-server-dom-webpack/cjs/react-server-dom-webpack-client.browser.development.js:1329:22)
    at parseModelString (webpack-internal:///(app-pages-browser)/./node_modules/next/dist/compiled/react-server-dom-webpack/cjs/react-server-dom-webpack-client.browser.development.js:1469:15)
    at Array.eval (webpack-internal:///(app-pages-browser)/./node_modules/next/dist/compiled/react-server-dom-webpack/cjs/react-server-dom-webpack-client.browser.development.js:2274:18)
    at JSON.parse (<anonymous>)
    at resolveConsoleEntry (webpack-internal:///(app-pages-browser)/./node_modules/next/dist/compiled/react-server-dom-webpack/cjs/react-server-dom-webpack-client.browser.development.js:2109:28)
    at processFullStringRow (webpack-internal:///(app-pages-browser)/./node_modules/next/dist/compiled/react-server-dom-webpack/cjs/react-server-dom-webpack-client.browser.development.js:2250:11)
    at processFullBinaryRow (webpack-internal:///(app-pages-browser)/./node_modules/next/dist/compiled/react-server-dom-webpack/cjs/react-server-dom-webpack-client.browser.development.js:2213:7)
    at progress (webpack-internal:///(app-pages-browser)/./node_modules/next/dist/compiled/react-server-dom-webpack/cjs/react-server-dom-webpack-client.browser.development.js:2459:17) @ rsc://React/Server/webpack-internal:///(rsc)/./app/companies/%5Bslug%5D/page.tsx?8:52
[   84987ms] [WARNING] %c%s%c  background: #e6e6e6;background: light-dark(rgba(0,0,0,0.1), rgba(255,255,255,0.25));color: #000000;color: light-dark(#000000, #ffffff);border-radius: 2px  Server   Error: Route "/companies/[slug]" used `params.slug`. `params` should be awaited before using its properties. Learn more: https://nextjs.org/docs/messages/sync-dynamic-apis
    at eval (rsc://React/Server/webpack-internal:///(rsc)/./app/companies/%5Bslug%5D/page.tsx?31:29:113)
    at Module.generateMetadata (rsc://React/Server/webpack-internal:///(rsc)/./app/companies/%5Bslug%5D/page.tsx?32:29:85)
    at resolveErrorDev (webpack-internal:///(app-pages-browser)/./node_modules/next/dist/compiled/react-server-dom-webpack/cjs/react-server-dom-webpack-client.browser.development.js:1845:46)
    at getOutlinedModel (webpack-internal:///(app-pages-browser)/./node_modules/next/dist/compiled/react-server-dom-webpack/cjs/react-server-dom-webpack-client.browser.development.js:1329:22)
    at parseModelString (webpack-internal:///(app-pages-browser)/./node_modules/next/dist/compiled/react-server-dom-webpack/cjs/react-server-dom-webpack-client.browser.development.js:1469:15)
    at Array.eval (webpack-internal:///(app-pages-browser)/./node_modules/next/dist/compiled/react-server-dom-webpack/cjs/react-server-dom-webpack-client.browser.development.js:2274:18)
    at JSON.parse (<anonymous>)
    at resolveConsoleEntry (webpack-internal:///(app-pages-browser)/./node_modules/next/dist/compiled/react-server-dom-webpack/cjs/react-server-dom-webpack-client.browser.development.js:2109:28)
    at processFullStringRow (webpack-internal:///(app-pages-browser)/./node_modules/next/dist/compiled/react-server-dom-webpack/cjs/react-server-dom-webpack-client.browser.development.js:2250:11)
    at processFullBinaryRow (webpack-internal:///(app-pages-browser)/./node_modules/next/dist/compiled/react-server-dom-webpack/cjs/react-server-dom-webpack-client.browser.development.js:2213:7)
    at progress (webpack-internal:///(app-pages-browser)/./node_modules/next/dist/compiled/react-server-dom-webpack/cjs/react-server-dom-webpack-client.browser.development.js:2459:17) @ rsc://React/Server/webpack-internal:///(rsc)/./app/companies/%5Bslug%5D/page.tsx?31:28
[   86077ms] [WARNING] %c%s%c  background: #e6e6e6;background: light-dark(rgba(0,0,0,0.1), rgba(255,255,255,0.25));color: #000000;color: light-dark(#000000, #ffffff);border-radius: 2px  Server   Error: Route "/companies/[slug]" used `params.slug`. `params` should be awaited before using its properties. Learn more: https://nextjs.org/docs/messages/sync-dynamic-apis
    at eval (rsc://React/Server/webpack-internal:///(rsc)/./app/companies/%5Bslug%5D/page.tsx?8:53:113)
    at CompanyPage (rsc://React/Server/webpack-internal:///(rsc)/./app/companies/%5Bslug%5D/page.tsx?9:53:85)
    at resolveErrorDev (webpack-internal:///(app-pages-browser)/./node_modules/next/dist/compiled/react-server-dom-webpack/cjs/react-server-dom-webpack-client.browser.development.js:1845:46)
    at getOutlinedModel (webpack-internal:///(app-pages-browser)/./node_modules/next/dist/compiled/react-server-dom-webpack/cjs/react-server-dom-webpack-client.browser.development.js:1329:22)
    at parseModelString (webpack-internal:///(app-pages-browser)/./node_modules/next/dist/compiled/react-server-dom-webpack/cjs/react-server-dom-webpack-client.browser.development.js:1469:15)
    at Array.eval (webpack-internal:///(app-pages-browser)/./node_modules/next/dist/compiled/react-server-dom-webpack/cjs/react-server-dom-webpack-client.browser.development.js:2274:18)
    at JSON.parse (<anonymous>)
    at resolveConsoleEntry (webpack-internal:///(app-pages-browser)/./node_modules/next/dist/compiled/react-server-dom-webpack/cjs/react-server-dom-webpack-client.browser.development.js:2109:28)
    at processFullStringRow (webpack-internal:///(app-pages-browser)/./node_modules/next/dist/compiled/react-server-dom-webpack/cjs/react-server-dom-webpack-client.browser.development.js:2250:11)
    at processFullBinaryRow (webpack-internal:///(app-pages-browser)/./node_modules/next/dist/compiled/react-server-dom-webpack/cjs/react-server-dom-webpack-client.browser.development.js:2213:7)
    at progress (webpack-internal:///(app-pages-browser)/./node_modules/next/dist/compiled/react-server-dom-webpack/cjs/react-server-dom-webpack-client.browser.development.js:2459:17) @ rsc://React/Server/webpack-internal:///(rsc)/./app/companies/%5Bslug%5D/page.tsx?8:52
[   86092ms] [WARNING] %c%s%c  background: #e6e6e6;background: light-dark(rgba(0,0,0,0.1), rgba(255,255,255,0.25));color: #000000;color: light-dark(#000000, #ffffff);border-radius: 2px  Server   Error: Route "/companies/[slug]" used `params.slug`. `params` should be awaited before using its properties. Learn more: https://nextjs.org/docs/messages/sync-dynamic-apis
    at eval (rsc://React/Server/webpack-internal:///(rsc)/./app/companies/%5Bslug%5D/page.tsx?31:29:113)
    at Module.generateMetadata (rsc://React/Server/webpack-internal:///(rsc)/./app/companies/%5Bslug%5D/page.tsx?32:29:85)
    at resolveErrorDev (webpack-internal:///(app-pages-browser)/./node_modules/next/dist/compiled/react-server-dom-webpack/cjs/react-server-dom-webpack-client.browser.development.js:1845:46)
    at getOutlinedModel (webpack-internal:///(app-pages-browser)/./node_modules/next/dist/compiled/react-server-dom-webpack/cjs/react-server-dom-webpack-client.browser.development.js:1329:22)
    at parseModelString (webpack-internal:///(app-pages-browser)/./node_modules/next/dist/compiled/react-server-dom-webpack/cjs/react-server-dom-webpack-client.browser.development.js:1469:15)
    at Array.eval (webpack-internal:///(app-pages-browser)/./node_modules/next/dist/compiled/react-server-dom-webpack/cjs/react-server-dom-webpack-client.browser.development.js:2274:18)
    at JSON.parse (<anonymous>)
    at resolveConsoleEntry (webpack-internal:///(app-pages-browser)/./node_modules/next/dist/compiled/react-server-dom-webpack/cjs/react-server-dom-webpack-client.browser.development.js:2109:28)
    at processFullStringRow (webpack-internal:///(app-pages-browser)/./node_modules/next/dist/compiled/react-server-dom-webpack/cjs/react-server-dom-webpack-client.browser.development.js:2250:11)
    at processFullBinaryRow (webpack-internal:///(app-pages-browser)/./node_modules/next/dist/compiled/react-server-dom-webpack/cjs/react-server-dom-webpack-client.browser.development.js:2213:7)
    at progress (webpack-internal:///(app-pages-browser)/./node_modules/next/dist/compiled/react-server-dom-webpack/cjs/react-server-dom-webpack-client.browser.development.js:2459:17) @ rsc://React/Server/webpack-internal:///(rsc)/./app/companies/%5Bslug%5D/page.tsx?31:28
[   86564ms] [WARNING] %c%s%c  background: #e6e6e6;background: light-dark(rgba(0,0,0,0.1), rgba(255,255,255,0.25));color: #000000;color: light-dark(#000000, #ffffff);border-radius: 2px  Server   Error: Route "/companies/[slug]" used `params.slug`. `params` should be awaited before using its properties. Learn more: https://nextjs.org/docs/messages/sync-dynamic-apis
    at eval (rsc://React/Server/webpack-internal:///(rsc)/./app/companies/%5Bslug%5D/page.tsx?8:53:113)
    at CompanyPage (rsc://React/Server/webpack-internal:///(rsc)/./app/companies/%5Bslug%5D/page.tsx?9:53:85)
    at resolveErrorDev (webpack-internal:///(app-pages-browser)/./node_modules/next/dist/compiled/react-server-dom-webpack/cjs/react-server-dom-webpack-client.browser.development.js:1845:46)
    at getOutlinedModel (webpack-internal:///(app-pages-browser)/./node_modules/next/dist/compiled/react-server-dom-webpack/cjs/react-server-dom-webpack-client.browser.development.js:1329:22)
    at parseModelString (webpack-internal:///(app-pages-browser)/./node_modules/next/dist/compiled/react-server-dom-webpack/cjs/react-server-dom-webpack-client.browser.development.js:1469:15)
    at Array.eval (webpack-internal:///(app-pages-browser)/./node_modules/next/dist/compiled/react-server-dom-webpack/cjs/react-server-dom-webpack-client.browser.development.js:2274:18)
    at JSON.parse (<anonymous>)
    at resolveConsoleEntry (webpack-internal:///(app-pages-browser)/./node_modules/next/dist/compiled/react-server-dom-webpack/cjs/react-server-dom-webpack-client.browser.development.js:2109:28)
    at processFullStringRow (webpack-internal:///(app-pages-browser)/./node_modules/next/dist/compiled/react-server-dom-webpack/cjs/react-server-dom-webpack-client.browser.development.js:2250:11)
    at processFullBinaryRow (webpack-internal:///(app-pages-browser)/./node_modules/next/dist/compiled/react-server-dom-webpack/cjs/react-server-dom-webpack-client.browser.development.js:2213:7)
    at progress (webpack-internal:///(app-pages-browser)/./node_modules/next/dist/compiled/react-server-dom-webpack/cjs/react-server-dom-webpack-client.browser.development.js:2459:17) @ rsc://React/Server/webpack-internal:///(rsc)/./app/companies/%5Bslug%5D/page.tsx?8:52
[   86566ms] [WARNING] %c%s%c  background: #e6e6e6;background: light-dark(rgba(0,0,0,0.1), rgba(255,255,255,0.25));color: #000000;color: light-dark(#000000, #ffffff);border-radius: 2px  Server   Error: Route "/companies/[slug]" used `params.slug`. `params` should be awaited before using its properties. Learn more: https://nextjs.org/docs/messages/sync-dynamic-apis
    at eval (rsc://React/Server/webpack-internal:///(rsc)/./app/companies/%5Bslug%5D/page.tsx?31:29:113)
    at Module.generateMetadata (rsc://React/Server/webpack-internal:///(rsc)/./app/companies/%5Bslug%5D/page.tsx?32:29:85)
    at resolveErrorDev (webpack-internal:///(app-pages-browser)/./node_modules/next/dist/compiled/react-server-dom-webpack/cjs/react-server-dom-webpack-client.browser.development.js:1845:46)
    at getOutlinedModel (webpack-internal:///(app-pages-browser)/./node_modules/next/dist/compiled/react-server-dom-webpack/cjs/react-server-dom-webpack-client.browser.development.js:1329:22)
    at parseModelString (webpack-internal:///(app-pages-browser)/./node_modules/next/dist/compiled/react-server-dom-webpack/cjs/react-server-dom-webpack-client.browser.development.js:1469:15)
    at Array.eval (webpack-internal:///(app-pages-browser)/./node_modules/next/dist/compiled/react-server-dom-webpack/cjs/react-server-dom-webpack-client.browser.development.js:2274:18)
    at JSON.parse (<anonymous>)
    at resolveConsoleEntry (webpack-internal:///(app-pages-browser)/./node_modules/next/dist/compiled/react-server-dom-webpack/cjs/react-server-dom-webpack-client.browser.development.js:2109:28)
    at processFullStringRow (webpack-internal:///(app-pages-browser)/./node_modules/next/dist/compiled/react-server-dom-webpack/cjs/react-server-dom-webpack-client.browser.development.js:2250:11)
    at processFullBinaryRow (webpack-internal:///(app-pages-browser)/./node_modules/next/dist/compiled/react-server-dom-webpack/cjs/react-server-dom-webpack-client.browser.development.js:2213:7)
    at progress (webpack-internal:///(app-pages-browser)/./node_modules/next/dist/compiled/react-server-dom-webpack/cjs/react-server-dom-webpack-client.browser.development.js:2459:17) @ rsc://React/Server/webpack-internal:///(rsc)/./app/companies/%5Bslug%5D/page.tsx?31:28
[   87524ms] [WARNING] %c%s%c  background: #e6e6e6;background: light-dark(rgba(0,0,0,0.1), rgba(255,255,255,0.25));color: #000000;color: light-dark(#000000, #ffffff);border-radius: 2px  Server   Error: Route "/companies/[slug]" used `params.slug`. `params` should be awaited before using its properties. Learn more: https://nextjs.org/docs/messages/sync-dynamic-apis
    at eval (rsc://React/Server/webpack-internal:///(rsc)/./app/companies/%5Bslug%5D/page.tsx?8:53:113)
    at CompanyPage (rsc://React/Server/webpack-internal:///(rsc)/./app/companies/%5Bslug%5D/page.tsx?9:53:85)
    at resolveErrorDev (webpack-internal:///(app-pages-browser)/./node_modules/next/dist/compiled/react-server-dom-webpack/cjs/react-server-dom-webpack-client.browser.development.js:1845:46)
    at getOutlinedModel (webpack-internal:///(app-pages-browser)/./node_modules/next/dist/compiled/react-server-dom-webpack/cjs/react-server-dom-webpack-client.browser.development.js:1329:22)
    at parseModelString (webpack-internal:///(app-pages-browser)/./node_modules/next/dist/compiled/react-server-dom-webpack/cjs/react-server-dom-webpack-client.browser.development.js:1469:15)
    at Array.eval (webpack-internal:///(app-pages-browser)/./node_modules/next/dist/compiled/react-server-dom-webpack/cjs/react-server-dom-webpack-client.browser.development.js:2274:18)
    at JSON.parse (<anonymous>)
    at resolveConsoleEntry (webpack-internal:///(app-pages-browser)/./node_modules/next/dist/compiled/react-server-dom-webpack/cjs/react-server-dom-webpack-client.browser.development.js:2109:28)
    at processFullStringRow (webpack-internal:///(app-pages-browser)/./node_modules/next/dist/compiled/react-server-dom-webpack/cjs/react-server-dom-webpack-client.browser.development.js:2250:11)
    at processFullBinaryRow (webpack-internal:///(app-pages-browser)/./node_modules/next/dist/compiled/react-server-dom-webpack/cjs/react-server-dom-webpack-client.browser.development.js:2213:7)
    at progress (webpack-internal:///(app-pages-browser)/./node_modules/next/dist/compiled/react-server-dom-webpack/cjs/react-server-dom-webpack-client.browser.development.js:2459:17) @ rsc://React/Server/webpack-internal:///(rsc)/./app/companies/%5Bslug%5D/page.tsx?8:52
[   87545ms] [WARNING] %c%s%c  background: #e6e6e6;background: light-dark(rgba(0,0,0,0.1), rgba(255,255,255,0.25));color: #000000;color: light-dark(#000000, #ffffff);border-radius: 2px  Server   Error: Route "/companies/[slug]" used `params.slug`. `params` should be awaited before using its properties. Learn more: https://nextjs.org/docs/messages/sync-dynamic-apis
    at eval (rsc://React/Server/webpack-internal:///(rsc)/./app/companies/%5Bslug%5D/page.tsx?31:29:113)
    at Module.generateMetadata (rsc://React/Server/webpack-internal:///(rsc)/./app/companies/%5Bslug%5D/page.tsx?32:29:85)
    at resolveErrorDev (webpack-internal:///(app-pages-browser)/./node_modules/next/dist/compiled/react-server-dom-webpack/cjs/react-server-dom-webpack-client.browser.development.js:1845:46)
    at getOutlinedModel (webpack-internal:///(app-pages-browser)/./node_modules/next/dist/compiled/react-server-dom-webpack/cjs/react-server-dom-webpack-client.browser.development.js:1329:22)
    at parseModelString (webpack-internal:///(app-pages-browser)/./node_modules/next/dist/compiled/react-server-dom-webpack/cjs/react-server-dom-webpack-client.browser.development.js:1469:15)
    at Array.eval (webpack-internal:///(app-pages-browser)/./node_modules/next/dist/compiled/react-server-dom-webpack/cjs/react-server-dom-webpack-client.browser.development.js:2274:18)
    at JSON.parse (<anonymous>)
    at resolveConsoleEntry (webpack-internal:///(app-pages-browser)/./node_modules/next/dist/compiled/react-server-dom-webpack/cjs/react-server-dom-webpack-client.browser.development.js:2109:28)
    at processFullStringRow (webpack-internal:///(app-pages-browser)/./node_modules/next/dist/compiled/react-server-dom-webpack/cjs/react-server-dom-webpack-client.browser.development.js:2250:11)
    at processFullBinaryRow (webpack-internal:///(app-pages-browser)/./node_modules/next/dist/compiled/react-server-dom-webpack/cjs/react-server-dom-webpack-client.browser.development.js:2213:7)
    at progress (webpack-internal:///(app-pages-browser)/./node_modules/next/dist/compiled/react-server-dom-webpack/cjs/react-server-dom-webpack-client.browser.development.js:2459:17) @ rsc://React/Server/webpack-internal:///(rsc)/./app/companies/%5Bslug%5D/page.tsx?31:28
[   88252ms] [WARNING] %c%s%c  background: #e6e6e6;background: light-dark(rgba(0,0,0,0.1), rgba(255,255,255,0.25));color: #000000;color: light-dark(#000000, #ffffff);border-radius: 2px  Server   Error: Route "/companies/[slug]" used `params.slug`. `params` should be awaited before using its properties. Learn more: https://nextjs.org/docs/messages/sync-dynamic-apis
    at eval (rsc://React/Server/webpack-internal:///(rsc)/./app/companies/%5Bslug%5D/page.tsx?8:53:113)
    at CompanyPage (rsc://React/Server/webpack-internal:///(rsc)/./app/companies/%5Bslug%5D/page.tsx?9:53:85)
    at resolveErrorDev (webpack-internal:///(app-pages-browser)/./node_modules/next/dist/compiled/react-server-dom-webpack/cjs/react-server-dom-webpack-client.browser.development.js:1845:46)
    at getOutlinedModel (webpack-internal:///(app-pages-browser)/./node_modules/next/dist/compiled/react-server-dom-webpack/cjs/react-server-dom-webpack-client.browser.development.js:1329:22)
    at parseModelString (webpack-internal:///(app-pages-browser)/./node_modules/next/dist/compiled/react-server-dom-webpack/cjs/react-server-dom-webpack-client.browser.development.js:1469:15)
    at Array.eval (webpack-internal:///(app-pages-browser)/./node_modules/next/dist/compiled/react-server-dom-webpack/cjs/react-server-dom-webpack-client.browser.development.js:2274:18)
    at JSON.parse (<anonymous>)
    at resolveConsoleEntry (webpack-internal:///(app-pages-browser)/./node_modules/next/dist/compiled/react-server-dom-webpack/cjs/react-server-dom-webpack-client.browser.development.js:2109:28)
    at processFullStringRow (webpack-internal:///(app-pages-browser)/./node_modules/next/dist/compiled/react-server-dom-webpack/cjs/react-server-dom-webpack-client.browser.development.js:2250:11)
    at processFullBinaryRow (webpack-internal:///(app-pages-browser)/./node_modules/next/dist/compiled/react-server-dom-webpack/cjs/react-server-dom-webpack-client.browser.development.js:2213:7)
    at progress (webpack-internal:///(app-pages-browser)/./node_modules/next/dist/compiled/react-server-dom-webpack/cjs/react-server-dom-webpack-client.browser.development.js:2459:17) @ rsc://React/Server/webpack-internal:///(rsc)/./app/companies/%5Bslug%5D/page.tsx?8:52
[   88270ms] [WARNING] %c%s%c  background: #e6e6e6;background: light-dark(rgba(0,0,0,0.1), rgba(255,255,255,0.25));color: #000000;color: light-dark(#000000, #ffffff);border-radius: 2px  Server   Error: Route "/companies/[slug]" used `params.slug`. `params` should be awaited before using its properties. Learn more: https://nextjs.org/docs/messages/sync-dynamic-apis
    at eval (rsc://React/Server/webpack-internal:///(rsc)/./app/companies/%5Bslug%5D/page.tsx?31:29:113)
    at Module.generateMetadata (rsc://React/Server/webpack-internal:///(rsc)/./app/companies/%5Bslug%5D/page.tsx?32:29:85)
    at resolveErrorDev (webpack-internal:///(app-pages-browser)/./node_modules/next/dist/compiled/react-server-dom-webpack/cjs/react-server-dom-webpack-client.browser.development.js:1845:46)
    at getOutlinedModel (webpack-internal:///(app-pages-browser)/./node_modules/next/dist/compiled/react-server-dom-webpack/cjs/react-server-dom-webpack-client.browser.development.js:1329:22)
    at parseModelString (webpack-internal:///(app-pages-browser)/./node_modules/next/dist/compiled/react-server-dom-webpack/cjs/react-server-dom-webpack-client.browser.development.js:1469:15)
    at Array.eval (webpack-internal:///(app-pages-browser)/./node_modules/next/dist/compiled/react-server-dom-webpack/cjs/react-server-dom-webpack-client.browser.development.js:2274:18)
    at JSON.parse (<anonymous>)
    at resolveConsoleEntry (webpack-internal:///(app-pages-browser)/./node_modules/next/dist/compiled/react-server-dom-webpack/cjs/react-server-dom-webpack-client.browser.development.js:2109:28)
    at processFullStringRow (webpack-internal:///(app-pages-browser)/./node_modules/next/dist/compiled/react-server-dom-webpack/cjs/react-server-dom-webpack-client.browser.development.js:2250:11)
    at processFullBinaryRow (webpack-internal:///(app-pages-browser)/./node_modules/next/dist/compiled/react-server-dom-webpack/cjs/react-server-dom-webpack-client.browser.development.js:2213:7)
    at progress (webpack-internal:///(app-pages-browser)/./node_modules/next/dist/compiled/react-server-dom-webpack/cjs/react-server-dom-webpack-client.browser.development.js:2459:17) @ rsc://React/Server/webpack-internal:///(rsc)/./app/companies/%5Bslug%5D/page.tsx?31:28
[   89008ms] [WARNING] %c%s%c  background: #e6e6e6;background: light-dark(rgba(0,0,0,0.1), rgba(255,255,255,0.25));color: #000000;color: light-dark(#000000, #ffffff);border-radius: 2px  Server   Error: Route "/companies/[slug]" used `params.slug`. `params` should be awaited before using its properties. Learn more: https://nextjs.org/docs/messages/sync-dynamic-apis
    at eval (rsc://React/Server/webpack-internal:///(rsc)/./app/companies/%5Bslug%5D/page.tsx?8:53:113)
    at CompanyPage (rsc://React/Server/webpack-internal:///(rsc)/./app/companies/%5Bslug%5D/page.tsx?9:53:85)
    at resolveErrorDev (webpack-internal:///(app-pages-browser)/./node_modules/next/dist/compiled/react-server-dom-webpack/cjs/react-server-dom-webpack-client.browser.development.js:1845:46)
    at getOutlinedModel (webpack-internal:///(app-pages-browser)/./node_modules/next/dist/compiled/react-server-dom-webpack/cjs/react-server-dom-webpack-client.browser.development.js:1329:22)
    at parseModelString (webpack-internal:///(app-pages-browser)/./node_modules/next/dist/compiled/react-server-dom-webpack/cjs/react-server-dom-webpack-client.browser.development.js:1469:15)
    at Array.eval (webpack-internal:///(app-pages-browser)/./node_modules/next/dist/compiled/react-server-dom-webpack/cjs/react-server-dom-webpack-client.browser.development.js:2274:18)
    at JSON.parse (<anonymous>)
    at resolveConsoleEntry (webpack-internal:///(app-pages-browser)/./node_modules/next/dist/compiled/react-server-dom-webpack/cjs/react-server-dom-webpack-client.browser.development.js:2109:28)
    at processFullStringRow (webpack-internal:///(app-pages-browser)/./node_modules/next/dist/compiled/react-server-dom-webpack/cjs/react-server-dom-webpack-client.browser.development.js:2250:11)
    at processFullBinaryRow (webpack-internal:///(app-pages-browser)/./node_modules/next/dist/compiled/react-server-dom-webpack/cjs/react-server-dom-webpack-client.browser.development.js:2213:7)
    at progress (webpack-internal:///(app-pages-browser)/./node_modules/next/dist/compiled/react-server-dom-webpack/cjs/react-server-dom-webpack-client.browser.development.js:2459:17) @ rsc://React/Server/webpack-internal:///(rsc)/./app/companies/%5Bslug%5D/page.tsx?8:52
[   89024ms] [WARNING] %c%s%c  background: #e6e6e6;background: light-dark(rgba(0,0,0,0.1), rgba(255,255,255,0.25));color: #000000;color: light-dark(#000000, #ffffff);border-radius: 2px  Server   Error: Route "/companies/[slug]" used `params.slug`. `params` should be awaited before using its properties. Learn more: https://nextjs.org/docs/messages/sync-dynamic-apis
    at eval (rsc://React/Server/webpack-internal:///(rsc)/./app/companies/%5Bslug%5D/page.tsx?31:29:113)
    at Module.generateMetadata (rsc://React/Server/webpack-internal:///(rsc)/./app/companies/%5Bslug%5D/page.tsx?32:29:85)
    at resolveErrorDev (webpack-internal:///(app-pages-browser)/./node_modules/next/dist/compiled/react-server-dom-webpack/cjs/react-server-dom-webpack-client.browser.development.js:1845:46)
    at getOutlinedModel (webpack-internal:///(app-pages-browser)/./node_modules/next/dist/compiled/react-server-dom-webpack/cjs/react-server-dom-webpack-client.browser.development.js:1329:22)
    at parseModelString (webpack-internal:///(app-pages-browser)/./node_modules/next/dist/compiled/react-server-dom-webpack/cjs/react-server-dom-webpack-client.browser.development.js:1469:15)
    at Array.eval (webpack-internal:///(app-pages-browser)/./node_modules/next/dist/compiled/react-server-dom-webpack/cjs/react-server-dom-webpack-client.browser.development.js:2274:18)
    at JSON.parse (<anonymous>)
    at resolveConsoleEntry (webpack-internal:///(app-pages-browser)/./node_modules/next/dist/compiled/react-server-dom-webpack/cjs/react-server-dom-webpack-client.browser.development.js:2109:28)
    at processFullStringRow (webpack-internal:///(app-pages-browser)/./node_modules/next/dist/compiled/react-server-dom-webpack/cjs/react-server-dom-webpack-client.browser.development.js:2250:11)
    at processFullBinaryRow (webpack-internal:///(app-pages-browser)/./node_modules/next/dist/compiled/react-server-dom-webpack/cjs/react-server-dom-webpack-client.browser.development.js:2213:7)
    at progress (webpack-internal:///(app-pages-browser)/./node_modules/next/dist/compiled/react-server-dom-webpack/cjs/react-server-dom-webpack-client.browser.development.js:2459:17) @ rsc://React/Server/webpack-internal:///(rsc)/./app/companies/%5Bslug%5D/page.tsx?31:28
[   89580ms] [WARNING] %c%s%c  background: #e6e6e6;background: light-dark(rgba(0,0,0,0.1), rgba(255,255,255,0.25));color: #000000;color: light-dark(#000000, #ffffff);border-radius: 2px  Server   Error: Route "/companies/[slug]" used `params.slug`. `params` should be awaited before using its properties. Learn more: https://nextjs.org/docs/messages/sync-dynamic-apis
    at eval (rsc://React/Server/webpack-internal:///(rsc)/./app/companies/%5Bslug%5D/page.tsx?8:53:113)
    at CompanyPage (rsc://React/Server/webpack-internal:///(rsc)/./app/companies/%5Bslug%5D/page.tsx?9:53:85)
    at resolveErrorDev (webpack-internal:///(app-pages-browser)/./node_modules/next/dist/compiled/react-server-dom-webpack/cjs/react-server-dom-webpack-client.browser.development.js:1845:46)
    at getOutlinedModel (webpack-internal:///(app-pages-browser)/./node_modules/next/dist/compiled/react-server-dom-webpack/cjs/react-server-dom-webpack-client.browser.development.js:1329:22)
    at parseModelString (webpack-internal:///(app-pages-browser)/./node_modules/next/dist/compiled/react-server-dom-webpack/cjs/react-server-dom-webpack-client.browser.development.js:1469:15)
    at Array.eval (webpack-internal:///(app-pages-browser)/./node_modules/next/dist/compiled/react-server-dom-webpack/cjs/react-server-dom-webpack-client.browser.development.js:2274:18)
    at JSON.parse (<anonymous>)
    at resolveConsoleEntry (webpack-internal:///(app-pages-browser)/./node_modules/next/dist/compiled/react-server-dom-webpack/cjs/react-server-dom-webpack-client.browser.development.js:2109:28)
    at processFullStringRow (webpack-internal:///(app-pages-browser)/./node_modules/next/dist/compiled/react-server-dom-webpack/cjs/react-server-dom-webpack-client.browser.development.js:2250:11)
    at processFullBinaryRow (webpack-internal:///(app-pages-browser)/./node_modules/next/dist/compiled/react-server-dom-webpack/cjs/react-server-dom-webpack-client.browser.development.js:2213:7)
    at progress (webpack-internal:///(app-pages-browser)/./node_modules/next/dist/compiled/react-server-dom-webpack/cjs/react-server-dom-webpack-client.browser.development.js:2459:17) @ rsc://React/Server/webpack-internal:///(rsc)/./app/companies/%5Bslug%5D/page.tsx?8:52
[   89597ms] [WARNING] %c%s%c  background: #e6e6e6;background: light-dark(rgba(0,0,0,0.1), rgba(255,255,255,0.25));color: #000000;color: light-dark(#000000, #ffffff);border-radius: 2px  Server   Error: Route "/companies/[slug]" used `params.slug`. `params` should be awaited before using its properties. Learn more: https://nextjs.org/docs/messages/sync-dynamic-apis
    at eval (rsc://React/Server/webpack-internal:///(rsc)/./app/companies/%5Bslug%5D/page.tsx?31:29:113)
    at Module.generateMetadata (rsc://React/Server/webpack-internal:///(rsc)/./app/companies/%5Bslug%5D/page.tsx?32:29:85)
    at resolveErrorDev (webpack-internal:///(app-pages-browser)/./node_modules/next/dist/compiled/react-server-dom-webpack/cjs/react-server-dom-webpack-client.browser.development.js:1845:46)
    at getOutlinedModel (webpack-internal:///(app-pages-browser)/./node_modules/next/dist/compiled/react-server-dom-webpack/cjs/react-server-dom-webpack-client.browser.development.js:1329:22)
    at parseModelString (webpack-internal:///(app-pages-browser)/./node_modules/next/dist/compiled/react-server-dom-webpack/cjs/react-server-dom-webpack-client.browser.development.js:1469:15)
    at Array.eval (webpack-internal:///(app-pages-browser)/./node_modules/next/dist/compiled/react-server-dom-webpack/cjs/react-server-dom-webpack-client.browser.development.js:2274:18)
    at JSON.parse (<anonymous>)
    at resolveConsoleEntry (webpack-internal:///(app-pages-browser)/./node_modules/next/dist/compiled/react-server-dom-webpack/cjs/react-server-dom-webpack-client.browser.development.js:2109:28)
    at processFullStringRow (webpack-internal:///(app-pages-browser)/./node_modules/next/dist/compiled/react-server-dom-webpack/cjs/react-server-dom-webpack-client.browser.development.js:2250:11)
    at processFullBinaryRow (webpack-internal:///(app-pages-browser)/./node_modules/next/dist/compiled/react-server-dom-webpack/cjs/react-server-dom-webpack-client.browser.development.js:2213:7)
    at progress (webpack-internal:///(app-pages-browser)/./node_modules/next/dist/compiled/react-server-dom-webpack/cjs/react-server-dom-webpack-client.browser.development.js:2459:17) @ rsc://React/Server/webpack-internal:///(rsc)/./app/companies/%5Bslug%5D/page.tsx?31:28
[   90394ms] [WARNING] %c%s%c  background: #e6e6e6;background: light-dark(rgba(0,0,0,0.1), rgba(255,255,255,0.25));color: #000000;color: light-dark(#000000, #ffffff);border-radius: 2px  Server   Error: Route "/companies/[slug]" used `params.slug`. `params` should be awaited before using its properties. Learn more: https://nextjs.org/docs/messages/sync-dynamic-apis
    at eval (rsc://React/Server/webpack-internal:///(rsc)/./app/companies/%5Bslug%5D/page.tsx?8:53:113)
    at CompanyPage (rsc://React/Server/webpack-internal:///(rsc)/./app/companies/%5Bslug%5D/page.tsx?9:53:85)
    at resolveErrorDev (webpack-internal:///(app-pages-browser)/./node_modules/next/dist/compiled/react-server-dom-webpack/cjs/react-server-dom-webpack-client.browser.development.js:1845:46)
    at getOutlinedModel (webpack-internal:///(app-pages-browser)/./node_modules/next/dist/compiled/react-server-dom-webpack/cjs/react-server-dom-webpack-client.browser.development.js:1329:22)
    at parseModelString (webpack-internal:///(app-pages-browser)/./node_modules/next/dist/compiled/react-server-dom-webpack/cjs/react-server-dom-webpack-client.browser.development.js:1469:15)
    at Array.eval (webpack-internal:///(app-pages-browser)/./node_modules/next/dist/compiled/react-server-dom-webpack/cjs/react-server-dom-webpack-client.browser.development.js:2274:18)
    at JSON.parse (<anonymous>)
    at resolveConsoleEntry (webpack-internal:///(app-pages-browser)/./node_modules/next/dist/compiled/react-server-dom-webpack/cjs/react-server-dom-webpack-client.browser.development.js:2109:28)
    at processFullStringRow (webpack-internal:///(app-pages-browser)/./node_modules/next/dist/compiled/react-server-dom-webpack/cjs/react-server-dom-webpack-client.browser.development.js:2250:11)
    at processFullBinaryRow (webpack-internal:///(app-pages-browser)/./node_modules/next/dist/compiled/react-server-dom-webpack/cjs/react-server-dom-webpack-client.browser.development.js:2213:7)
    at progress (webpack-internal:///(app-pages-browser)/./node_modules/next/dist/compiled/react-server-dom-webpack/cjs/react-server-dom-webpack-client.browser.development.js:2459:17) @ rsc://React/Server/webpack-internal:///(rsc)/./app/companies/%5Bslug%5D/page.tsx?8:52
[   90396ms] [WARNING] %c%s%c  background: #e6e6e6;background: light-dark(rgba(0,0,0,0.1), rgba(255,255,255,0.25));color: #000000;color: light-dark(#000000, #ffffff);border-radius: 2px  Server   Error: Route "/companies/[slug]" used `params.slug`. `params` should be awaited before using its properties. Learn more: https://nextjs.org/docs/messages/sync-dynamic-apis
    at eval (rsc://React/Server/webpack-internal:///(rsc)/./app/companies/%5Bslug%5D/page.tsx?31:29:113)
    at Module.generateMetadata (rsc://React/Server/webpack-internal:///(rsc)/./app/companies/%5Bslug%5D/page.tsx?32:29:85)
    at resolveErrorDev (webpack-internal:///(app-pages-browser)/./node_modules/next/dist/compiled/react-server-dom-webpack/cjs/react-server-dom-webpack-client.browser.development.js:1845:46)
    at getOutlinedModel (webpack-internal:///(app-pages-browser)/./node_modules/next/dist/compiled/react-server-dom-webpack/cjs/react-server-dom-webpack-client.browser.development.js:1329:22)
    at parseModelString (webpack-internal:///(app-pages-browser)/./node_modules/next/dist/compiled/react-server-dom-webpack/cjs/react-server-dom-webpack-client.browser.development.js:1469:15)
    at Array.eval (webpack-internal:///(app-pages-browser)/./node_modules/next/dist/compiled/react-server-dom-webpack/cjs/react-server-dom-webpack-client.browser.development.js:2274:18)
    at JSON.parse (<anonymous>)
    at resolveConsoleEntry (webpack-internal:///(app-pages-browser)/./node_modules/next/dist/compiled/react-server-dom-webpack/cjs/react-server-dom-webpack-client.browser.development.js:2109:28)
    at processFullStringRow (webpack-internal:///(app-pages-browser)/./node_modules/next/dist/compiled/react-server-dom-webpack/cjs/react-server-dom-webpack-client.browser.development.js:2250:11)
    at processFullBinaryRow (webpack-internal:///(app-pages-browser)/./node_modules/next/dist/compiled/react-server-dom-webpack/cjs/react-server-dom-webpack-client.browser.development.js:2213:7)
    at progress (webpack-internal:///(app-pages-browser)/./node_modules/next/dist/compiled/react-server-dom-webpack/cjs/react-server-dom-webpack-client.browser.development.js:2459:17) @ rsc://React/Server/webpack-internal:///(rsc)/./app/companies/%5Bslug%5D/page.tsx?31:28
