[    2253ms] [ERROR] Failed to load resource: the server responded with a status of 500 (Internal Server Error) @ http://localhost:3000/:0
[    2643ms] Error: ENOENT: no such file or directory, open '/Users/lobby/Desktop/apps/portfolio/.next/server/pages/_document.js'
    at Object.readFileSync (node:fs:448:20)
    at getMaybeCachedSource (node:internal/modules/cjs/loader:1492:18)
    at Module._extensions..js (node:internal/modules/cjs/loader:1504:19)
    at Module.load (node:internal/modules/cjs/loader:1288:32)
    at Module._load (node:internal/modules/cjs/loader:1104:12)
    at Module.require (node:internal/modules/cjs/loader:1311:19)
    at mod.require (file:///Users/lobby/Desktop/apps/portfolio/node_modules/next/dist/server/require-hook.js:65:28)
    at require (node:internal/modules/helpers:179:18)
    at requirePage (file:///Users/lobby/Desktop/apps/portfolio/node_modules/next/dist/server/require.js:103:84)
    at loadComponentsImpl (file:///Users/lobby/Desktop/apps/portfolio/node_modules/next/dist/server/load-components.js:85:38)
    at DevServer.findPageComponentsImpl (file:///Users/lobby/Desktop/apps/portfolio/node_modules/next/dist/server/next-server.js:808:77)
    at <unknown> (file:///Users/lobby/Desktop/apps/portfolio/node_modules/next/dist/server/next-server.js:786:21)
    at <unknown> (file:///Users/lobby/Desktop/apps/portfolio/node_modules/next/dist/server/lib/trace/tracer.js:169:36)
    at NoopContextManager.with (file:///Users/lobby/Desktop/apps/portfolio/node_modules/next/dist/compiled/@opentelemetry/api/index.js:1:7062)
    at ContextAPI.with (file:///Users/lobby/Desktop/apps/portfolio/node_modules/next/dist/compiled/@opentelemetry/api/index.js:1:518)
    at NoopTracer.startActiveSpan (file:///Users/lobby/Desktop/apps/portfolio/node_modules/next/dist/compiled/@opentelemetry/api/index.js:1:18093)
    at ProxyTracer.startActiveSpan (file:///Users/lobby/Desktop/apps/portfolio/node_modules/next/dist/compiled/@opentelemetry/api/index.js:1:18854)
    at <unknown> (file:///Users/lobby/Desktop/apps/portfolio/node_modules/next/dist/server/lib/trace/tracer.js:151:103)
    at NoopContextManager.with (file:///Users/lobby/Desktop/apps/portfolio/node_modules/next/dist/compiled/@opentelemetry/api/index.js:1:7062)
    at ContextAPI.with (file:///Users/lobby/Desktop/apps/portfolio/node_modules/next/dist/compiled/@opentelemetry/api/index.js:1:518)
    at NextTracerImpl.trace (file:///Users/lobby/Desktop/apps/portfolio/node_modules/next/dist/server/lib/trace/tracer.js:151:28)
    at DevServer.findPageComponents (file:///Users/lobby/Desktop/apps/portfolio/node_modules/next/dist/server/next-server.js:781:41)
    at DevServer.findPageComponents (file:///Users/lobby/Desktop/apps/portfolio/node_modules/next/dist/server/dev/next-dev-server.js:628:28)
    at async DevServer.renderErrorToResponseImpl (file:///Users/lobby/Desktop/apps/portfolio/node_modules/next/dist/server/base-server.js:2604:26)
    at async DevServer.pipeImpl (file:///Users/lobby/Desktop/apps/portfolio/node_modules/next/dist/server/base-server.js:1003:25)
    at async NextNodeServer.handleCatchallRenderRequest (file:///Users/lobby/Desktop/apps/portfolio/node_modules/next/dist/server/next-server.js:304:17)
    at async DevServer.handleRequestImpl (file:///Users/lobby/Desktop/apps/portfolio/node_modules/next/dist/server/base-server.js:895:17)
    at async (file:///Users/lobby/Desktop/apps/portfolio/node_modules/next/dist/server/dev/next-dev-server.js:371:20)
    at async Span.traceAsyncFn (file:///Users/lobby/Desktop/apps/portfolio/node_modules/next/dist/trace/trace.js:157:20)
    at async DevServer.handleRequest (file:///Users/lobby/Desktop/apps/portfolio/node_modules/next/dist/server/dev/next-dev-server.js:368:24)
    at async invokeRender (file:///Users/lobby/Desktop/apps/portfolio/node_modules/next/dist/server/lib/router-server.js:235:21)
    at async handleRequest (file:///Users/lobby/Desktop/apps/portfolio/node_modules/next/dist/server/lib/router-server.js:426:24)
    at async requestHandlerImpl (file:///Users/lobby/Desktop/apps/portfolio/node_modules/next/dist/server/lib/router-server.js:450:13)
    at async Server.requestListener (file:///Users/lobby/Desktop/apps/portfolio/node_modules/next/dist/server/lib/start-server.js:158:13)
[    2643ms] [WARNING] [HMR] Invalid message: {"action":"isrManifest","data":{"/about":true,"/contact":true,"/changelog":true,"/resources":true,"/essays":true,"/context":true,"/companies":true,"/localhost":true,"/companies/coconut":true,"/_next/static/webpack/a9274d96aac81f28.webpack.hot-update.json":true,"/_next/static/chunks/main-app.js":true,"/_next/static/chunks/app-pages-internals.js":true,"/_next/static/chunks/app/page.js":true}}
TypeError: Cannot read properties of undefined (reading '__N_SSP')
    at handleStaticIndicator (webpack-internal:///(pages-dir-browser)/./node_modules/next/dist/client/components/react-dev-overlay/pages/hot-reloader-client.js:229:124)
    at processMessage (webpack-internal:///(pages-dir-browser)/./node_modules/next/dist/client/components/react-dev-overlay/pages/hot-reloader-client.js:244:17)
    at eval (webpack-internal:///(pages-dir-browser)/./node_modules/next/dist/client/components/react-dev-overlay/pages/hot-reloader-client.js:70:13)
    at WebSocket.handleMessage (webpack-internal:///(pages-dir-browser)/./node_modules/next/dist/client/components/react-dev-overlay/pages/websocket.js:65:17) @ webpack-internal:///(pages-dir-browser)/./node_modules/next/dist/client/components/react-dev-overlay/pages/hot-reloader-client.js:72
[    2951ms] [WARNING] [HMR] Invalid message: {"action":"isrManifest","data":{"/about":true,"/contact":true,"/changelog":true,"/resources":true,"/essays":true,"/context":true,"/companies":true,"/localhost":true,"/companies/coconut":true,"/_next/static/webpack/a9274d96aac81f28.webpack.hot-update.json":true,"/_next/static/chunks/main-app.js":true,"/_next/static/chunks/app-pages-internals.js":true,"/_next/static/chunks/app/page.js":true}}
TypeError: Cannot read properties of undefined (reading '__N_SSP')
    at handleStaticIndicator (webpack-internal:///(pages-dir-browser)/./node_modules/next/dist/client/components/react-dev-overlay/pages/hot-reloader-client.js:229:124)
    at processMessage (webpack-internal:///(pages-dir-browser)/./node_modules/next/dist/client/components/react-dev-overlay/pages/hot-reloader-client.js:244:17)
    at eval (webpack-internal:///(pages-dir-browser)/./node_modules/next/dist/client/components/react-dev-overlay/pages/hot-reloader-client.js:70:13)
    at WebSocket.handleMessage (webpack-internal:///(pages-dir-browser)/./node_modules/next/dist/client/components/react-dev-overlay/pages/websocket.js:65:17) @ webpack-internal:///(pages-dir-browser)/./node_modules/next/dist/client/components/react-dev-overlay/pages/hot-reloader-client.js:72
[    2955ms] [ERROR] Failed to load resource: the server responded with a status of 500 (Internal Server Error) @ http://localhost:3000/_next/static/webpack/aa167a3ac9a06ddc.webpack.hot-update.json:0
[    2955ms] [WARNING] [Fast Refresh] performing full reload

Fast Refresh will perform a full reload when you edit a file that's imported by modules outside of the React rendering tree.
You might have a file which exports a React component but also exports a value that is imported by a non-React component file.
Consider migrating the non-React component export to a separate file and importing it into both files.

It is also possible the parent component of the component you edited is a class component, which disables Fast Refresh.
Fast Refresh requires at least one parent function component in your React tree. @ webpack-internal:///(pages-dir-browser)/./node_modules/next/dist/client/components/react-dev-overlay/pages/hot-reloader-client.js:390
[    2998ms] [WARNING] [HMR] Invalid message: {"action":"isrManifest","data":{"/about":true,"/contact":true,"/changelog":true,"/resources":true,"/essays":true,"/context":true,"/companies":true,"/localhost":true,"/companies/coconut":true,"/_next/static/webpack/a9274d96aac81f28.webpack.hot-update.json":true,"/_next/static/chunks/main-app.js":true,"/_next/static/chunks/app-pages-internals.js":true,"/_next/static/chunks/app/page.js":true}}
TypeError: Cannot read properties of undefined (reading '__N_SSP')
    at handleStaticIndicator (webpack-internal:///(pages-dir-browser)/./node_modules/next/dist/client/components/react-dev-overlay/pages/hot-reloader-client.js:229:124)
    at processMessage (webpack-internal:///(pages-dir-browser)/./node_modules/next/dist/client/components/react-dev-overlay/pages/hot-reloader-client.js:244:17)
    at eval (webpack-internal:///(pages-dir-browser)/./node_modules/next/dist/client/components/react-dev-overlay/pages/hot-reloader-client.js:70:13)
    at WebSocket.handleMessage (webpack-internal:///(pages-dir-browser)/./node_modules/next/dist/client/components/react-dev-overlay/pages/websocket.js:65:17) @ webpack-internal:///(pages-dir-browser)/./node_modules/next/dist/client/components/react-dev-overlay/pages/hot-reloader-client.js:72
[    3034ms] [WARNING] [HMR] Invalid message: {"action":"isrManifest","data":{"/about":true,"/contact":true,"/changelog":true,"/resources":true,"/essays":true,"/context":true,"/companies":true,"/localhost":true,"/companies/coconut":true,"/_next/static/webpack/a9274d96aac81f28.webpack.hot-update.json":true,"/_next/static/chunks/main-app.js":true,"/_next/static/chunks/app-pages-internals.js":true,"/_next/static/chunks/app/page.js":true}}
TypeError: Cannot read properties of undefined (reading '__N_SSP')
    at handleStaticIndicator (webpack-internal:///(pages-dir-browser)/./node_modules/next/dist/client/components/react-dev-overlay/pages/hot-reloader-client.js:229:124)
    at processMessage (webpack-internal:///(pages-dir-browser)/./node_modules/next/dist/client/components/react-dev-overlay/pages/hot-reloader-client.js:244:17)
    at eval (webpack-internal:///(pages-dir-browser)/./node_modules/next/dist/client/components/react-dev-overlay/pages/hot-reloader-client.js:70:13)
    at WebSocket.handleMessage (webpack-internal:///(pages-dir-browser)/./node_modules/next/dist/client/components/react-dev-overlay/pages/websocket.js:65:17) @ webpack-internal:///(pages-dir-browser)/./node_modules/next/dist/client/components/react-dev-overlay/pages/hot-reloader-client.js:72
[    3043ms] [ERROR] Failed to load resource: the server responded with a status of 500 (Internal Server Error) @ http://localhost:3000/:0
[    3705ms] Error: ENOENT: no such file or directory, open '/Users/lobby/Desktop/apps/portfolio/.next/server/pages/_document.js'
    at Object.readFileSync (node:fs:448:20)
    at getMaybeCachedSource (node:internal/modules/cjs/loader:1492:18)
    at Module._extensions..js (node:internal/modules/cjs/loader:1504:19)
    at Module.load (node:internal/modules/cjs/loader:1288:32)
    at Module._load (node:internal/modules/cjs/loader:1104:12)
    at Module.require (node:internal/modules/cjs/loader:1311:19)
    at mod.require (file:///Users/lobby/Desktop/apps/portfolio/node_modules/next/dist/server/require-hook.js:65:28)
    at require (node:internal/modules/helpers:179:18)
    at requirePage (file:///Users/lobby/Desktop/apps/portfolio/node_modules/next/dist/server/require.js:103:84)
    at loadComponentsImpl (file:///Users/lobby/Desktop/apps/portfolio/node_modules/next/dist/server/load-components.js:85:38)
    at DevServer.findPageComponentsImpl (file:///Users/lobby/Desktop/apps/portfolio/node_modules/next/dist/server/next-server.js:808:77)
    at <unknown> (file:///Users/lobby/Desktop/apps/portfolio/node_modules/next/dist/server/next-server.js:786:21)
    at <unknown> (file:///Users/lobby/Desktop/apps/portfolio/node_modules/next/dist/server/lib/trace/tracer.js:169:36)
    at NoopContextManager.with (file:///Users/lobby/Desktop/apps/portfolio/node_modules/next/dist/compiled/@opentelemetry/api/index.js:1:7062)
    at ContextAPI.with (file:///Users/lobby/Desktop/apps/portfolio/node_modules/next/dist/compiled/@opentelemetry/api/index.js:1:518)
    at NoopTracer.startActiveSpan (file:///Users/lobby/Desktop/apps/portfolio/node_modules/next/dist/compiled/@opentelemetry/api/index.js:1:18093)
    at ProxyTracer.startActiveSpan (file:///Users/lobby/Desktop/apps/portfolio/node_modules/next/dist/compiled/@opentelemetry/api/index.js:1:18854)
    at <unknown> (file:///Users/lobby/Desktop/apps/portfolio/node_modules/next/dist/server/lib/trace/tracer.js:151:103)
    at NoopContextManager.with (file:///Users/lobby/Desktop/apps/portfolio/node_modules/next/dist/compiled/@opentelemetry/api/index.js:1:7062)
    at ContextAPI.with (file:///Users/lobby/Desktop/apps/portfolio/node_modules/next/dist/compiled/@opentelemetry/api/index.js:1:518)
    at NextTracerImpl.trace (file:///Users/lobby/Desktop/apps/portfolio/node_modules/next/dist/server/lib/trace/tracer.js:151:28)
    at DevServer.findPageComponents (file:///Users/lobby/Desktop/apps/portfolio/node_modules/next/dist/server/next-server.js:781:41)
    at DevServer.findPageComponents (file:///Users/lobby/Desktop/apps/portfolio/node_modules/next/dist/server/dev/next-dev-server.js:628:28)
    at async DevServer.renderErrorToResponseImpl (file:///Users/lobby/Desktop/apps/portfolio/node_modules/next/dist/server/base-server.js:2604:26)
    at async pipe.req.req (file:///Users/lobby/Desktop/apps/portfolio/node_modules/next/dist/server/base-server.js:2526:30)
    at async DevServer.pipeImpl (file:///Users/lobby/Desktop/apps/portfolio/node_modules/next/dist/server/base-server.js:1003:25)
    at async NextNodeServer.handleCatchallRenderRequest (file:///Users/lobby/Desktop/apps/portfolio/node_modules/next/dist/server/next-server.js:319:21)
    at async DevServer.handleRequestImpl (file:///Users/lobby/Desktop/apps/portfolio/node_modules/next/dist/server/base-server.js:895:17)
    at async (file:///Users/lobby/Desktop/apps/portfolio/node_modules/next/dist/server/dev/next-dev-server.js:371:20)
    at async Span.traceAsyncFn (file:///Users/lobby/Desktop/apps/portfolio/node_modules/next/dist/trace/trace.js:157:20)
    at async DevServer.handleRequest (file:///Users/lobby/Desktop/apps/portfolio/node_modules/next/dist/server/dev/next-dev-server.js:368:24)
    at async invokeRender (file:///Users/lobby/Desktop/apps/portfolio/node_modules/next/dist/server/lib/router-server.js:235:21)
    at async handleRequest (file:///Users/lobby/Desktop/apps/portfolio/node_modules/next/dist/server/lib/router-server.js:426:24)
    at async requestHandlerImpl (file:///Users/lobby/Desktop/apps/portfolio/node_modules/next/dist/server/lib/router-server.js:450:13)
    at async Server.requestListener (file:///Users/lobby/Desktop/apps/portfolio/node_modules/next/dist/server/lib/start-server.js:158:13)
[    3647ms] [WARNING] [HMR] Invalid message: {"action":"isrManifest","data":{"/about":true,"/contact":true,"/changelog":true,"/resources":true,"/essays":true,"/context":true,"/companies":true,"/localhost":true,"/companies/coconut":true,"/_next/static/webpack/a9274d96aac81f28.webpack.hot-update.json":true,"/_next/static/chunks/main-app.js":true,"/_next/static/chunks/app-pages-internals.js":true,"/_next/static/chunks/app/page.js":true}}
TypeError: Cannot read properties of undefined (reading '__N_SSP')
    at handleStaticIndicator (webpack-internal:///(pages-dir-browser)/./node_modules/next/dist/client/components/react-dev-overlay/pages/hot-reloader-client.js:229:124)
    at processMessage (webpack-internal:///(pages-dir-browser)/./node_modules/next/dist/client/components/react-dev-overlay/pages/hot-reloader-client.js:244:17)
    at eval (webpack-internal:///(pages-dir-browser)/./node_modules/next/dist/client/components/react-dev-overlay/pages/hot-reloader-client.js:70:13)
    at WebSocket.handleMessage (webpack-internal:///(pages-dir-browser)/./node_modules/next/dist/client/components/react-dev-overlay/pages/websocket.js:65:17) @ webpack-internal:///(pages-dir-browser)/./node_modules/next/dist/client/components/react-dev-overlay/pages/hot-reloader-client.js:72
[    3934ms] [WARNING] [HMR] Invalid message: {"action":"isrManifest","data":{"/about":true,"/contact":true,"/changelog":true,"/resources":true,"/essays":true,"/context":true,"/companies":true,"/localhost":true,"/companies/coconut":true,"/_next/static/webpack/a9274d96aac81f28.webpack.hot-update.json":true,"/_next/static/chunks/main-app.js":true,"/_next/static/chunks/app-pages-internals.js":true,"/_next/static/chunks/app/page.js":true}}
TypeError: Cannot read properties of undefined (reading '__N_SSP')
    at handleStaticIndicator (webpack-internal:///(pages-dir-browser)/./node_modules/next/dist/client/components/react-dev-overlay/pages/hot-reloader-client.js:229:124)
    at processMessage (webpack-internal:///(pages-dir-browser)/./node_modules/next/dist/client/components/react-dev-overlay/pages/hot-reloader-client.js:244:17)
    at eval (webpack-internal:///(pages-dir-browser)/./node_modules/next/dist/client/components/react-dev-overlay/pages/hot-reloader-client.js:70:13)
    at WebSocket.handleMessage (webpack-internal:///(pages-dir-browser)/./node_modules/next/dist/client/components/react-dev-overlay/pages/websocket.js:65:17) @ webpack-internal:///(pages-dir-browser)/./node_modules/next/dist/client/components/react-dev-overlay/pages/hot-reloader-client.js:72
[    3939ms] [ERROR] Failed to load resource: the server responded with a status of 500 (Internal Server Error) @ http://localhost:3000/_next/static/webpack/aa167a3ac9a06ddc.webpack.hot-update.json:0
[    3939ms] [WARNING] [Fast Refresh] performing full reload

Fast Refresh will perform a full reload when you edit a file that's imported by modules outside of the React rendering tree.
You might have a file which exports a React component but also exports a value that is imported by a non-React component file.
Consider migrating the non-React component export to a separate file and importing it into both files.

It is also possible the parent component of the component you edited is a class component, which disables Fast Refresh.
Fast Refresh requires at least one parent function component in your React tree. @ webpack-internal:///(pages-dir-browser)/./node_modules/next/dist/client/components/react-dev-overlay/pages/hot-reloader-client.js:390
[    3977ms] [ERROR] Failed to load resource: the server responded with a status of 500 (Internal Server Error) @ http://localhost:3000/favicon.ico:0
[    3996ms] [WARNING] [HMR] Invalid message: {"action":"isrManifest","data":{"/about":true,"/contact":true,"/changelog":true,"/resources":true,"/essays":true,"/context":true,"/companies":true,"/localhost":true,"/companies/coconut":true,"/_next/static/webpack/a9274d96aac81f28.webpack.hot-update.json":true,"/_next/static/chunks/main-app.js":true,"/_next/static/chunks/app-pages-internals.js":true,"/_next/static/chunks/app/page.js":true}}
TypeError: Cannot read properties of undefined (reading '__N_SSP')
    at handleStaticIndicator (webpack-internal:///(pages-dir-browser)/./node_modules/next/dist/client/components/react-dev-overlay/pages/hot-reloader-client.js:229:124)
    at processMessage (webpack-internal:///(pages-dir-browser)/./node_modules/next/dist/client/components/react-dev-overlay/pages/hot-reloader-client.js:244:17)
    at eval (webpack-internal:///(pages-dir-browser)/./node_modules/next/dist/client/components/react-dev-overlay/pages/hot-reloader-client.js:70:13)
    at WebSocket.handleMessage (webpack-internal:///(pages-dir-browser)/./node_modules/next/dist/client/components/react-dev-overlay/pages/websocket.js:65:17) @ webpack-internal:///(pages-dir-browser)/./node_modules/next/dist/client/components/react-dev-overlay/pages/hot-reloader-client.js:72
[    4558ms] [WARNING] [HMR] Invalid message: {"action":"isrManifest","data":{"/about":true,"/contact":true,"/changelog":true,"/resources":true,"/essays":true,"/context":true,"/companies":true,"/localhost":true,"/companies/coconut":true,"/_next/static/webpack/a9274d96aac81f28.webpack.hot-update.json":true,"/_next/static/chunks/main-app.js":true,"/_next/static/chunks/app-pages-internals.js":true,"/_next/static/chunks/app/page.js":true}}
TypeError: Cannot read properties of undefined (reading '__N_SSP')
    at handleStaticIndicator (webpack-internal:///(pages-dir-browser)/./node_modules/next/dist/client/components/react-dev-overlay/pages/hot-reloader-client.js:229:124)
    at processMessage (webpack-internal:///(pages-dir-browser)/./node_modules/next/dist/client/components/react-dev-overlay/pages/hot-reloader-client.js:244:17)
    at eval (webpack-internal:///(pages-dir-browser)/./node_modules/next/dist/client/components/react-dev-overlay/pages/hot-reloader-client.js:70:13)
    at WebSocket.handleMessage (webpack-internal:///(pages-dir-browser)/./node_modules/next/dist/client/components/react-dev-overlay/pages/websocket.js:65:17) @ webpack-internal:///(pages-dir-browser)/./node_modules/next/dist/client/components/react-dev-overlay/pages/hot-reloader-client.js:72
[    4597ms] [WARNING] [HMR] Invalid message: {"action":"isrManifest","data":{"/about":true,"/contact":true,"/changelog":true,"/resources":true,"/essays":true,"/context":true,"/companies":true,"/localhost":true,"/companies/coconut":true,"/_next/static/webpack/a9274d96aac81f28.webpack.hot-update.json":true,"/_next/static/chunks/main-app.js":true,"/_next/static/chunks/app-pages-internals.js":true,"/_next/static/chunks/app/page.js":true}}
TypeError: Cannot read properties of undefined (reading '__N_SSP')
    at handleStaticIndicator (webpack-internal:///(pages-dir-browser)/./node_modules/next/dist/client/components/react-dev-overlay/pages/hot-reloader-client.js:229:124)
    at processMessage (webpack-internal:///(pages-dir-browser)/./node_modules/next/dist/client/components/react-dev-overlay/pages/hot-reloader-client.js:244:17)
    at eval (webpack-internal:///(pages-dir-browser)/./node_modules/next/dist/client/components/react-dev-overlay/pages/hot-reloader-client.js:70:13)
    at WebSocket.handleMessage (webpack-internal:///(pages-dir-browser)/./node_modules/next/dist/client/components/react-dev-overlay/pages/websocket.js:65:17) @ webpack-internal:///(pages-dir-browser)/./node_modules/next/dist/client/components/react-dev-overlay/pages/hot-reloader-client.js:72
[    4603ms] [ERROR] Failed to load resource: the server responded with a status of 500 (Internal Server Error) @ http://localhost:3000/:0
[    4940ms] Error: ENOENT: no such file or directory, open '/Users/lobby/Desktop/apps/portfolio/.next/server/pages/_document.js'
    at Object.readFileSync (node:fs:448:20)
    at getMaybeCachedSource (node:internal/modules/cjs/loader:1492:18)
    at Module._extensions..js (node:internal/modules/cjs/loader:1504:19)
    at Module.load (node:internal/modules/cjs/loader:1288:32)
    at Module._load (node:internal/modules/cjs/loader:1104:12)
    at Module.require (node:internal/modules/cjs/loader:1311:19)
    at mod.require (file:///Users/lobby/Desktop/apps/portfolio/node_modules/next/dist/server/require-hook.js:65:28)
    at require (node:internal/modules/helpers:179:18)
    at requirePage (file:///Users/lobby/Desktop/apps/portfolio/node_modules/next/dist/server/require.js:103:84)
    at loadComponentsImpl (file:///Users/lobby/Desktop/apps/portfolio/node_modules/next/dist/server/load-components.js:85:38)
    at DevServer.findPageComponentsImpl (file:///Users/lobby/Desktop/apps/portfolio/node_modules/next/dist/server/next-server.js:808:77)
    at <unknown> (file:///Users/lobby/Desktop/apps/portfolio/node_modules/next/dist/server/next-server.js:786:21)
    at <unknown> (file:///Users/lobby/Desktop/apps/portfolio/node_modules/next/dist/server/lib/trace/tracer.js:169:36)
    at NoopContextManager.with (file:///Users/lobby/Desktop/apps/portfolio/node_modules/next/dist/compiled/@opentelemetry/api/index.js:1:7062)
    at ContextAPI.with (file:///Users/lobby/Desktop/apps/portfolio/node_modules/next/dist/compiled/@opentelemetry/api/index.js:1:518)
    at NoopTracer.startActiveSpan (file:///Users/lobby/Desktop/apps/portfolio/node_modules/next/dist/compiled/@opentelemetry/api/index.js:1:18093)
    at ProxyTracer.startActiveSpan (file:///Users/lobby/Desktop/apps/portfolio/node_modules/next/dist/compiled/@opentelemetry/api/index.js:1:18854)
    at <unknown> (file:///Users/lobby/Desktop/apps/portfolio/node_modules/next/dist/server/lib/trace/tracer.js:151:103)
    at NoopContextManager.with (file:///Users/lobby/Desktop/apps/portfolio/node_modules/next/dist/compiled/@opentelemetry/api/index.js:1:7062)
    at ContextAPI.with (file:///Users/lobby/Desktop/apps/portfolio/node_modules/next/dist/compiled/@opentelemetry/api/index.js:1:518)
    at NextTracerImpl.trace (file:///Users/lobby/Desktop/apps/portfolio/node_modules/next/dist/server/lib/trace/tracer.js:151:28)
    at DevServer.findPageComponents (file:///Users/lobby/Desktop/apps/portfolio/node_modules/next/dist/server/next-server.js:781:41)
    at DevServer.findPageComponents (file:///Users/lobby/Desktop/apps/portfolio/node_modules/next/dist/server/dev/next-dev-server.js:628:28)
    at async DevServer.renderErrorToResponseImpl (file:///Users/lobby/Desktop/apps/portfolio/node_modules/next/dist/server/base-server.js:2604:26)
    at async pipe.req.req (file:///Users/lobby/Desktop/apps/portfolio/node_modules/next/dist/server/base-server.js:2526:30)
    at async DevServer.pipeImpl (file:///Users/lobby/Desktop/apps/portfolio/node_modules/next/dist/server/base-server.js:1003:25)
    at async NextNodeServer.handleCatchallRenderRequest (file:///Users/lobby/Desktop/apps/portfolio/node_modules/next/dist/server/next-server.js:319:21)
    at async DevServer.handleRequestImpl (file:///Users/lobby/Desktop/apps/portfolio/node_modules/next/dist/server/base-server.js:895:17)
    at async (file:///Users/lobby/Desktop/apps/portfolio/node_modules/next/dist/server/dev/next-dev-server.js:371:20)
    at async Span.traceAsyncFn (file:///Users/lobby/Desktop/apps/portfolio/node_modules/next/dist/trace/trace.js:157:20)
    at async DevServer.handleRequest (file:///Users/lobby/Desktop/apps/portfolio/node_modules/next/dist/server/dev/next-dev-server.js:368:24)
    at async invokeRender (file:///Users/lobby/Desktop/apps/portfolio/node_modules/next/dist/server/lib/router-server.js:235:21)
    at async handleRequest (file:///Users/lobby/Desktop/apps/portfolio/node_modules/next/dist/server/lib/router-server.js:426:24)
    at async requestHandlerImpl (file:///Users/lobby/Desktop/apps/portfolio/node_modules/next/dist/server/lib/router-server.js:450:13)
    at async Server.requestListener (file:///Users/lobby/Desktop/apps/portfolio/node_modules/next/dist/server/lib/start-server.js:158:13)
[    4890ms] [WARNING] [HMR] Invalid message: {"action":"isrManifest","data":{"/about":true,"/contact":true,"/changelog":true,"/resources":true,"/essays":true,"/context":true,"/companies":true,"/localhost":true,"/companies/coconut":true,"/_next/static/webpack/a9274d96aac81f28.webpack.hot-update.json":true,"/_next/static/chunks/main-app.js":true,"/_next/static/chunks/app-pages-internals.js":true,"/_next/static/chunks/app/page.js":true}}
TypeError: Cannot read properties of undefined (reading '__N_SSP')
    at handleStaticIndicator (webpack-internal:///(pages-dir-browser)/./node_modules/next/dist/client/components/react-dev-overlay/pages/hot-reloader-client.js:229:124)
    at processMessage (webpack-internal:///(pages-dir-browser)/./node_modules/next/dist/client/components/react-dev-overlay/pages/hot-reloader-client.js:244:17)
    at eval (webpack-internal:///(pages-dir-browser)/./node_modules/next/dist/client/components/react-dev-overlay/pages/hot-reloader-client.js:70:13)
    at WebSocket.handleMessage (webpack-internal:///(pages-dir-browser)/./node_modules/next/dist/client/components/react-dev-overlay/pages/websocket.js:65:17) @ webpack-internal:///(pages-dir-browser)/./node_modules/next/dist/client/components/react-dev-overlay/pages/hot-reloader-client.js:72
[    5227ms] [WARNING] [HMR] Invalid message: {"action":"isrManifest","data":{"/about":true,"/contact":true,"/changelog":true,"/resources":true,"/essays":true,"/context":true,"/companies":true,"/localhost":true,"/companies/coconut":true,"/_next/static/webpack/a9274d96aac81f28.webpack.hot-update.json":true,"/_next/static/chunks/main-app.js":true,"/_next/static/chunks/app-pages-internals.js":true,"/_next/static/chunks/app/page.js":true}}
TypeError: Cannot read properties of undefined (reading '__N_SSP')
    at handleStaticIndicator (webpack-internal:///(pages-dir-browser)/./node_modules/next/dist/client/components/react-dev-overlay/pages/hot-reloader-client.js:229:124)
    at processMessage (webpack-internal:///(pages-dir-browser)/./node_modules/next/dist/client/components/react-dev-overlay/pages/hot-reloader-client.js:244:17)
    at eval (webpack-internal:///(pages-dir-browser)/./node_modules/next/dist/client/components/react-dev-overlay/pages/hot-reloader-client.js:70:13)
    at WebSocket.handleMessage (webpack-internal:///(pages-dir-browser)/./node_modules/next/dist/client/components/react-dev-overlay/pages/websocket.js:65:17) @ webpack-internal:///(pages-dir-browser)/./node_modules/next/dist/client/components/react-dev-overlay/pages/hot-reloader-client.js:72
[    5235ms] [ERROR] Failed to load resource: the server responded with a status of 500 (Internal Server Error) @ http://localhost:3000/_next/static/webpack/aa167a3ac9a06ddc.webpack.hot-update.json:0
[    5236ms] [WARNING] [Fast Refresh] performing full reload

Fast Refresh will perform a full reload when you edit a file that's imported by modules outside of the React rendering tree.
You might have a file which exports a React component but also exports a value that is imported by a non-React component file.
Consider migrating the non-React component export to a separate file and importing it into both files.

It is also possible the parent component of the component you edited is a class component, which disables Fast Refresh.
Fast Refresh requires at least one parent function component in your React tree. @ webpack-internal:///(pages-dir-browser)/./node_modules/next/dist/client/components/react-dev-overlay/pages/hot-reloader-client.js:390
[    5253ms] [ERROR] Failed to load resource: the server responded with a status of 500 (Internal Server Error) @ http://localhost:3000/favicon.ico:0
[    5320ms] [WARNING] [HMR] Invalid message: {"action":"isrManifest","data":{"/about":true,"/contact":true,"/changelog":true,"/resources":true,"/essays":true,"/context":true,"/companies":true,"/localhost":true,"/companies/coconut":true,"/_next/static/webpack/a9274d96aac81f28.webpack.hot-update.json":true,"/_next/static/chunks/main-app.js":true,"/_next/static/chunks/app-pages-internals.js":true,"/_next/static/chunks/app/page.js":true}}
TypeError: Cannot read properties of undefined (reading '__N_SSP')
    at handleStaticIndicator (webpack-internal:///(pages-dir-browser)/./node_modules/next/dist/client/components/react-dev-overlay/pages/hot-reloader-client.js:229:124)
    at processMessage (webpack-internal:///(pages-dir-browser)/./node_modules/next/dist/client/components/react-dev-overlay/pages/hot-reloader-client.js:244:17)
    at eval (webpack-internal:///(pages-dir-browser)/./node_modules/next/dist/client/components/react-dev-overlay/pages/hot-reloader-client.js:70:13)
    at WebSocket.handleMessage (webpack-internal:///(pages-dir-browser)/./node_modules/next/dist/client/components/react-dev-overlay/pages/websocket.js:65:17) @ webpack-internal:///(pages-dir-browser)/./node_modules/next/dist/client/components/react-dev-overlay/pages/hot-reloader-client.js:72
[    5320ms] [WARNING] [HMR] Invalid message: {"action":"isrManifest","data":{"/about":true,"/contact":true,"/changelog":true,"/resources":true,"/essays":true,"/context":true,"/companies":true,"/localhost":true,"/companies/coconut":true,"/_next/static/webpack/a9274d96aac81f28.webpack.hot-update.json":true,"/_next/static/chunks/main-app.js":true,"/_next/static/chunks/app-pages-internals.js":true,"/_next/static/chunks/app/page.js":true}}
TypeError: Cannot read properties of undefined (reading '__N_SSP')
    at handleStaticIndicator (webpack-internal:///(pages-dir-browser)/./node_modules/next/dist/client/components/react-dev-overlay/pages/hot-reloader-client.js:229:124)
    at processMessage (webpack-internal:///(pages-dir-browser)/./node_modules/next/dist/client/components/react-dev-overlay/pages/hot-reloader-client.js:244:17)
    at eval (webpack-internal:///(pages-dir-browser)/./node_modules/next/dist/client/components/react-dev-overlay/pages/hot-reloader-client.js:70:13)
    at WebSocket.handleMessage (webpack-internal:///(pages-dir-browser)/./node_modules/next/dist/client/components/react-dev-overlay/pages/websocket.js:65:17) @ webpack-internal:///(pages-dir-browser)/./node_modules/next/dist/client/components/react-dev-overlay/pages/hot-reloader-client.js:72
[    5335ms] [ERROR] Failed to load resource: the server responded with a status of 500 (Internal Server Error) @ http://localhost:3000/:0
[    5591ms] Error: ENOENT: no such file or directory, open '/Users/lobby/Desktop/apps/portfolio/.next/server/pages/_document.js'
    at Object.readFileSync (node:fs:448:20)
    at getMaybeCachedSource (node:internal/modules/cjs/loader:1492:18)
    at Module._extensions..js (node:internal/modules/cjs/loader:1504:19)
    at Module.load (node:internal/modules/cjs/loader:1288:32)
    at Module._load (node:internal/modules/cjs/loader:1104:12)
    at Module.require (node:internal/modules/cjs/loader:1311:19)
    at mod.require (file:///Users/lobby/Desktop/apps/portfolio/node_modules/next/dist/server/require-hook.js:65:28)
    at require (node:internal/modules/helpers:179:18)
    at requirePage (file:///Users/lobby/Desktop/apps/portfolio/node_modules/next/dist/server/require.js:103:84)
    at loadComponentsImpl (file:///Users/lobby/Desktop/apps/portfolio/node_modules/next/dist/server/load-components.js:85:38)
    at DevServer.findPageComponentsImpl (file:///Users/lobby/Desktop/apps/portfolio/node_modules/next/dist/server/next-server.js:808:77)
    at <unknown> (file:///Users/lobby/Desktop/apps/portfolio/node_modules/next/dist/server/next-server.js:786:21)
    at <unknown> (file:///Users/lobby/Desktop/apps/portfolio/node_modules/next/dist/server/lib/trace/tracer.js:169:36)
    at NoopContextManager.with (file:///Users/lobby/Desktop/apps/portfolio/node_modules/next/dist/compiled/@opentelemetry/api/index.js:1:7062)
    at ContextAPI.with (file:///Users/lobby/Desktop/apps/portfolio/node_modules/next/dist/compiled/@opentelemetry/api/index.js:1:518)
    at NoopTracer.startActiveSpan (file:///Users/lobby/Desktop/apps/portfolio/node_modules/next/dist/compiled/@opentelemetry/api/index.js:1:18093)
    at ProxyTracer.startActiveSpan (file:///Users/lobby/Desktop/apps/portfolio/node_modules/next/dist/compiled/@opentelemetry/api/index.js:1:18854)
    at <unknown> (file:///Users/lobby/Desktop/apps/portfolio/node_modules/next/dist/server/lib/trace/tracer.js:151:103)
    at NoopContextManager.with (file:///Users/lobby/Desktop/apps/portfolio/node_modules/next/dist/compiled/@opentelemetry/api/index.js:1:7062)
    at ContextAPI.with (file:///Users/lobby/Desktop/apps/portfolio/node_modules/next/dist/compiled/@opentelemetry/api/index.js:1:518)
    at NextTracerImpl.trace (file:///Users/lobby/Desktop/apps/portfolio/node_modules/next/dist/server/lib/trace/tracer.js:151:28)
    at DevServer.findPageComponents (file:///Users/lobby/Desktop/apps/portfolio/node_modules/next/dist/server/next-server.js:781:41)
    at DevServer.findPageComponents (file:///Users/lobby/Desktop/apps/portfolio/node_modules/next/dist/server/dev/next-dev-server.js:628:28)
    at async DevServer.renderErrorToResponseImpl (file:///Users/lobby/Desktop/apps/portfolio/node_modules/next/dist/server/base-server.js:2604:26)
    at async pipe.req.req (file:///Users/lobby/Desktop/apps/portfolio/node_modules/next/dist/server/base-server.js:2526:30)
    at async DevServer.pipeImpl (file:///Users/lobby/Desktop/apps/portfolio/node_modules/next/dist/server/base-server.js:1003:25)
    at async NextNodeServer.handleCatchallRenderRequest (file:///Users/lobby/Desktop/apps/portfolio/node_modules/next/dist/server/next-server.js:319:21)
    at async DevServer.handleRequestImpl (file:///Users/lobby/Desktop/apps/portfolio/node_modules/next/dist/server/base-server.js:895:17)
    at async (file:///Users/lobby/Desktop/apps/portfolio/node_modules/next/dist/server/dev/next-dev-server.js:371:20)
    at async Span.traceAsyncFn (file:///Users/lobby/Desktop/apps/portfolio/node_modules/next/dist/trace/trace.js:157:20)
    at async DevServer.handleRequest (file:///Users/lobby/Desktop/apps/portfolio/node_modules/next/dist/server/dev/next-dev-server.js:368:24)
    at async invokeRender (file:///Users/lobby/Desktop/apps/portfolio/node_modules/next/dist/server/lib/router-server.js:235:21)
    at async handleRequest (file:///Users/lobby/Desktop/apps/portfolio/node_modules/next/dist/server/lib/router-server.js:426:24)
    at async requestHandlerImpl (file:///Users/lobby/Desktop/apps/portfolio/node_modules/next/dist/server/lib/router-server.js:450:13)
    at async Server.requestListener (file:///Users/lobby/Desktop/apps/portfolio/node_modules/next/dist/server/lib/start-server.js:158:13)
[    5577ms] [WARNING] [HMR] Invalid message: {"action":"isrManifest","data":{"/about":true,"/contact":true,"/changelog":true,"/resources":true,"/essays":true,"/context":true,"/companies":true,"/localhost":true,"/companies/coconut":true,"/_next/static/webpack/a9274d96aac81f28.webpack.hot-update.json":true,"/_next/static/chunks/main-app.js":true,"/_next/static/chunks/app-pages-internals.js":true,"/_next/static/chunks/app/page.js":true}}
TypeError: Cannot read properties of undefined (reading '__N_SSP')
    at handleStaticIndicator (webpack-internal:///(pages-dir-browser)/./node_modules/next/dist/client/components/react-dev-overlay/pages/hot-reloader-client.js:229:124)
    at processMessage (webpack-internal:///(pages-dir-browser)/./node_modules/next/dist/client/components/react-dev-overlay/pages/hot-reloader-client.js:244:17)
    at eval (webpack-internal:///(pages-dir-browser)/./node_modules/next/dist/client/components/react-dev-overlay/pages/hot-reloader-client.js:70:13)
    at WebSocket.handleMessage (webpack-internal:///(pages-dir-browser)/./node_modules/next/dist/client/components/react-dev-overlay/pages/websocket.js:65:17) @ webpack-internal:///(pages-dir-browser)/./node_modules/next/dist/client/components/react-dev-overlay/pages/hot-reloader-client.js:72
[    5785ms] [WARNING] [HMR] Invalid message: {"action":"isrManifest","data":{"/about":true,"/contact":true,"/changelog":true,"/resources":true,"/essays":true,"/context":true,"/companies":true,"/localhost":true,"/companies/coconut":true,"/_next/static/webpack/a9274d96aac81f28.webpack.hot-update.json":true,"/_next/static/chunks/main-app.js":true,"/_next/static/chunks/app-pages-internals.js":true,"/_next/static/chunks/app/page.js":true}}
TypeError: Cannot read properties of undefined (reading '__N_SSP')
    at handleStaticIndicator (webpack-internal:///(pages-dir-browser)/./node_modules/next/dist/client/components/react-dev-overlay/pages/hot-reloader-client.js:229:124)
    at processMessage (webpack-internal:///(pages-dir-browser)/./node_modules/next/dist/client/components/react-dev-overlay/pages/hot-reloader-client.js:244:17)
    at eval (webpack-internal:///(pages-dir-browser)/./node_modules/next/dist/client/components/react-dev-overlay/pages/hot-reloader-client.js:70:13)
    at WebSocket.handleMessage (webpack-internal:///(pages-dir-browser)/./node_modules/next/dist/client/components/react-dev-overlay/pages/websocket.js:65:17) @ webpack-internal:///(pages-dir-browser)/./node_modules/next/dist/client/components/react-dev-overlay/pages/hot-reloader-client.js:72
[    5789ms] [ERROR] Failed to load resource: the server responded with a status of 500 (Internal Server Error) @ http://localhost:3000/_next/static/webpack/aa167a3ac9a06ddc.webpack.hot-update.json:0
[    5789ms] [WARNING] [Fast Refresh] performing full reload

Fast Refresh will perform a full reload when you edit a file that's imported by modules outside of the React rendering tree.
You might have a file which exports a React component but also exports a value that is imported by a non-React component file.
Consider migrating the non-React component export to a separate file and importing it into both files.

It is also possible the parent component of the component you edited is a class component, which disables Fast Refresh.
Fast Refresh requires at least one parent function component in your React tree. @ webpack-internal:///(pages-dir-browser)/./node_modules/next/dist/client/components/react-dev-overlay/pages/hot-reloader-client.js:390
[    5824ms] [WARNING] [HMR] Invalid message: {"action":"isrManifest","data":{"/about":true,"/contact":true,"/changelog":true,"/resources":true,"/essays":true,"/context":true,"/companies":true,"/localhost":true,"/companies/coconut":true,"/_next/static/webpack/a9274d96aac81f28.webpack.hot-update.json":true,"/_next/static/chunks/main-app.js":true,"/_next/static/chunks/app-pages-internals.js":true,"/_next/static/chunks/app/page.js":true}}
TypeError: Cannot read properties of undefined (reading '__N_SSP')
    at handleStaticIndicator (webpack-internal:///(pages-dir-browser)/./node_modules/next/dist/client/components/react-dev-overlay/pages/hot-reloader-client.js:229:124)
    at processMessage (webpack-internal:///(pages-dir-browser)/./node_modules/next/dist/client/components/react-dev-overlay/pages/hot-reloader-client.js:244:17)
    at eval (webpack-internal:///(pages-dir-browser)/./node_modules/next/dist/client/components/react-dev-overlay/pages/hot-reloader-client.js:70:13)
    at WebSocket.handleMessage (webpack-internal:///(pages-dir-browser)/./node_modules/next/dist/client/components/react-dev-overlay/pages/websocket.js:65:17) @ webpack-internal:///(pages-dir-browser)/./node_modules/next/dist/client/components/react-dev-overlay/pages/hot-reloader-client.js:72
[    5950ms] [ERROR] Failed to load resource: the server responded with a status of 500 (Internal Server Error) @ http://localhost:3000/favicon.ico:0
[    6295ms] [WARNING] [HMR] Invalid message: {"action":"isrManifest","data":{"/about":true,"/contact":true,"/changelog":true,"/resources":true,"/essays":true,"/context":true,"/companies":true,"/localhost":true,"/companies/coconut":true,"/_next/static/webpack/a9274d96aac81f28.webpack.hot-update.json":true,"/_next/static/chunks/main-app.js":true,"/_next/static/chunks/app-pages-internals.js":true,"/_next/static/chunks/app/page.js":true}}
TypeError: Cannot read properties of undefined (reading '__N_SSP')
    at handleStaticIndicator (webpack-internal:///(pages-dir-browser)/./node_modules/next/dist/client/components/react-dev-overlay/pages/hot-reloader-client.js:229:124)
    at processMessage (webpack-internal:///(pages-dir-browser)/./node_modules/next/dist/client/components/react-dev-overlay/pages/hot-reloader-client.js:244:17)
    at eval (webpack-internal:///(pages-dir-browser)/./node_modules/next/dist/client/components/react-dev-overlay/pages/hot-reloader-client.js:70:13)
    at WebSocket.handleMessage (webpack-internal:///(pages-dir-browser)/./node_modules/next/dist/client/components/react-dev-overlay/pages/websocket.js:65:17) @ webpack-internal:///(pages-dir-browser)/./node_modules/next/dist/client/components/react-dev-overlay/pages/hot-reloader-client.js:72
[    6344ms] [WARNING] [HMR] Invalid message: {"action":"isrManifest","data":{"/about":true,"/contact":true,"/changelog":true,"/resources":true,"/essays":true,"/context":true,"/companies":true,"/localhost":true,"/companies/coconut":true,"/_next/static/webpack/a9274d96aac81f28.webpack.hot-update.json":true,"/_next/static/chunks/main-app.js":true,"/_next/static/chunks/app-pages-internals.js":true,"/_next/static/chunks/app/page.js":true}}
TypeError: Cannot read properties of undefined (reading '__N_SSP')
    at handleStaticIndicator (webpack-internal:///(pages-dir-browser)/./node_modules/next/dist/client/components/react-dev-overlay/pages/hot-reloader-client.js:229:124)
    at processMessage (webpack-internal:///(pages-dir-browser)/./node_modules/next/dist/client/components/react-dev-overlay/pages/hot-reloader-client.js:244:17)
    at eval (webpack-internal:///(pages-dir-browser)/./node_modules/next/dist/client/components/react-dev-overlay/pages/hot-reloader-client.js:70:13)
    at WebSocket.handleMessage (webpack-internal:///(pages-dir-browser)/./node_modules/next/dist/client/components/react-dev-overlay/pages/websocket.js:65:17) @ webpack-internal:///(pages-dir-browser)/./node_modules/next/dist/client/components/react-dev-overlay/pages/hot-reloader-client.js:72
[    6360ms] [ERROR] Failed to load resource: the server responded with a status of 500 (Internal Server Error) @ http://localhost:3000/:0
[    6745ms] Error: ENOENT: no such file or directory, open '/Users/lobby/Desktop/apps/portfolio/.next/server/pages/_document.js'
    at Object.readFileSync (node:fs:448:20)
    at getMaybeCachedSource (node:internal/modules/cjs/loader:1492:18)
    at Module._extensions..js (node:internal/modules/cjs/loader:1504:19)
    at Module.load (node:internal/modules/cjs/loader:1288:32)
    at Module._load (node:internal/modules/cjs/loader:1104:12)
    at Module.require (node:internal/modules/cjs/loader:1311:19)
    at mod.require (file:///Users/lobby/Desktop/apps/portfolio/node_modules/next/dist/server/require-hook.js:65:28)
    at require (node:internal/modules/helpers:179:18)
    at requirePage (file:///Users/lobby/Desktop/apps/portfolio/node_modules/next/dist/server/require.js:103:84)
    at loadComponentsImpl (file:///Users/lobby/Desktop/apps/portfolio/node_modules/next/dist/server/load-components.js:85:38)
    at DevServer.findPageComponentsImpl (file:///Users/lobby/Desktop/apps/portfolio/node_modules/next/dist/server/next-server.js:808:77)
    at <unknown> (file:///Users/lobby/Desktop/apps/portfolio/node_modules/next/dist/server/next-server.js:786:21)
    at <unknown> (file:///Users/lobby/Desktop/apps/portfolio/node_modules/next/dist/server/lib/trace/tracer.js:169:36)
    at NoopContextManager.with (file:///Users/lobby/Desktop/apps/portfolio/node_modules/next/dist/compiled/@opentelemetry/api/index.js:1:7062)
    at ContextAPI.with (file:///Users/lobby/Desktop/apps/portfolio/node_modules/next/dist/compiled/@opentelemetry/api/index.js:1:518)
    at NoopTracer.startActiveSpan (file:///Users/lobby/Desktop/apps/portfolio/node_modules/next/dist/compiled/@opentelemetry/api/index.js:1:18093)
    at ProxyTracer.startActiveSpan (file:///Users/lobby/Desktop/apps/portfolio/node_modules/next/dist/compiled/@opentelemetry/api/index.js:1:18854)
    at <unknown> (file:///Users/lobby/Desktop/apps/portfolio/node_modules/next/dist/server/lib/trace/tracer.js:151:103)
    at NoopContextManager.with (file:///Users/lobby/Desktop/apps/portfolio/node_modules/next/dist/compiled/@opentelemetry/api/index.js:1:7062)
    at ContextAPI.with (file:///Users/lobby/Desktop/apps/portfolio/node_modules/next/dist/compiled/@opentelemetry/api/index.js:1:518)
    at NextTracerImpl.trace (file:///Users/lobby/Desktop/apps/portfolio/node_modules/next/dist/server/lib/trace/tracer.js:151:28)
    at DevServer.findPageComponents (file:///Users/lobby/Desktop/apps/portfolio/node_modules/next/dist/server/next-server.js:781:41)
    at DevServer.findPageComponents (file:///Users/lobby/Desktop/apps/portfolio/node_modules/next/dist/server/dev/next-dev-server.js:628:28)
    at async DevServer.renderErrorToResponseImpl (file:///Users/lobby/Desktop/apps/portfolio/node_modules/next/dist/server/base-server.js:2604:26)
    at async pipe.req.req (file:///Users/lobby/Desktop/apps/portfolio/node_modules/next/dist/server/base-server.js:2526:30)
    at async DevServer.pipeImpl (file:///Users/lobby/Desktop/apps/portfolio/node_modules/next/dist/server/base-server.js:1003:25)
    at async NextNodeServer.handleCatchallRenderRequest (file:///Users/lobby/Desktop/apps/portfolio/node_modules/next/dist/server/next-server.js:319:21)
    at async DevServer.handleRequestImpl (file:///Users/lobby/Desktop/apps/portfolio/node_modules/next/dist/server/base-server.js:895:17)
    at async (file:///Users/lobby/Desktop/apps/portfolio/node_modules/next/dist/server/dev/next-dev-server.js:371:20)
    at async Span.traceAsyncFn (file:///Users/lobby/Desktop/apps/portfolio/node_modules/next/dist/trace/trace.js:157:20)
    at async DevServer.handleRequest (file:///Users/lobby/Desktop/apps/portfolio/node_modules/next/dist/server/dev/next-dev-server.js:368:24)
    at async invokeRender (file:///Users/lobby/Desktop/apps/portfolio/node_modules/next/dist/server/lib/router-server.js:235:21)
    at async handleRequest (file:///Users/lobby/Desktop/apps/portfolio/node_modules/next/dist/server/lib/router-server.js:426:24)
    at async requestHandlerImpl (file:///Users/lobby/Desktop/apps/portfolio/node_modules/next/dist/server/lib/router-server.js:450:13)
    at async Server.requestListener (file:///Users/lobby/Desktop/apps/portfolio/node_modules/next/dist/server/lib/start-server.js:158:13)
[    6713ms] [WARNING] [HMR] Invalid message: {"action":"isrManifest","data":{"/about":true,"/contact":true,"/changelog":true,"/resources":true,"/essays":true,"/context":true,"/companies":true,"/localhost":true,"/companies/coconut":true,"/_next/static/webpack/a9274d96aac81f28.webpack.hot-update.json":true,"/_next/static/chunks/main-app.js":true,"/_next/static/chunks/app-pages-internals.js":true,"/_next/static/chunks/app/page.js":true}}
TypeError: Cannot read properties of undefined (reading '__N_SSP')
    at handleStaticIndicator (webpack-internal:///(pages-dir-browser)/./node_modules/next/dist/client/components/react-dev-overlay/pages/hot-reloader-client.js:229:124)
    at processMessage (webpack-internal:///(pages-dir-browser)/./node_modules/next/dist/client/components/react-dev-overlay/pages/hot-reloader-client.js:244:17)
    at eval (webpack-internal:///(pages-dir-browser)/./node_modules/next/dist/client/components/react-dev-overlay/pages/hot-reloader-client.js:70:13)
    at WebSocket.handleMessage (webpack-internal:///(pages-dir-browser)/./node_modules/next/dist/client/components/react-dev-overlay/pages/websocket.js:65:17) @ webpack-internal:///(pages-dir-browser)/./node_modules/next/dist/client/components/react-dev-overlay/pages/hot-reloader-client.js:72
[    7021ms] [WARNING] [HMR] Invalid message: {"action":"isrManifest","data":{"/about":true,"/contact":true,"/changelog":true,"/resources":true,"/essays":true,"/context":true,"/companies":true,"/localhost":true,"/companies/coconut":true,"/_next/static/webpack/a9274d96aac81f28.webpack.hot-update.json":true,"/_next/static/chunks/main-app.js":true,"/_next/static/chunks/app-pages-internals.js":true,"/_next/static/chunks/app/page.js":true}}
TypeError: Cannot read properties of undefined (reading '__N_SSP')
    at handleStaticIndicator (webpack-internal:///(pages-dir-browser)/./node_modules/next/dist/client/components/react-dev-overlay/pages/hot-reloader-client.js:229:124)
    at processMessage (webpack-internal:///(pages-dir-browser)/./node_modules/next/dist/client/components/react-dev-overlay/pages/hot-reloader-client.js:244:17)
    at eval (webpack-internal:///(pages-dir-browser)/./node_modules/next/dist/client/components/react-dev-overlay/pages/hot-reloader-client.js:70:13)
    at WebSocket.handleMessage (webpack-internal:///(pages-dir-browser)/./node_modules/next/dist/client/components/react-dev-overlay/pages/websocket.js:65:17) @ webpack-internal:///(pages-dir-browser)/./node_modules/next/dist/client/components/react-dev-overlay/pages/hot-reloader-client.js:72
[    7026ms] [ERROR] Failed to load resource: the server responded with a status of 500 (Internal Server Error) @ http://localhost:3000/_next/static/webpack/aa167a3ac9a06ddc.webpack.hot-update.json:0
[    7026ms] [WARNING] [Fast Refresh] performing full reload

Fast Refresh will perform a full reload when you edit a file that's imported by modules outside of the React rendering tree.
You might have a file which exports a React component but also exports a value that is imported by a non-React component file.
Consider migrating the non-React component export to a separate file and importing it into both files.

It is also possible the parent component of the component you edited is a class component, which disables Fast Refresh.
Fast Refresh requires at least one parent function component in your React tree. @ webpack-internal:///(pages-dir-browser)/./node_modules/next/dist/client/components/react-dev-overlay/pages/hot-reloader-client.js:390
[    7082ms] [ERROR] Failed to load resource: the server responded with a status of 500 (Internal Server Error) @ http://localhost:3000/favicon.ico:0
[    7084ms] [WARNING] [HMR] Invalid message: {"action":"isrManifest","data":{"/about":true,"/contact":true,"/changelog":true,"/resources":true,"/essays":true,"/context":true,"/companies":true,"/localhost":true,"/companies/coconut":true,"/_next/static/webpack/a9274d96aac81f28.webpack.hot-update.json":true,"/_next/static/chunks/main-app.js":true,"/_next/static/chunks/app-pages-internals.js":true,"/_next/static/chunks/app/page.js":true}}
TypeError: Cannot read properties of undefined (reading '__N_SSP')
    at handleStaticIndicator (webpack-internal:///(pages-dir-browser)/./node_modules/next/dist/client/components/react-dev-overlay/pages/hot-reloader-client.js:229:124)
    at processMessage (webpack-internal:///(pages-dir-browser)/./node_modules/next/dist/client/components/react-dev-overlay/pages/hot-reloader-client.js:244:17)
    at eval (webpack-internal:///(pages-dir-browser)/./node_modules/next/dist/client/components/react-dev-overlay/pages/hot-reloader-client.js:70:13)
    at WebSocket.handleMessage (webpack-internal:///(pages-dir-browser)/./node_modules/next/dist/client/components/react-dev-overlay/pages/websocket.js:65:17) @ webpack-internal:///(pages-dir-browser)/./node_modules/next/dist/client/components/react-dev-overlay/pages/hot-reloader-client.js:72
[    7694ms] [WARNING] [HMR] Invalid message: {"action":"isrManifest","data":{"/about":true,"/contact":true,"/changelog":true,"/resources":true,"/essays":true,"/context":true,"/companies":true,"/localhost":true,"/companies/coconut":true,"/_next/static/webpack/a9274d96aac81f28.webpack.hot-update.json":true,"/_next/static/chunks/main-app.js":true,"/_next/static/chunks/app-pages-internals.js":true,"/_next/static/chunks/app/page.js":true}}
TypeError: Cannot read properties of undefined (reading '__N_SSP')
    at handleStaticIndicator (webpack-internal:///(pages-dir-browser)/./node_modules/next/dist/client/components/react-dev-overlay/pages/hot-reloader-client.js:229:124)
    at processMessage (webpack-internal:///(pages-dir-browser)/./node_modules/next/dist/client/components/react-dev-overlay/pages/hot-reloader-client.js:244:17)
    at eval (webpack-internal:///(pages-dir-browser)/./node_modules/next/dist/client/components/react-dev-overlay/pages/hot-reloader-client.js:70:13)
    at WebSocket.handleMessage (webpack-internal:///(pages-dir-browser)/./node_modules/next/dist/client/components/react-dev-overlay/pages/websocket.js:65:17) @ webpack-internal:///(pages-dir-browser)/./node_modules/next/dist/client/components/react-dev-overlay/pages/hot-reloader-client.js:72
[    7737ms] [WARNING] [HMR] Invalid message: {"action":"isrManifest","data":{"/about":true,"/contact":true,"/changelog":true,"/resources":true,"/essays":true,"/context":true,"/companies":true,"/localhost":true,"/companies/coconut":true,"/_next/static/webpack/a9274d96aac81f28.webpack.hot-update.json":true,"/_next/static/chunks/main-app.js":true,"/_next/static/chunks/app-pages-internals.js":true,"/_next/static/chunks/app/page.js":true}}
TypeError: Cannot read properties of undefined (reading '__N_SSP')
    at handleStaticIndicator (webpack-internal:///(pages-dir-browser)/./node_modules/next/dist/client/components/react-dev-overlay/pages/hot-reloader-client.js:229:124)
    at processMessage (webpack-internal:///(pages-dir-browser)/./node_modules/next/dist/client/components/react-dev-overlay/pages/hot-reloader-client.js:244:17)
    at eval (webpack-internal:///(pages-dir-browser)/./node_modules/next/dist/client/components/react-dev-overlay/pages/hot-reloader-client.js:70:13)
    at WebSocket.handleMessage (webpack-internal:///(pages-dir-browser)/./node_modules/next/dist/client/components/react-dev-overlay/pages/websocket.js:65:17) @ webpack-internal:///(pages-dir-browser)/./node_modules/next/dist/client/components/react-dev-overlay/pages/hot-reloader-client.js:72
[    7746ms] [ERROR] Failed to load resource: the server responded with a status of 500 (Internal Server Error) @ http://localhost:3000/:0
[    8037ms] Error: ENOENT: no such file or directory, open '/Users/lobby/Desktop/apps/portfolio/.next/server/pages/_document.js'
    at Object.readFileSync (node:fs:448:20)
    at getMaybeCachedSource (node:internal/modules/cjs/loader:1492:18)
    at Module._extensions..js (node:internal/modules/cjs/loader:1504:19)
    at Module.load (node:internal/modules/cjs/loader:1288:32)
    at Module._load (node:internal/modules/cjs/loader:1104:12)
    at Module.require (node:internal/modules/cjs/loader:1311:19)
    at mod.require (file:///Users/lobby/Desktop/apps/portfolio/node_modules/next/dist/server/require-hook.js:65:28)
    at require (node:internal/modules/helpers:179:18)
    at requirePage (file:///Users/lobby/Desktop/apps/portfolio/node_modules/next/dist/server/require.js:103:84)
    at loadComponentsImpl (file:///Users/lobby/Desktop/apps/portfolio/node_modules/next/dist/server/load-components.js:85:38)
    at DevServer.findPageComponentsImpl (file:///Users/lobby/Desktop/apps/portfolio/node_modules/next/dist/server/next-server.js:808:77)
    at <unknown> (file:///Users/lobby/Desktop/apps/portfolio/node_modules/next/dist/server/next-server.js:786:21)
    at <unknown> (file:///Users/lobby/Desktop/apps/portfolio/node_modules/next/dist/server/lib/trace/tracer.js:169:36)
    at NoopContextManager.with (file:///Users/lobby/Desktop/apps/portfolio/node_modules/next/dist/compiled/@opentelemetry/api/index.js:1:7062)
    at ContextAPI.with (file:///Users/lobby/Desktop/apps/portfolio/node_modules/next/dist/compiled/@opentelemetry/api/index.js:1:518)
    at NoopTracer.startActiveSpan (file:///Users/lobby/Desktop/apps/portfolio/node_modules/next/dist/compiled/@opentelemetry/api/index.js:1:18093)
    at ProxyTracer.startActiveSpan (file:///Users/lobby/Desktop/apps/portfolio/node_modules/next/dist/compiled/@opentelemetry/api/index.js:1:18854)
    at <unknown> (file:///Users/lobby/Desktop/apps/portfolio/node_modules/next/dist/server/lib/trace/tracer.js:151:103)
    at NoopContextManager.with (file:///Users/lobby/Desktop/apps/portfolio/node_modules/next/dist/compiled/@opentelemetry/api/index.js:1:7062)
    at ContextAPI.with (file:///Users/lobby/Desktop/apps/portfolio/node_modules/next/dist/compiled/@opentelemetry/api/index.js:1:518)
    at NextTracerImpl.trace (file:///Users/lobby/Desktop/apps/portfolio/node_modules/next/dist/server/lib/trace/tracer.js:151:28)
    at DevServer.findPageComponents (file:///Users/lobby/Desktop/apps/portfolio/node_modules/next/dist/server/next-server.js:781:41)
    at DevServer.findPageComponents (file:///Users/lobby/Desktop/apps/portfolio/node_modules/next/dist/server/dev/next-dev-server.js:628:28)
    at async DevServer.renderErrorToResponseImpl (file:///Users/lobby/Desktop/apps/portfolio/node_modules/next/dist/server/base-server.js:2604:26)
    at async pipe.req.req (file:///Users/lobby/Desktop/apps/portfolio/node_modules/next/dist/server/base-server.js:2526:30)
    at async DevServer.pipeImpl (file:///Users/lobby/Desktop/apps/portfolio/node_modules/next/dist/server/base-server.js:1003:25)
    at async NextNodeServer.handleCatchallRenderRequest (file:///Users/lobby/Desktop/apps/portfolio/node_modules/next/dist/server/next-server.js:319:21)
    at async DevServer.handleRequestImpl (file:///Users/lobby/Desktop/apps/portfolio/node_modules/next/dist/server/base-server.js:895:17)
    at async (file:///Users/lobby/Desktop/apps/portfolio/node_modules/next/dist/server/dev/next-dev-server.js:371:20)
    at async Span.traceAsyncFn (file:///Users/lobby/Desktop/apps/portfolio/node_modules/next/dist/trace/trace.js:157:20)
    at async DevServer.handleRequest (file:///Users/lobby/Desktop/apps/portfolio/node_modules/next/dist/server/dev/next-dev-server.js:368:24)
    at async invokeRender (file:///Users/lobby/Desktop/apps/portfolio/node_modules/next/dist/server/lib/router-server.js:235:21)
    at async handleRequest (file:///Users/lobby/Desktop/apps/portfolio/node_modules/next/dist/server/lib/router-server.js:426:24)
    at async requestHandlerImpl (file:///Users/lobby/Desktop/apps/portfolio/node_modules/next/dist/server/lib/router-server.js:450:13)
    at async Server.requestListener (file:///Users/lobby/Desktop/apps/portfolio/node_modules/next/dist/server/lib/start-server.js:158:13)
[    8038ms] [WARNING] [HMR] Invalid message: {"action":"isrManifest","data":{"/about":true,"/contact":true,"/changelog":true,"/resources":true,"/essays":true,"/context":true,"/companies":true,"/localhost":true,"/companies/coconut":true,"/_next/static/webpack/a9274d96aac81f28.webpack.hot-update.json":true,"/_next/static/chunks/main-app.js":true,"/_next/static/chunks/app-pages-internals.js":true,"/_next/static/chunks/app/page.js":true}}
TypeError: Cannot read properties of undefined (reading '__N_SSP')
    at handleStaticIndicator (webpack-internal:///(pages-dir-browser)/./node_modules/next/dist/client/components/react-dev-overlay/pages/hot-reloader-client.js:229:124)
    at processMessage (webpack-internal:///(pages-dir-browser)/./node_modules/next/dist/client/components/react-dev-overlay/pages/hot-reloader-client.js:244:17)
    at eval (webpack-internal:///(pages-dir-browser)/./node_modules/next/dist/client/components/react-dev-overlay/pages/hot-reloader-client.js:70:13)
    at WebSocket.handleMessage (webpack-internal:///(pages-dir-browser)/./node_modules/next/dist/client/components/react-dev-overlay/pages/websocket.js:65:17) @ webpack-internal:///(pages-dir-browser)/./node_modules/next/dist/client/components/react-dev-overlay/pages/hot-reloader-client.js:72
[    8308ms] [WARNING] [HMR] Invalid message: {"action":"isrManifest","data":{"/about":true,"/contact":true,"/changelog":true,"/resources":true,"/essays":true,"/context":true,"/companies":true,"/localhost":true,"/companies/coconut":true,"/_next/static/webpack/a9274d96aac81f28.webpack.hot-update.json":true,"/_next/static/chunks/main-app.js":true,"/_next/static/chunks/app-pages-internals.js":true,"/_next/static/chunks/app/page.js":true}}
TypeError: Cannot read properties of undefined (reading '__N_SSP')
    at handleStaticIndicator (webpack-internal:///(pages-dir-browser)/./node_modules/next/dist/client/components/react-dev-overlay/pages/hot-reloader-client.js:229:124)
    at processMessage (webpack-internal:///(pages-dir-browser)/./node_modules/next/dist/client/components/react-dev-overlay/pages/hot-reloader-client.js:244:17)
    at eval (webpack-internal:///(pages-dir-browser)/./node_modules/next/dist/client/components/react-dev-overlay/pages/hot-reloader-client.js:70:13)
    at WebSocket.handleMessage (webpack-internal:///(pages-dir-browser)/./node_modules/next/dist/client/components/react-dev-overlay/pages/websocket.js:65:17) @ webpack-internal:///(pages-dir-browser)/./node_modules/next/dist/client/components/react-dev-overlay/pages/hot-reloader-client.js:72
[    8312ms] [ERROR] Failed to load resource: the server responded with a status of 500 (Internal Server Error) @ http://localhost:3000/_next/static/webpack/aa167a3ac9a06ddc.webpack.hot-update.json:0
[    8312ms] [WARNING] [Fast Refresh] performing full reload

Fast Refresh will perform a full reload when you edit a file that's imported by modules outside of the React rendering tree.
You might have a file which exports a React component but also exports a value that is imported by a non-React component file.
Consider migrating the non-React component export to a separate file and importing it into both files.

It is also possible the parent component of the component you edited is a class component, which disables Fast Refresh.
Fast Refresh requires at least one parent function component in your React tree. @ webpack-internal:///(pages-dir-browser)/./node_modules/next/dist/client/components/react-dev-overlay/pages/hot-reloader-client.js:390
[    8369ms] [ERROR] Failed to load resource: the server responded with a status of 500 (Internal Server Error) @ http://localhost:3000/favicon.ico:0
[    8372ms] [WARNING] [HMR] Invalid message: {"action":"isrManifest","data":{"/about":true,"/contact":true,"/changelog":true,"/resources":true,"/essays":true,"/context":true,"/companies":true,"/localhost":true,"/companies/coconut":true,"/_next/static/webpack/a9274d96aac81f28.webpack.hot-update.json":true,"/_next/static/chunks/main-app.js":true,"/_next/static/chunks/app-pages-internals.js":true,"/_next/static/chunks/app/page.js":true}}
TypeError: Cannot read properties of undefined (reading '__N_SSP')
    at handleStaticIndicator (webpack-internal:///(pages-dir-browser)/./node_modules/next/dist/client/components/react-dev-overlay/pages/hot-reloader-client.js:229:124)
    at processMessage (webpack-internal:///(pages-dir-browser)/./node_modules/next/dist/client/components/react-dev-overlay/pages/hot-reloader-client.js:244:17)
    at eval (webpack-internal:///(pages-dir-browser)/./node_modules/next/dist/client/components/react-dev-overlay/pages/hot-reloader-client.js:70:13)
    at WebSocket.handleMessage (webpack-internal:///(pages-dir-browser)/./node_modules/next/dist/client/components/react-dev-overlay/pages/websocket.js:65:17) @ webpack-internal:///(pages-dir-browser)/./node_modules/next/dist/client/components/react-dev-overlay/pages/hot-reloader-client.js:72
[    8783ms] [WARNING] [HMR] Invalid message: {"action":"isrManifest","data":{"/about":true,"/contact":true,"/changelog":true,"/resources":true,"/essays":true,"/context":true,"/companies":true,"/localhost":true,"/companies/coconut":true,"/_next/static/webpack/a9274d96aac81f28.webpack.hot-update.json":true,"/_next/static/chunks/main-app.js":true,"/_next/static/chunks/app-pages-internals.js":true,"/_next/static/chunks/app/page.js":true}}
TypeError: Cannot read properties of undefined (reading '__N_SSP')
    at handleStaticIndicator (webpack-internal:///(pages-dir-browser)/./node_modules/next/dist/client/components/react-dev-overlay/pages/hot-reloader-client.js:229:124)
    at processMessage (webpack-internal:///(pages-dir-browser)/./node_modules/next/dist/client/components/react-dev-overlay/pages/hot-reloader-client.js:244:17)
    at eval (webpack-internal:///(pages-dir-browser)/./node_modules/next/dist/client/components/react-dev-overlay/pages/hot-reloader-client.js:70:13)
    at WebSocket.handleMessage (webpack-internal:///(pages-dir-browser)/./node_modules/next/dist/client/components/react-dev-overlay/pages/websocket.js:65:17) @ webpack-internal:///(pages-dir-browser)/./node_modules/next/dist/client/components/react-dev-overlay/pages/hot-reloader-client.js:72
[    8819ms] [WARNING] [HMR] Invalid message: {"action":"isrManifest","data":{"/about":true,"/contact":true,"/changelog":true,"/resources":true,"/essays":true,"/context":true,"/companies":true,"/localhost":true,"/companies/coconut":true,"/_next/static/webpack/a9274d96aac81f28.webpack.hot-update.json":true,"/_next/static/chunks/main-app.js":true,"/_next/static/chunks/app-pages-internals.js":true,"/_next/static/chunks/app/page.js":true}}
TypeError: Cannot read properties of undefined (reading '__N_SSP')
    at handleStaticIndicator (webpack-internal:///(pages-dir-browser)/./node_modules/next/dist/client/components/react-dev-overlay/pages/hot-reloader-client.js:229:124)
    at processMessage (webpack-internal:///(pages-dir-browser)/./node_modules/next/dist/client/components/react-dev-overlay/pages/hot-reloader-client.js:244:17)
    at eval (webpack-internal:///(pages-dir-browser)/./node_modules/next/dist/client/components/react-dev-overlay/pages/hot-reloader-client.js:70:13)
    at WebSocket.handleMessage (webpack-internal:///(pages-dir-browser)/./node_modules/next/dist/client/components/react-dev-overlay/pages/websocket.js:65:17) @ webpack-internal:///(pages-dir-browser)/./node_modules/next/dist/client/components/react-dev-overlay/pages/hot-reloader-client.js:72
[    8825ms] [ERROR] Failed to load resource: the server responded with a status of 500 (Internal Server Error) @ http://localhost:3000/:0
[    9055ms] Error: ENOENT: no such file or directory, open '/Users/lobby/Desktop/apps/portfolio/.next/server/pages/_document.js'
    at Object.readFileSync (node:fs:448:20)
    at getMaybeCachedSource (node:internal/modules/cjs/loader:1492:18)
    at Module._extensions..js (node:internal/modules/cjs/loader:1504:19)
    at Module.load (node:internal/modules/cjs/loader:1288:32)
    at Module._load (node:internal/modules/cjs/loader:1104:12)
    at Module.require (node:internal/modules/cjs/loader:1311:19)
    at mod.require (file:///Users/lobby/Desktop/apps/portfolio/node_modules/next/dist/server/require-hook.js:65:28)
    at require (node:internal/modules/helpers:179:18)
    at requirePage (file:///Users/lobby/Desktop/apps/portfolio/node_modules/next/dist/server/require.js:103:84)
    at loadComponentsImpl (file:///Users/lobby/Desktop/apps/portfolio/node_modules/next/dist/server/load-components.js:85:38)
    at DevServer.findPageComponentsImpl (file:///Users/lobby/Desktop/apps/portfolio/node_modules/next/dist/server/next-server.js:808:77)
    at <unknown> (file:///Users/lobby/Desktop/apps/portfolio/node_modules/next/dist/server/next-server.js:786:21)
    at <unknown> (file:///Users/lobby/Desktop/apps/portfolio/node_modules/next/dist/server/lib/trace/tracer.js:169:36)
    at NoopContextManager.with (file:///Users/lobby/Desktop/apps/portfolio/node_modules/next/dist/compiled/@opentelemetry/api/index.js:1:7062)
    at ContextAPI.with (file:///Users/lobby/Desktop/apps/portfolio/node_modules/next/dist/compiled/@opentelemetry/api/index.js:1:518)
    at NoopTracer.startActiveSpan (file:///Users/lobby/Desktop/apps/portfolio/node_modules/next/dist/compiled/@opentelemetry/api/index.js:1:18093)
    at ProxyTracer.startActiveSpan (file:///Users/lobby/Desktop/apps/portfolio/node_modules/next/dist/compiled/@opentelemetry/api/index.js:1:18854)
    at <unknown> (file:///Users/lobby/Desktop/apps/portfolio/node_modules/next/dist/server/lib/trace/tracer.js:151:103)
    at NoopContextManager.with (file:///Users/lobby/Desktop/apps/portfolio/node_modules/next/dist/compiled/@opentelemetry/api/index.js:1:7062)
    at ContextAPI.with (file:///Users/lobby/Desktop/apps/portfolio/node_modules/next/dist/compiled/@opentelemetry/api/index.js:1:518)
    at NextTracerImpl.trace (file:///Users/lobby/Desktop/apps/portfolio/node_modules/next/dist/server/lib/trace/tracer.js:151:28)
    at DevServer.findPageComponents (file:///Users/lobby/Desktop/apps/portfolio/node_modules/next/dist/server/next-server.js:781:41)
    at DevServer.findPageComponents (file:///Users/lobby/Desktop/apps/portfolio/node_modules/next/dist/server/dev/next-dev-server.js:628:28)
    at async DevServer.renderErrorToResponseImpl (file:///Users/lobby/Desktop/apps/portfolio/node_modules/next/dist/server/base-server.js:2604:26)
    at async pipe.req.req (file:///Users/lobby/Desktop/apps/portfolio/node_modules/next/dist/server/base-server.js:2526:30)
    at async DevServer.pipeImpl (file:///Users/lobby/Desktop/apps/portfolio/node_modules/next/dist/server/base-server.js:1003:25)
    at async NextNodeServer.handleCatchallRenderRequest (file:///Users/lobby/Desktop/apps/portfolio/node_modules/next/dist/server/next-server.js:319:21)
    at async DevServer.handleRequestImpl (file:///Users/lobby/Desktop/apps/portfolio/node_modules/next/dist/server/base-server.js:895:17)
    at async (file:///Users/lobby/Desktop/apps/portfolio/node_modules/next/dist/server/dev/next-dev-server.js:371:20)
    at async Span.traceAsyncFn (file:///Users/lobby/Desktop/apps/portfolio/node_modules/next/dist/trace/trace.js:157:20)
    at async DevServer.handleRequest (file:///Users/lobby/Desktop/apps/portfolio/node_modules/next/dist/server/dev/next-dev-server.js:368:24)
    at async invokeRender (file:///Users/lobby/Desktop/apps/portfolio/node_modules/next/dist/server/lib/router-server.js:235:21)
    at async handleRequest (file:///Users/lobby/Desktop/apps/portfolio/node_modules/next/dist/server/lib/router-server.js:426:24)
    at async requestHandlerImpl (file:///Users/lobby/Desktop/apps/portfolio/node_modules/next/dist/server/lib/router-server.js:450:13)
    at async Server.requestListener (file:///Users/lobby/Desktop/apps/portfolio/node_modules/next/dist/server/lib/start-server.js:158:13)
[    9056ms] [WARNING] [HMR] Invalid message: {"action":"isrManifest","data":{"/about":true,"/contact":true,"/changelog":true,"/resources":true,"/essays":true,"/context":true,"/companies":true,"/localhost":true,"/companies/coconut":true,"/_next/static/webpack/a9274d96aac81f28.webpack.hot-update.json":true,"/_next/static/chunks/main-app.js":true,"/_next/static/chunks/app-pages-internals.js":true,"/_next/static/chunks/app/page.js":true}}
TypeError: Cannot read properties of undefined (reading '__N_SSP')
    at handleStaticIndicator (webpack-internal:///(pages-dir-browser)/./node_modules/next/dist/client/components/react-dev-overlay/pages/hot-reloader-client.js:229:124)
    at processMessage (webpack-internal:///(pages-dir-browser)/./node_modules/next/dist/client/components/react-dev-overlay/pages/hot-reloader-client.js:244:17)
    at eval (webpack-internal:///(pages-dir-browser)/./node_modules/next/dist/client/components/react-dev-overlay/pages/hot-reloader-client.js:70:13)
    at WebSocket.handleMessage (webpack-internal:///(pages-dir-browser)/./node_modules/next/dist/client/components/react-dev-overlay/pages/websocket.js:65:17) @ webpack-internal:///(pages-dir-browser)/./node_modules/next/dist/client/components/react-dev-overlay/pages/hot-reloader-client.js:72
[    9300ms] [WARNING] [HMR] Invalid message: {"action":"isrManifest","data":{"/about":true,"/contact":true,"/changelog":true,"/resources":true,"/essays":true,"/context":true,"/companies":true,"/localhost":true,"/companies/coconut":true,"/_next/static/webpack/a9274d96aac81f28.webpack.hot-update.json":true,"/_next/static/chunks/main-app.js":true,"/_next/static/chunks/app-pages-internals.js":true,"/_next/static/chunks/app/page.js":true}}
TypeError: Cannot read properties of undefined (reading '__N_SSP')
    at handleStaticIndicator (webpack-internal:///(pages-dir-browser)/./node_modules/next/dist/client/components/react-dev-overlay/pages/hot-reloader-client.js:229:124)
    at processMessage (webpack-internal:///(pages-dir-browser)/./node_modules/next/dist/client/components/react-dev-overlay/pages/hot-reloader-client.js:244:17)
    at eval (webpack-internal:///(pages-dir-browser)/./node_modules/next/dist/client/components/react-dev-overlay/pages/hot-reloader-client.js:70:13)
    at WebSocket.handleMessage (webpack-internal:///(pages-dir-browser)/./node_modules/next/dist/client/components/react-dev-overlay/pages/websocket.js:65:17) @ webpack-internal:///(pages-dir-browser)/./node_modules/next/dist/client/components/react-dev-overlay/pages/hot-reloader-client.js:72
[    9304ms] [ERROR] Failed to load resource: the server responded with a status of 500 (Internal Server Error) @ http://localhost:3000/_next/static/webpack/aa167a3ac9a06ddc.webpack.hot-update.json:0
[    9304ms] [WARNING] [Fast Refresh] performing full reload

Fast Refresh will perform a full reload when you edit a file that's imported by modules outside of the React rendering tree.
You might have a file which exports a React component but also exports a value that is imported by a non-React component file.
Consider migrating the non-React component export to a separate file and importing it into both files.

It is also possible the parent component of the component you edited is a class component, which disables Fast Refresh.
Fast Refresh requires at least one parent function component in your React tree. @ webpack-internal:///(pages-dir-browser)/./node_modules/next/dist/client/components/react-dev-overlay/pages/hot-reloader-client.js:390
[    9337ms] [ERROR] Failed to load resource: the server responded with a status of 500 (Internal Server Error) @ http://localhost:3000/favicon.ico:0
[    9355ms] [WARNING] [HMR] Invalid message: {"action":"isrManifest","data":{"/about":true,"/contact":true,"/changelog":true,"/resources":true,"/essays":true,"/context":true,"/companies":true,"/localhost":true,"/companies/coconut":true,"/_next/static/webpack/a9274d96aac81f28.webpack.hot-update.json":true,"/_next/static/chunks/main-app.js":true,"/_next/static/chunks/app-pages-internals.js":true,"/_next/static/chunks/app/page.js":true}}
TypeError: Cannot read properties of undefined (reading '__N_SSP')
    at handleStaticIndicator (webpack-internal:///(pages-dir-browser)/./node_modules/next/dist/client/components/react-dev-overlay/pages/hot-reloader-client.js:229:124)
    at processMessage (webpack-internal:///(pages-dir-browser)/./node_modules/next/dist/client/components/react-dev-overlay/pages/hot-reloader-client.js:244:17)
    at eval (webpack-internal:///(pages-dir-browser)/./node_modules/next/dist/client/components/react-dev-overlay/pages/hot-reloader-client.js:70:13)
    at WebSocket.handleMessage (webpack-internal:///(pages-dir-browser)/./node_modules/next/dist/client/components/react-dev-overlay/pages/websocket.js:65:17) @ webpack-internal:///(pages-dir-browser)/./node_modules/next/dist/client/components/react-dev-overlay/pages/hot-reloader-client.js:72
[    9761ms] [WARNING] [HMR] Invalid message: {"action":"isrManifest","data":{"/about":true,"/contact":true,"/changelog":true,"/resources":true,"/essays":true,"/context":true,"/companies":true,"/localhost":true,"/companies/coconut":true,"/_next/static/webpack/a9274d96aac81f28.webpack.hot-update.json":true,"/_next/static/chunks/main-app.js":true,"/_next/static/chunks/app-pages-internals.js":true,"/_next/static/chunks/app/page.js":true}}
TypeError: Cannot read properties of undefined (reading '__N_SSP')
    at handleStaticIndicator (webpack-internal:///(pages-dir-browser)/./node_modules/next/dist/client/components/react-dev-overlay/pages/hot-reloader-client.js:229:124)
    at processMessage (webpack-internal:///(pages-dir-browser)/./node_modules/next/dist/client/components/react-dev-overlay/pages/hot-reloader-client.js:244:17)
    at eval (webpack-internal:///(pages-dir-browser)/./node_modules/next/dist/client/components/react-dev-overlay/pages/hot-reloader-client.js:70:13)
    at WebSocket.handleMessage (webpack-internal:///(pages-dir-browser)/./node_modules/next/dist/client/components/react-dev-overlay/pages/websocket.js:65:17) @ webpack-internal:///(pages-dir-browser)/./node_modules/next/dist/client/components/react-dev-overlay/pages/hot-reloader-client.js:72
[    9796ms] [WARNING] [HMR] Invalid message: {"action":"isrManifest","data":{"/about":true,"/contact":true,"/changelog":true,"/resources":true,"/essays":true,"/context":true,"/companies":true,"/localhost":true,"/companies/coconut":true,"/_next/static/webpack/a9274d96aac81f28.webpack.hot-update.json":true,"/_next/static/chunks/main-app.js":true,"/_next/static/chunks/app-pages-internals.js":true,"/_next/static/chunks/app/page.js":true}}
TypeError: Cannot read properties of undefined (reading '__N_SSP')
    at handleStaticIndicator (webpack-internal:///(pages-dir-browser)/./node_modules/next/dist/client/components/react-dev-overlay/pages/hot-reloader-client.js:229:124)
    at processMessage (webpack-internal:///(pages-dir-browser)/./node_modules/next/dist/client/components/react-dev-overlay/pages/hot-reloader-client.js:244:17)
    at eval (webpack-internal:///(pages-dir-browser)/./node_modules/next/dist/client/components/react-dev-overlay/pages/hot-reloader-client.js:70:13)
    at WebSocket.handleMessage (webpack-internal:///(pages-dir-browser)/./node_modules/next/dist/client/components/react-dev-overlay/pages/websocket.js:65:17) @ webpack-internal:///(pages-dir-browser)/./node_modules/next/dist/client/components/react-dev-overlay/pages/hot-reloader-client.js:72
[    9801ms] [ERROR] Failed to load resource: the server responded with a status of 500 (Internal Server Error) @ http://localhost:3000/:0
[   10055ms] Error: ENOENT: no such file or directory, open '/Users/lobby/Desktop/apps/portfolio/.next/server/pages/_document.js'
    at Object.readFileSync (node:fs:448:20)
    at getMaybeCachedSource (node:internal/modules/cjs/loader:1492:18)
    at Module._extensions..js (node:internal/modules/cjs/loader:1504:19)
    at Module.load (node:internal/modules/cjs/loader:1288:32)
    at Module._load (node:internal/modules/cjs/loader:1104:12)
    at Module.require (node:internal/modules/cjs/loader:1311:19)
    at mod.require (file:///Users/lobby/Desktop/apps/portfolio/node_modules/next/dist/server/require-hook.js:65:28)
    at require (node:internal/modules/helpers:179:18)
    at requirePage (file:///Users/lobby/Desktop/apps/portfolio/node_modules/next/dist/server/require.js:103:84)
    at loadComponentsImpl (file:///Users/lobby/Desktop/apps/portfolio/node_modules/next/dist/server/load-components.js:85:38)
    at DevServer.findPageComponentsImpl (file:///Users/lobby/Desktop/apps/portfolio/node_modules/next/dist/server/next-server.js:808:77)
    at <unknown> (file:///Users/lobby/Desktop/apps/portfolio/node_modules/next/dist/server/next-server.js:786:21)
    at <unknown> (file:///Users/lobby/Desktop/apps/portfolio/node_modules/next/dist/server/lib/trace/tracer.js:169:36)
    at NoopContextManager.with (file:///Users/lobby/Desktop/apps/portfolio/node_modules/next/dist/compiled/@opentelemetry/api/index.js:1:7062)
    at ContextAPI.with (file:///Users/lobby/Desktop/apps/portfolio/node_modules/next/dist/compiled/@opentelemetry/api/index.js:1:518)
    at NoopTracer.startActiveSpan (file:///Users/lobby/Desktop/apps/portfolio/node_modules/next/dist/compiled/@opentelemetry/api/index.js:1:18093)
    at ProxyTracer.startActiveSpan (file:///Users/lobby/Desktop/apps/portfolio/node_modules/next/dist/compiled/@opentelemetry/api/index.js:1:18854)
    at <unknown> (file:///Users/lobby/Desktop/apps/portfolio/node_modules/next/dist/server/lib/trace/tracer.js:151:103)
    at NoopContextManager.with (file:///Users/lobby/Desktop/apps/portfolio/node_modules/next/dist/compiled/@opentelemetry/api/index.js:1:7062)
    at ContextAPI.with (file:///Users/lobby/Desktop/apps/portfolio/node_modules/next/dist/compiled/@opentelemetry/api/index.js:1:518)
    at NextTracerImpl.trace (file:///Users/lobby/Desktop/apps/portfolio/node_modules/next/dist/server/lib/trace/tracer.js:151:28)
    at DevServer.findPageComponents (file:///Users/lobby/Desktop/apps/portfolio/node_modules/next/dist/server/next-server.js:781:41)
    at DevServer.findPageComponents (file:///Users/lobby/Desktop/apps/portfolio/node_modules/next/dist/server/dev/next-dev-server.js:628:28)
    at async DevServer.renderErrorToResponseImpl (file:///Users/lobby/Desktop/apps/portfolio/node_modules/next/dist/server/base-server.js:2604:26)
    at async pipe.req.req (file:///Users/lobby/Desktop/apps/portfolio/node_modules/next/dist/server/base-server.js:2526:30)
    at async DevServer.pipeImpl (file:///Users/lobby/Desktop/apps/portfolio/node_modules/next/dist/server/base-server.js:1003:25)
    at async NextNodeServer.handleCatchallRenderRequest (file:///Users/lobby/Desktop/apps/portfolio/node_modules/next/dist/server/next-server.js:319:21)
    at async DevServer.handleRequestImpl (file:///Users/lobby/Desktop/apps/portfolio/node_modules/next/dist/server/base-server.js:895:17)
    at async (file:///Users/lobby/Desktop/apps/portfolio/node_modules/next/dist/server/dev/next-dev-server.js:371:20)
    at async Span.traceAsyncFn (file:///Users/lobby/Desktop/apps/portfolio/node_modules/next/dist/trace/trace.js:157:20)
    at async DevServer.handleRequest (file:///Users/lobby/Desktop/apps/portfolio/node_modules/next/dist/server/dev/next-dev-server.js:368:24)
    at async invokeRender (file:///Users/lobby/Desktop/apps/portfolio/node_modules/next/dist/server/lib/router-server.js:235:21)
    at async handleRequest (file:///Users/lobby/Desktop/apps/portfolio/node_modules/next/dist/server/lib/router-server.js:426:24)
    at async requestHandlerImpl (file:///Users/lobby/Desktop/apps/portfolio/node_modules/next/dist/server/lib/router-server.js:450:13)
    at async Server.requestListener (file:///Users/lobby/Desktop/apps/portfolio/node_modules/next/dist/server/lib/start-server.js:158:13)
[   10052ms] [WARNING] [HMR] Invalid message: {"action":"isrManifest","data":{"/about":true,"/contact":true,"/changelog":true,"/resources":true,"/essays":true,"/context":true,"/companies":true,"/localhost":true,"/companies/coconut":true,"/_next/static/webpack/a9274d96aac81f28.webpack.hot-update.json":true,"/_next/static/chunks/main-app.js":true,"/_next/static/chunks/app-pages-internals.js":true,"/_next/static/chunks/app/page.js":true}}
TypeError: Cannot read properties of undefined (reading '__N_SSP')
    at handleStaticIndicator (webpack-internal:///(pages-dir-browser)/./node_modules/next/dist/client/components/react-dev-overlay/pages/hot-reloader-client.js:229:124)
    at processMessage (webpack-internal:///(pages-dir-browser)/./node_modules/next/dist/client/components/react-dev-overlay/pages/hot-reloader-client.js:244:17)
    at eval (webpack-internal:///(pages-dir-browser)/./node_modules/next/dist/client/components/react-dev-overlay/pages/hot-reloader-client.js:70:13)
    at WebSocket.handleMessage (webpack-internal:///(pages-dir-browser)/./node_modules/next/dist/client/components/react-dev-overlay/pages/websocket.js:65:17) @ webpack-internal:///(pages-dir-browser)/./node_modules/next/dist/client/components/react-dev-overlay/pages/hot-reloader-client.js:72
[   10285ms] [WARNING] [HMR] Invalid message: {"action":"isrManifest","data":{"/about":true,"/contact":true,"/changelog":true,"/resources":true,"/essays":true,"/context":true,"/companies":true,"/localhost":true,"/companies/coconut":true,"/_next/static/webpack/a9274d96aac81f28.webpack.hot-update.json":true,"/_next/static/chunks/main-app.js":true,"/_next/static/chunks/app-pages-internals.js":true,"/_next/static/chunks/app/page.js":true}}
TypeError: Cannot read properties of undefined (reading '__N_SSP')
    at handleStaticIndicator (webpack-internal:///(pages-dir-browser)/./node_modules/next/dist/client/components/react-dev-overlay/pages/hot-reloader-client.js:229:124)
    at processMessage (webpack-internal:///(pages-dir-browser)/./node_modules/next/dist/client/components/react-dev-overlay/pages/hot-reloader-client.js:244:17)
    at eval (webpack-internal:///(pages-dir-browser)/./node_modules/next/dist/client/components/react-dev-overlay/pages/hot-reloader-client.js:70:13)
    at WebSocket.handleMessage (webpack-internal:///(pages-dir-browser)/./node_modules/next/dist/client/components/react-dev-overlay/pages/websocket.js:65:17) @ webpack-internal:///(pages-dir-browser)/./node_modules/next/dist/client/components/react-dev-overlay/pages/hot-reloader-client.js:72
[   10289ms] [ERROR] Failed to load resource: the server responded with a status of 500 (Internal Server Error) @ http://localhost:3000/_next/static/webpack/aa167a3ac9a06ddc.webpack.hot-update.json:0
[   10289ms] [WARNING] [Fast Refresh] performing full reload

Fast Refresh will perform a full reload when you edit a file that's imported by modules outside of the React rendering tree.
You might have a file which exports a React component but also exports a value that is imported by a non-React component file.
Consider migrating the non-React component export to a separate file and importing it into both files.

It is also possible the parent component of the component you edited is a class component, which disables Fast Refresh.
Fast Refresh requires at least one parent function component in your React tree. @ webpack-internal:///(pages-dir-browser)/./node_modules/next/dist/client/components/react-dev-overlay/pages/hot-reloader-client.js:390
[   10335ms] [ERROR] Failed to load resource: the server responded with a status of 500 (Internal Server Error) @ http://localhost:3000/favicon.ico:0
[   10354ms] [WARNING] [HMR] Invalid message: {"action":"isrManifest","data":{"/about":true,"/contact":true,"/changelog":true,"/resources":true,"/essays":true,"/context":true,"/companies":true,"/localhost":true,"/companies/coconut":true,"/_next/static/webpack/a9274d96aac81f28.webpack.hot-update.json":true,"/_next/static/chunks/main-app.js":true,"/_next/static/chunks/app-pages-internals.js":true,"/_next/static/chunks/app/page.js":true}}
TypeError: Cannot read properties of undefined (reading '__N_SSP')
    at handleStaticIndicator (webpack-internal:///(pages-dir-browser)/./node_modules/next/dist/client/components/react-dev-overlay/pages/hot-reloader-client.js:229:124)
    at processMessage (webpack-internal:///(pages-dir-browser)/./node_modules/next/dist/client/components/react-dev-overlay/pages/hot-reloader-client.js:244:17)
    at eval (webpack-internal:///(pages-dir-browser)/./node_modules/next/dist/client/components/react-dev-overlay/pages/hot-reloader-client.js:70:13)
    at WebSocket.handleMessage (webpack-internal:///(pages-dir-browser)/./node_modules/next/dist/client/components/react-dev-overlay/pages/websocket.js:65:17) @ webpack-internal:///(pages-dir-browser)/./node_modules/next/dist/client/components/react-dev-overlay/pages/hot-reloader-client.js:72
[   10833ms] [WARNING] [HMR] Invalid message: {"action":"isrManifest","data":{"/about":true,"/contact":true,"/changelog":true,"/resources":true,"/essays":true,"/context":true,"/companies":true,"/localhost":true,"/companies/coconut":true,"/_next/static/webpack/a9274d96aac81f28.webpack.hot-update.json":true,"/_next/static/chunks/main-app.js":true,"/_next/static/chunks/app-pages-internals.js":true,"/_next/static/chunks/app/page.js":true}}
TypeError: Cannot read properties of undefined (reading '__N_SSP')
    at handleStaticIndicator (webpack-internal:///(pages-dir-browser)/./node_modules/next/dist/client/components/react-dev-overlay/pages/hot-reloader-client.js:229:124)
    at processMessage (webpack-internal:///(pages-dir-browser)/./node_modules/next/dist/client/components/react-dev-overlay/pages/hot-reloader-client.js:244:17)
    at eval (webpack-internal:///(pages-dir-browser)/./node_modules/next/dist/client/components/react-dev-overlay/pages/hot-reloader-client.js:70:13)
    at WebSocket.handleMessage (webpack-internal:///(pages-dir-browser)/./node_modules/next/dist/client/components/react-dev-overlay/pages/websocket.js:65:17) @ webpack-internal:///(pages-dir-browser)/./node_modules/next/dist/client/components/react-dev-overlay/pages/hot-reloader-client.js:72
[   10902ms] [WARNING] [HMR] Invalid message: {"action":"isrManifest","data":{"/about":true,"/contact":true,"/changelog":true,"/resources":true,"/essays":true,"/context":true,"/companies":true,"/localhost":true,"/companies/coconut":true,"/_next/static/webpack/a9274d96aac81f28.webpack.hot-update.json":true,"/_next/static/chunks/main-app.js":true,"/_next/static/chunks/app-pages-internals.js":true,"/_next/static/chunks/app/page.js":true}}
TypeError: Cannot read properties of undefined (reading '__N_SSP')
    at handleStaticIndicator (webpack-internal:///(pages-dir-browser)/./node_modules/next/dist/client/components/react-dev-overlay/pages/hot-reloader-client.js:229:124)
    at processMessage (webpack-internal:///(pages-dir-browser)/./node_modules/next/dist/client/components/react-dev-overlay/pages/hot-reloader-client.js:244:17)
    at eval (webpack-internal:///(pages-dir-browser)/./node_modules/next/dist/client/components/react-dev-overlay/pages/hot-reloader-client.js:70:13)
    at WebSocket.handleMessage (webpack-internal:///(pages-dir-browser)/./node_modules/next/dist/client/components/react-dev-overlay/pages/websocket.js:65:17) @ webpack-internal:///(pages-dir-browser)/./node_modules/next/dist/client/components/react-dev-overlay/pages/hot-reloader-client.js:72
[   10909ms] [ERROR] Failed to load resource: the server responded with a status of 500 (Internal Server Error) @ http://localhost:3000/:0
[   11168ms] Error: ENOENT: no such file or directory, open '/Users/lobby/Desktop/apps/portfolio/.next/server/pages/_document.js'
    at Object.readFileSync (node:fs:448:20)
    at getMaybeCachedSource (node:internal/modules/cjs/loader:1492:18)
    at Module._extensions..js (node:internal/modules/cjs/loader:1504:19)
    at Module.load (node:internal/modules/cjs/loader:1288:32)
    at Module._load (node:internal/modules/cjs/loader:1104:12)
    at Module.require (node:internal/modules/cjs/loader:1311:19)
    at mod.require (file:///Users/lobby/Desktop/apps/portfolio/node_modules/next/dist/server/require-hook.js:65:28)
    at require (node:internal/modules/helpers:179:18)
    at requirePage (file:///Users/lobby/Desktop/apps/portfolio/node_modules/next/dist/server/require.js:103:84)
    at loadComponentsImpl (file:///Users/lobby/Desktop/apps/portfolio/node_modules/next/dist/server/load-components.js:85:38)
    at DevServer.findPageComponentsImpl (file:///Users/lobby/Desktop/apps/portfolio/node_modules/next/dist/server/next-server.js:808:77)
    at <unknown> (file:///Users/lobby/Desktop/apps/portfolio/node_modules/next/dist/server/next-server.js:786:21)
    at <unknown> (file:///Users/lobby/Desktop/apps/portfolio/node_modules/next/dist/server/lib/trace/tracer.js:169:36)
    at NoopContextManager.with (file:///Users/lobby/Desktop/apps/portfolio/node_modules/next/dist/compiled/@opentelemetry/api/index.js:1:7062)
    at ContextAPI.with (file:///Users/lobby/Desktop/apps/portfolio/node_modules/next/dist/compiled/@opentelemetry/api/index.js:1:518)
    at NoopTracer.startActiveSpan (file:///Users/lobby/Desktop/apps/portfolio/node_modules/next/dist/compiled/@opentelemetry/api/index.js:1:18093)
    at ProxyTracer.startActiveSpan (file:///Users/lobby/Desktop/apps/portfolio/node_modules/next/dist/compiled/@opentelemetry/api/index.js:1:18854)
    at <unknown> (file:///Users/lobby/Desktop/apps/portfolio/node_modules/next/dist/server/lib/trace/tracer.js:151:103)
    at NoopContextManager.with (file:///Users/lobby/Desktop/apps/portfolio/node_modules/next/dist/compiled/@opentelemetry/api/index.js:1:7062)
    at ContextAPI.with (file:///Users/lobby/Desktop/apps/portfolio/node_modules/next/dist/compiled/@opentelemetry/api/index.js:1:518)
    at NextTracerImpl.trace (file:///Users/lobby/Desktop/apps/portfolio/node_modules/next/dist/server/lib/trace/tracer.js:151:28)
    at DevServer.findPageComponents (file:///Users/lobby/Desktop/apps/portfolio/node_modules/next/dist/server/next-server.js:781:41)
    at DevServer.findPageComponents (file:///Users/lobby/Desktop/apps/portfolio/node_modules/next/dist/server/dev/next-dev-server.js:628:28)
    at async DevServer.renderErrorToResponseImpl (file:///Users/lobby/Desktop/apps/portfolio/node_modules/next/dist/server/base-server.js:2604:26)
    at async pipe.req.req (file:///Users/lobby/Desktop/apps/portfolio/node_modules/next/dist/server/base-server.js:2526:30)
    at async DevServer.pipeImpl (file:///Users/lobby/Desktop/apps/portfolio/node_modules/next/dist/server/base-server.js:1003:25)
    at async NextNodeServer.handleCatchallRenderRequest (file:///Users/lobby/Desktop/apps/portfolio/node_modules/next/dist/server/next-server.js:319:21)
    at async DevServer.handleRequestImpl (file:///Users/lobby/Desktop/apps/portfolio/node_modules/next/dist/server/base-server.js:895:17)
    at async (file:///Users/lobby/Desktop/apps/portfolio/node_modules/next/dist/server/dev/next-dev-server.js:371:20)
    at async Span.traceAsyncFn (file:///Users/lobby/Desktop/apps/portfolio/node_modules/next/dist/trace/trace.js:157:20)
    at async DevServer.handleRequest (file:///Users/lobby/Desktop/apps/portfolio/node_modules/next/dist/server/dev/next-dev-server.js:368:24)
    at async invokeRender (file:///Users/lobby/Desktop/apps/portfolio/node_modules/next/dist/server/lib/router-server.js:235:21)
    at async handleRequest (file:///Users/lobby/Desktop/apps/portfolio/node_modules/next/dist/server/lib/router-server.js:426:24)
    at async requestHandlerImpl (file:///Users/lobby/Desktop/apps/portfolio/node_modules/next/dist/server/lib/router-server.js:450:13)
    at async Server.requestListener (file:///Users/lobby/Desktop/apps/portfolio/node_modules/next/dist/server/lib/start-server.js:158:13)
[   11165ms] [WARNING] [HMR] Invalid message: {"action":"isrManifest","data":{"/about":true,"/contact":true,"/changelog":true,"/resources":true,"/essays":true,"/context":true,"/companies":true,"/localhost":true,"/companies/coconut":true,"/_next/static/webpack/a9274d96aac81f28.webpack.hot-update.json":true,"/_next/static/chunks/main-app.js":true,"/_next/static/chunks/app-pages-internals.js":true,"/_next/static/chunks/app/page.js":true}}
TypeError: Cannot read properties of undefined (reading '__N_SSP')
    at handleStaticIndicator (webpack-internal:///(pages-dir-browser)/./node_modules/next/dist/client/components/react-dev-overlay/pages/hot-reloader-client.js:229:124)
    at processMessage (webpack-internal:///(pages-dir-browser)/./node_modules/next/dist/client/components/react-dev-overlay/pages/hot-reloader-client.js:244:17)
    at eval (webpack-internal:///(pages-dir-browser)/./node_modules/next/dist/client/components/react-dev-overlay/pages/hot-reloader-client.js:70:13)
    at WebSocket.handleMessage (webpack-internal:///(pages-dir-browser)/./node_modules/next/dist/client/components/react-dev-overlay/pages/websocket.js:65:17) @ webpack-internal:///(pages-dir-browser)/./node_modules/next/dist/client/components/react-dev-overlay/pages/hot-reloader-client.js:72
[   11422ms] [WARNING] [HMR] Invalid message: {"action":"isrManifest","data":{"/about":true,"/contact":true,"/changelog":true,"/resources":true,"/essays":true,"/context":true,"/companies":true,"/localhost":true,"/companies/coconut":true,"/_next/static/webpack/a9274d96aac81f28.webpack.hot-update.json":true,"/_next/static/chunks/main-app.js":true,"/_next/static/chunks/app-pages-internals.js":true,"/_next/static/chunks/app/page.js":true}}
TypeError: Cannot read properties of undefined (reading '__N_SSP')
    at handleStaticIndicator (webpack-internal:///(pages-dir-browser)/./node_modules/next/dist/client/components/react-dev-overlay/pages/hot-reloader-client.js:229:124)
    at processMessage (webpack-internal:///(pages-dir-browser)/./node_modules/next/dist/client/components/react-dev-overlay/pages/hot-reloader-client.js:244:17)
    at eval (webpack-internal:///(pages-dir-browser)/./node_modules/next/dist/client/components/react-dev-overlay/pages/hot-reloader-client.js:70:13)
    at WebSocket.handleMessage (webpack-internal:///(pages-dir-browser)/./node_modules/next/dist/client/components/react-dev-overlay/pages/websocket.js:65:17) @ webpack-internal:///(pages-dir-browser)/./node_modules/next/dist/client/components/react-dev-overlay/pages/hot-reloader-client.js:72
[   11429ms] [ERROR] Failed to load resource: the server responded with a status of 500 (Internal Server Error) @ http://localhost:3000/_next/static/webpack/aa167a3ac9a06ddc.webpack.hot-update.json:0
[   11430ms] [WARNING] [Fast Refresh] performing full reload

Fast Refresh will perform a full reload when you edit a file that's imported by modules outside of the React rendering tree.
You might have a file which exports a React component but also exports a value that is imported by a non-React component file.
Consider migrating the non-React component export to a separate file and importing it into both files.

It is also possible the parent component of the component you edited is a class component, which disables Fast Refresh.
Fast Refresh requires at least one parent function component in your React tree. @ webpack-internal:///(pages-dir-browser)/./node_modules/next/dist/client/components/react-dev-overlay/pages/hot-reloader-client.js:390
[   11467ms] [ERROR] Failed to load resource: the server responded with a status of 500 (Internal Server Error) @ http://localhost:3000/favicon.ico:0
[   11488ms] [WARNING] [HMR] Invalid message: {"action":"isrManifest","data":{"/about":true,"/contact":true,"/changelog":true,"/resources":true,"/essays":true,"/context":true,"/companies":true,"/localhost":true,"/companies/coconut":true,"/_next/static/webpack/a9274d96aac81f28.webpack.hot-update.json":true,"/_next/static/chunks/main-app.js":true,"/_next/static/chunks/app-pages-internals.js":true,"/_next/static/chunks/app/page.js":true}}
TypeError: Cannot read properties of undefined (reading '__N_SSP')
    at handleStaticIndicator (webpack-internal:///(pages-dir-browser)/./node_modules/next/dist/client/components/react-dev-overlay/pages/hot-reloader-client.js:229:124)
    at processMessage (webpack-internal:///(pages-dir-browser)/./node_modules/next/dist/client/components/react-dev-overlay/pages/hot-reloader-client.js:244:17)
    at eval (webpack-internal:///(pages-dir-browser)/./node_modules/next/dist/client/components/react-dev-overlay/pages/hot-reloader-client.js:70:13)
    at WebSocket.handleMessage (webpack-internal:///(pages-dir-browser)/./node_modules/next/dist/client/components/react-dev-overlay/pages/websocket.js:65:17) @ webpack-internal:///(pages-dir-browser)/./node_modules/next/dist/client/components/react-dev-overlay/pages/hot-reloader-client.js:72
[   12351ms] [WARNING] [HMR] Invalid message: {"action":"isrManifest","data":{"/about":true,"/contact":true,"/changelog":true,"/resources":true,"/essays":true,"/context":true,"/companies":true,"/localhost":true,"/companies/coconut":true,"/_next/static/webpack/a9274d96aac81f28.webpack.hot-update.json":true,"/_next/static/chunks/main-app.js":true,"/_next/static/chunks/app-pages-internals.js":true,"/_next/static/chunks/app/page.js":true}}
TypeError: Cannot read properties of undefined (reading '__N_SSP')
    at handleStaticIndicator (webpack-internal:///(pages-dir-browser)/./node_modules/next/dist/client/components/react-dev-overlay/pages/hot-reloader-client.js:229:124)
    at processMessage (webpack-internal:///(pages-dir-browser)/./node_modules/next/dist/client/components/react-dev-overlay/pages/hot-reloader-client.js:244:17)
    at eval (webpack-internal:///(pages-dir-browser)/./node_modules/next/dist/client/components/react-dev-overlay/pages/hot-reloader-client.js:70:13)
    at WebSocket.handleMessage (webpack-internal:///(pages-dir-browser)/./node_modules/next/dist/client/components/react-dev-overlay/pages/websocket.js:65:17) @ webpack-internal:///(pages-dir-browser)/./node_modules/next/dist/client/components/react-dev-overlay/pages/hot-reloader-client.js:72
[   12395ms] [WARNING] [HMR] Invalid message: {"action":"isrManifest","data":{"/about":true,"/contact":true,"/changelog":true,"/resources":true,"/essays":true,"/context":true,"/companies":true,"/localhost":true,"/companies/coconut":true,"/_next/static/webpack/a9274d96aac81f28.webpack.hot-update.json":true,"/_next/static/chunks/main-app.js":true,"/_next/static/chunks/app-pages-internals.js":true,"/_next/static/chunks/app/page.js":true}}
TypeError: Cannot read properties of undefined (reading '__N_SSP')
    at handleStaticIndicator (webpack-internal:///(pages-dir-browser)/./node_modules/next/dist/client/components/react-dev-overlay/pages/hot-reloader-client.js:229:124)
    at processMessage (webpack-internal:///(pages-dir-browser)/./node_modules/next/dist/client/components/react-dev-overlay/pages/hot-reloader-client.js:244:17)
    at eval (webpack-internal:///(pages-dir-browser)/./node_modules/next/dist/client/components/react-dev-overlay/pages/hot-reloader-client.js:70:13)
    at WebSocket.handleMessage (webpack-internal:///(pages-dir-browser)/./node_modules/next/dist/client/components/react-dev-overlay/pages/websocket.js:65:17) @ webpack-internal:///(pages-dir-browser)/./node_modules/next/dist/client/components/react-dev-overlay/pages/hot-reloader-client.js:72
[   12403ms] [ERROR] Failed to load resource: the server responded with a status of 500 (Internal Server Error) @ http://localhost:3000/:0
[   12650ms] Error: ENOENT: no such file or directory, open '/Users/lobby/Desktop/apps/portfolio/.next/server/pages/_document.js'
    at Object.readFileSync (node:fs:448:20)
    at getMaybeCachedSource (node:internal/modules/cjs/loader:1492:18)
    at Module._extensions..js (node:internal/modules/cjs/loader:1504:19)
    at Module.load (node:internal/modules/cjs/loader:1288:32)
    at Module._load (node:internal/modules/cjs/loader:1104:12)
    at Module.require (node:internal/modules/cjs/loader:1311:19)
    at mod.require (file:///Users/lobby/Desktop/apps/portfolio/node_modules/next/dist/server/require-hook.js:65:28)
    at require (node:internal/modules/helpers:179:18)
    at requirePage (file:///Users/lobby/Desktop/apps/portfolio/node_modules/next/dist/server/require.js:103:84)
    at loadComponentsImpl (file:///Users/lobby/Desktop/apps/portfolio/node_modules/next/dist/server/load-components.js:85:38)
    at DevServer.findPageComponentsImpl (file:///Users/lobby/Desktop/apps/portfolio/node_modules/next/dist/server/next-server.js:808:77)
    at <unknown> (file:///Users/lobby/Desktop/apps/portfolio/node_modules/next/dist/server/next-server.js:786:21)
    at <unknown> (file:///Users/lobby/Desktop/apps/portfolio/node_modules/next/dist/server/lib/trace/tracer.js:169:36)
    at NoopContextManager.with (file:///Users/lobby/Desktop/apps/portfolio/node_modules/next/dist/compiled/@opentelemetry/api/index.js:1:7062)
    at ContextAPI.with (file:///Users/lobby/Desktop/apps/portfolio/node_modules/next/dist/compiled/@opentelemetry/api/index.js:1:518)
    at NoopTracer.startActiveSpan (file:///Users/lobby/Desktop/apps/portfolio/node_modules/next/dist/compiled/@opentelemetry/api/index.js:1:18093)
    at ProxyTracer.startActiveSpan (file:///Users/lobby/Desktop/apps/portfolio/node_modules/next/dist/compiled/@opentelemetry/api/index.js:1:18854)
    at <unknown> (file:///Users/lobby/Desktop/apps/portfolio/node_modules/next/dist/server/lib/trace/tracer.js:151:103)
    at NoopContextManager.with (file:///Users/lobby/Desktop/apps/portfolio/node_modules/next/dist/compiled/@opentelemetry/api/index.js:1:7062)
    at ContextAPI.with (file:///Users/lobby/Desktop/apps/portfolio/node_modules/next/dist/compiled/@opentelemetry/api/index.js:1:518)
    at NextTracerImpl.trace (file:///Users/lobby/Desktop/apps/portfolio/node_modules/next/dist/server/lib/trace/tracer.js:151:28)
    at DevServer.findPageComponents (file:///Users/lobby/Desktop/apps/portfolio/node_modules/next/dist/server/next-server.js:781:41)
    at DevServer.findPageComponents (file:///Users/lobby/Desktop/apps/portfolio/node_modules/next/dist/server/dev/next-dev-server.js:628:28)
    at async DevServer.renderErrorToResponseImpl (file:///Users/lobby/Desktop/apps/portfolio/node_modules/next/dist/server/base-server.js:2604:26)
    at async pipe.req.req (file:///Users/lobby/Desktop/apps/portfolio/node_modules/next/dist/server/base-server.js:2526:30)
    at async DevServer.pipeImpl (file:///Users/lobby/Desktop/apps/portfolio/node_modules/next/dist/server/base-server.js:1003:25)
    at async NextNodeServer.handleCatchallRenderRequest (file:///Users/lobby/Desktop/apps/portfolio/node_modules/next/dist/server/next-server.js:319:21)
    at async DevServer.handleRequestImpl (file:///Users/lobby/Desktop/apps/portfolio/node_modules/next/dist/server/base-server.js:895:17)
    at async (file:///Users/lobby/Desktop/apps/portfolio/node_modules/next/dist/server/dev/next-dev-server.js:371:20)
    at async Span.traceAsyncFn (file:///Users/lobby/Desktop/apps/portfolio/node_modules/next/dist/trace/trace.js:157:20)
    at async DevServer.handleRequest (file:///Users/lobby/Desktop/apps/portfolio/node_modules/next/dist/server/dev/next-dev-server.js:368:24)
    at async invokeRender (file:///Users/lobby/Desktop/apps/portfolio/node_modules/next/dist/server/lib/router-server.js:235:21)
    at async handleRequest (file:///Users/lobby/Desktop/apps/portfolio/node_modules/next/dist/server/lib/router-server.js:426:24)
    at async requestHandlerImpl (file:///Users/lobby/Desktop/apps/portfolio/node_modules/next/dist/server/lib/router-server.js:450:13)
    at async Server.requestListener (file:///Users/lobby/Desktop/apps/portfolio/node_modules/next/dist/server/lib/start-server.js:158:13)
[   12649ms] [WARNING] [HMR] Invalid message: {"action":"isrManifest","data":{"/about":true,"/contact":true,"/changelog":true,"/resources":true,"/essays":true,"/context":true,"/companies":true,"/localhost":true,"/companies/coconut":true,"/_next/static/webpack/a9274d96aac81f28.webpack.hot-update.json":true,"/_next/static/chunks/main-app.js":true,"/_next/static/chunks/app-pages-internals.js":true,"/_next/static/chunks/app/page.js":true}}
TypeError: Cannot read properties of undefined (reading '__N_SSP')
    at handleStaticIndicator (webpack-internal:///(pages-dir-browser)/./node_modules/next/dist/client/components/react-dev-overlay/pages/hot-reloader-client.js:229:124)
    at processMessage (webpack-internal:///(pages-dir-browser)/./node_modules/next/dist/client/components/react-dev-overlay/pages/hot-reloader-client.js:244:17)
    at eval (webpack-internal:///(pages-dir-browser)/./node_modules/next/dist/client/components/react-dev-overlay/pages/hot-reloader-client.js:70:13)
    at WebSocket.handleMessage (webpack-internal:///(pages-dir-browser)/./node_modules/next/dist/client/components/react-dev-overlay/pages/websocket.js:65:17) @ webpack-internal:///(pages-dir-browser)/./node_modules/next/dist/client/components/react-dev-overlay/pages/hot-reloader-client.js:72
[   12904ms] [WARNING] [HMR] Invalid message: {"action":"isrManifest","data":{"/about":true,"/contact":true,"/changelog":true,"/resources":true,"/essays":true,"/context":true,"/companies":true,"/localhost":true,"/companies/coconut":true,"/_next/static/webpack/a9274d96aac81f28.webpack.hot-update.json":true,"/_next/static/chunks/main-app.js":true,"/_next/static/chunks/app-pages-internals.js":true,"/_next/static/chunks/app/page.js":true}}
TypeError: Cannot read properties of undefined (reading '__N_SSP')
    at handleStaticIndicator (webpack-internal:///(pages-dir-browser)/./node_modules/next/dist/client/components/react-dev-overlay/pages/hot-reloader-client.js:229:124)
    at processMessage (webpack-internal:///(pages-dir-browser)/./node_modules/next/dist/client/components/react-dev-overlay/pages/hot-reloader-client.js:244:17)
    at eval (webpack-internal:///(pages-dir-browser)/./node_modules/next/dist/client/components/react-dev-overlay/pages/hot-reloader-client.js:70:13)
    at WebSocket.handleMessage (webpack-internal:///(pages-dir-browser)/./node_modules/next/dist/client/components/react-dev-overlay/pages/websocket.js:65:17) @ webpack-internal:///(pages-dir-browser)/./node_modules/next/dist/client/components/react-dev-overlay/pages/hot-reloader-client.js:72
[   12910ms] [ERROR] Failed to load resource: the server responded with a status of 500 (Internal Server Error) @ http://localhost:3000/_next/static/webpack/aa167a3ac9a06ddc.webpack.hot-update.json:0
[   12910ms] [WARNING] [Fast Refresh] performing full reload

Fast Refresh will perform a full reload when you edit a file that's imported by modules outside of the React rendering tree.
You might have a file which exports a React component but also exports a value that is imported by a non-React component file.
Consider migrating the non-React component export to a separate file and importing it into both files.

It is also possible the parent component of the component you edited is a class component, which disables Fast Refresh.
Fast Refresh requires at least one parent function component in your React tree. @ webpack-internal:///(pages-dir-browser)/./node_modules/next/dist/client/components/react-dev-overlay/pages/hot-reloader-client.js:390
[   13009ms] [ERROR] Failed to load resource: the server responded with a status of 500 (Internal Server Error) @ http://localhost:3000/favicon.ico:0
[   13084ms] [WARNING] [HMR] Invalid message: {"action":"isrManifest","data":{"/about":true,"/contact":true,"/changelog":true,"/resources":true,"/essays":true,"/context":true,"/companies":true,"/localhost":true,"/companies/coconut":true,"/_next/static/webpack/a9274d96aac81f28.webpack.hot-update.json":true,"/_next/static/chunks/main-app.js":true,"/_next/static/chunks/app-pages-internals.js":true,"/_next/static/chunks/app/page.js":true}}
TypeError: Cannot read properties of undefined (reading '__N_SSP')
    at handleStaticIndicator (webpack-internal:///(pages-dir-browser)/./node_modules/next/dist/client/components/react-dev-overlay/pages/hot-reloader-client.js:229:124)
    at processMessage (webpack-internal:///(pages-dir-browser)/./node_modules/next/dist/client/components/react-dev-overlay/pages/hot-reloader-client.js:244:17)
    at eval (webpack-internal:///(pages-dir-browser)/./node_modules/next/dist/client/components/react-dev-overlay/pages/hot-reloader-client.js:70:13)
    at WebSocket.handleMessage (webpack-internal:///(pages-dir-browser)/./node_modules/next/dist/client/components/react-dev-overlay/pages/websocket.js:65:17) @ webpack-internal:///(pages-dir-browser)/./node_modules/next/dist/client/components/react-dev-overlay/pages/hot-reloader-client.js:72
[   13616ms] [WARNING] [HMR] Invalid message: {"action":"isrManifest","data":{"/about":true,"/contact":true,"/changelog":true,"/resources":true,"/essays":true,"/context":true,"/companies":true,"/localhost":true,"/companies/coconut":true,"/_next/static/webpack/a9274d96aac81f28.webpack.hot-update.json":true,"/_next/static/chunks/main-app.js":true,"/_next/static/chunks/app-pages-internals.js":true,"/_next/static/chunks/app/page.js":true}}
TypeError: Cannot read properties of undefined (reading '__N_SSP')
    at handleStaticIndicator (webpack-internal:///(pages-dir-browser)/./node_modules/next/dist/client/components/react-dev-overlay/pages/hot-reloader-client.js:229:124)
    at processMessage (webpack-internal:///(pages-dir-browser)/./node_modules/next/dist/client/components/react-dev-overlay/pages/hot-reloader-client.js:244:17)
    at eval (webpack-internal:///(pages-dir-browser)/./node_modules/next/dist/client/components/react-dev-overlay/pages/hot-reloader-client.js:70:13)
    at WebSocket.handleMessage (webpack-internal:///(pages-dir-browser)/./node_modules/next/dist/client/components/react-dev-overlay/pages/websocket.js:65:17) @ webpack-internal:///(pages-dir-browser)/./node_modules/next/dist/client/components/react-dev-overlay/pages/hot-reloader-client.js:72
[   13649ms] [WARNING] [HMR] Invalid message: {"action":"isrManifest","data":{"/about":true,"/contact":true,"/changelog":true,"/resources":true,"/essays":true,"/context":true,"/companies":true,"/localhost":true,"/companies/coconut":true,"/_next/static/webpack/a9274d96aac81f28.webpack.hot-update.json":true,"/_next/static/chunks/main-app.js":true,"/_next/static/chunks/app-pages-internals.js":true,"/_next/static/chunks/app/page.js":true}}
TypeError: Cannot read properties of undefined (reading '__N_SSP')
    at handleStaticIndicator (webpack-internal:///(pages-dir-browser)/./node_modules/next/dist/client/components/react-dev-overlay/pages/hot-reloader-client.js:229:124)
    at processMessage (webpack-internal:///(pages-dir-browser)/./node_modules/next/dist/client/components/react-dev-overlay/pages/hot-reloader-client.js:244:17)
    at eval (webpack-internal:///(pages-dir-browser)/./node_modules/next/dist/client/components/react-dev-overlay/pages/hot-reloader-client.js:70:13)
    at WebSocket.handleMessage (webpack-internal:///(pages-dir-browser)/./node_modules/next/dist/client/components/react-dev-overlay/pages/websocket.js:65:17) @ webpack-internal:///(pages-dir-browser)/./node_modules/next/dist/client/components/react-dev-overlay/pages/hot-reloader-client.js:72
[   13657ms] [ERROR] Failed to load resource: the server responded with a status of 500 (Internal Server Error) @ http://localhost:3000/:0
[   13953ms] Error: ENOENT: no such file or directory, open '/Users/lobby/Desktop/apps/portfolio/.next/server/pages/_document.js'
    at Object.readFileSync (node:fs:448:20)
    at getMaybeCachedSource (node:internal/modules/cjs/loader:1492:18)
    at Module._extensions..js (node:internal/modules/cjs/loader:1504:19)
    at Module.load (node:internal/modules/cjs/loader:1288:32)
    at Module._load (node:internal/modules/cjs/loader:1104:12)
    at Module.require (node:internal/modules/cjs/loader:1311:19)
    at mod.require (file:///Users/lobby/Desktop/apps/portfolio/node_modules/next/dist/server/require-hook.js:65:28)
    at require (node:internal/modules/helpers:179:18)
    at requirePage (file:///Users/lobby/Desktop/apps/portfolio/node_modules/next/dist/server/require.js:103:84)
    at loadComponentsImpl (file:///Users/lobby/Desktop/apps/portfolio/node_modules/next/dist/server/load-components.js:85:38)
    at DevServer.findPageComponentsImpl (file:///Users/lobby/Desktop/apps/portfolio/node_modules/next/dist/server/next-server.js:808:77)
    at <unknown> (file:///Users/lobby/Desktop/apps/portfolio/node_modules/next/dist/server/next-server.js:786:21)
    at <unknown> (file:///Users/lobby/Desktop/apps/portfolio/node_modules/next/dist/server/lib/trace/tracer.js:169:36)
    at NoopContextManager.with (file:///Users/lobby/Desktop/apps/portfolio/node_modules/next/dist/compiled/@opentelemetry/api/index.js:1:7062)
    at ContextAPI.with (file:///Users/lobby/Desktop/apps/portfolio/node_modules/next/dist/compiled/@opentelemetry/api/index.js:1:518)
    at NoopTracer.startActiveSpan (file:///Users/lobby/Desktop/apps/portfolio/node_modules/next/dist/compiled/@opentelemetry/api/index.js:1:18093)
    at ProxyTracer.startActiveSpan (file:///Users/lobby/Desktop/apps/portfolio/node_modules/next/dist/compiled/@opentelemetry/api/index.js:1:18854)
    at <unknown> (file:///Users/lobby/Desktop/apps/portfolio/node_modules/next/dist/server/lib/trace/tracer.js:151:103)
    at NoopContextManager.with (file:///Users/lobby/Desktop/apps/portfolio/node_modules/next/dist/compiled/@opentelemetry/api/index.js:1:7062)
    at ContextAPI.with (file:///Users/lobby/Desktop/apps/portfolio/node_modules/next/dist/compiled/@opentelemetry/api/index.js:1:518)
    at NextTracerImpl.trace (file:///Users/lobby/Desktop/apps/portfolio/node_modules/next/dist/server/lib/trace/tracer.js:151:28)
    at DevServer.findPageComponents (file:///Users/lobby/Desktop/apps/portfolio/node_modules/next/dist/server/next-server.js:781:41)
    at DevServer.findPageComponents (file:///Users/lobby/Desktop/apps/portfolio/node_modules/next/dist/server/dev/next-dev-server.js:628:28)
    at async DevServer.renderErrorToResponseImpl (file:///Users/lobby/Desktop/apps/portfolio/node_modules/next/dist/server/base-server.js:2604:26)
    at async pipe.req.req (file:///Users/lobby/Desktop/apps/portfolio/node_modules/next/dist/server/base-server.js:2526:30)
    at async DevServer.pipeImpl (file:///Users/lobby/Desktop/apps/portfolio/node_modules/next/dist/server/base-server.js:1003:25)
    at async NextNodeServer.handleCatchallRenderRequest (file:///Users/lobby/Desktop/apps/portfolio/node_modules/next/dist/server/next-server.js:319:21)
    at async DevServer.handleRequestImpl (file:///Users/lobby/Desktop/apps/portfolio/node_modules/next/dist/server/base-server.js:895:17)
    at async (file:///Users/lobby/Desktop/apps/portfolio/node_modules/next/dist/server/dev/next-dev-server.js:371:20)
    at async Span.traceAsyncFn (file:///Users/lobby/Desktop/apps/portfolio/node_modules/next/dist/trace/trace.js:157:20)
    at async DevServer.handleRequest (file:///Users/lobby/Desktop/apps/portfolio/node_modules/next/dist/server/dev/next-dev-server.js:368:24)
    at async invokeRender (file:///Users/lobby/Desktop/apps/portfolio/node_modules/next/dist/server/lib/router-server.js:235:21)
    at async handleRequest (file:///Users/lobby/Desktop/apps/portfolio/node_modules/next/dist/server/lib/router-server.js:426:24)
    at async requestHandlerImpl (file:///Users/lobby/Desktop/apps/portfolio/node_modules/next/dist/server/lib/router-server.js:450:13)
    at async Server.requestListener (file:///Users/lobby/Desktop/apps/portfolio/node_modules/next/dist/server/lib/start-server.js:158:13)
[   13955ms] [WARNING] [HMR] Invalid message: {"action":"isrManifest","data":{"/about":true,"/contact":true,"/changelog":true,"/resources":true,"/essays":true,"/context":true,"/companies":true,"/localhost":true,"/companies/coconut":true,"/_next/static/webpack/a9274d96aac81f28.webpack.hot-update.json":true,"/_next/static/chunks/main-app.js":true,"/_next/static/chunks/app-pages-internals.js":true,"/_next/static/chunks/app/page.js":true}}
TypeError: Cannot read properties of undefined (reading '__N_SSP')
    at handleStaticIndicator (webpack-internal:///(pages-dir-browser)/./node_modules/next/dist/client/components/react-dev-overlay/pages/hot-reloader-client.js:229:124)
    at processMessage (webpack-internal:///(pages-dir-browser)/./node_modules/next/dist/client/components/react-dev-overlay/pages/hot-reloader-client.js:244:17)
    at eval (webpack-internal:///(pages-dir-browser)/./node_modules/next/dist/client/components/react-dev-overlay/pages/hot-reloader-client.js:70:13)
    at WebSocket.handleMessage (webpack-internal:///(pages-dir-browser)/./node_modules/next/dist/client/components/react-dev-overlay/pages/websocket.js:65:17) @ webpack-internal:///(pages-dir-browser)/./node_modules/next/dist/client/components/react-dev-overlay/pages/hot-reloader-client.js:72
[   14161ms] [WARNING] [HMR] Invalid message: {"action":"isrManifest","data":{"/about":true,"/contact":true,"/changelog":true,"/resources":true,"/essays":true,"/context":true,"/companies":true,"/localhost":true,"/companies/coconut":true,"/_next/static/webpack/a9274d96aac81f28.webpack.hot-update.json":true,"/_next/static/chunks/main-app.js":true,"/_next/static/chunks/app-pages-internals.js":true,"/_next/static/chunks/app/page.js":true}}
TypeError: Cannot read properties of undefined (reading '__N_SSP')
    at handleStaticIndicator (webpack-internal:///(pages-dir-browser)/./node_modules/next/dist/client/components/react-dev-overlay/pages/hot-reloader-client.js:229:124)
    at processMessage (webpack-internal:///(pages-dir-browser)/./node_modules/next/dist/client/components/react-dev-overlay/pages/hot-reloader-client.js:244:17)
    at eval (webpack-internal:///(pages-dir-browser)/./node_modules/next/dist/client/components/react-dev-overlay/pages/hot-reloader-client.js:70:13)
    at WebSocket.handleMessage (webpack-internal:///(pages-dir-browser)/./node_modules/next/dist/client/components/react-dev-overlay/pages/websocket.js:65:17) @ webpack-internal:///(pages-dir-browser)/./node_modules/next/dist/client/components/react-dev-overlay/pages/hot-reloader-client.js:72
[   14166ms] [ERROR] Failed to load resource: the server responded with a status of 500 (Internal Server Error) @ http://localhost:3000/_next/static/webpack/aa167a3ac9a06ddc.webpack.hot-update.json:0
[   14166ms] [WARNING] [Fast Refresh] performing full reload

Fast Refresh will perform a full reload when you edit a file that's imported by modules outside of the React rendering tree.
You might have a file which exports a React component but also exports a value that is imported by a non-React component file.
Consider migrating the non-React component export to a separate file and importing it into both files.

It is also possible the parent component of the component you edited is a class component, which disables Fast Refresh.
Fast Refresh requires at least one parent function component in your React tree. @ webpack-internal:///(pages-dir-browser)/./node_modules/next/dist/client/components/react-dev-overlay/pages/hot-reloader-client.js:390
[   14205ms] [WARNING] [HMR] Invalid message: {"action":"isrManifest","data":{"/about":true,"/contact":true,"/changelog":true,"/resources":true,"/essays":true,"/context":true,"/companies":true,"/localhost":true,"/companies/coconut":true,"/_next/static/webpack/a9274d96aac81f28.webpack.hot-update.json":true,"/_next/static/chunks/main-app.js":true,"/_next/static/chunks/app-pages-internals.js":true,"/_next/static/chunks/app/page.js":true}}
TypeError: Cannot read properties of undefined (reading '__N_SSP')
    at handleStaticIndicator (webpack-internal:///(pages-dir-browser)/./node_modules/next/dist/client/components/react-dev-overlay/pages/hot-reloader-client.js:229:124)
    at processMessage (webpack-internal:///(pages-dir-browser)/./node_modules/next/dist/client/components/react-dev-overlay/pages/hot-reloader-client.js:244:17)
    at eval (webpack-internal:///(pages-dir-browser)/./node_modules/next/dist/client/components/react-dev-overlay/pages/hot-reloader-client.js:70:13)
    at WebSocket.handleMessage (webpack-internal:///(pages-dir-browser)/./node_modules/next/dist/client/components/react-dev-overlay/pages/websocket.js:65:17) @ webpack-internal:///(pages-dir-browser)/./node_modules/next/dist/client/components/react-dev-overlay/pages/hot-reloader-client.js:72
[   14256ms] [ERROR] Failed to load resource: the server responded with a status of 500 (Internal Server Error) @ http://localhost:3000/favicon.ico:0
[   14260ms] [WARNING] [HMR] Invalid message: {"action":"isrManifest","data":{"/about":true,"/contact":true,"/changelog":true,"/resources":true,"/essays":true,"/context":true,"/companies":true,"/localhost":true,"/companies/coconut":true,"/_next/static/webpack/a9274d96aac81f28.webpack.hot-update.json":true,"/_next/static/chunks/main-app.js":true,"/_next/static/chunks/app-pages-internals.js":true,"/_next/static/chunks/app/page.js":true}}
TypeError: Cannot read properties of undefined (reading '__N_SSP')
    at handleStaticIndicator (webpack-internal:///(pages-dir-browser)/./node_modules/next/dist/client/components/react-dev-overlay/pages/hot-reloader-client.js:229:124)
    at processMessage (webpack-internal:///(pages-dir-browser)/./node_modules/next/dist/client/components/react-dev-overlay/pages/hot-reloader-client.js:244:17)
    at eval (webpack-internal:///(pages-dir-browser)/./node_modules/next/dist/client/components/react-dev-overlay/pages/hot-reloader-client.js:70:13)
    at WebSocket.handleMessage (webpack-internal:///(pages-dir-browser)/./node_modules/next/dist/client/components/react-dev-overlay/pages/websocket.js:65:17) @ webpack-internal:///(pages-dir-browser)/./node_modules/next/dist/client/components/react-dev-overlay/pages/hot-reloader-client.js:72
[   14266ms] [ERROR] Failed to load resource: the server responded with a status of 500 (Internal Server Error) @ http://localhost:3000/:0
[   14468ms] Error: ENOENT: no such file or directory, open '/Users/lobby/Desktop/apps/portfolio/.next/server/pages/_document.js'
    at Object.readFileSync (node:fs:448:20)
    at getMaybeCachedSource (node:internal/modules/cjs/loader:1492:18)
    at Module._extensions..js (node:internal/modules/cjs/loader:1504:19)
    at Module.load (node:internal/modules/cjs/loader:1288:32)
    at Module._load (node:internal/modules/cjs/loader:1104:12)
    at Module.require (node:internal/modules/cjs/loader:1311:19)
    at mod.require (file:///Users/lobby/Desktop/apps/portfolio/node_modules/next/dist/server/require-hook.js:65:28)
    at require (node:internal/modules/helpers:179:18)
    at requirePage (file:///Users/lobby/Desktop/apps/portfolio/node_modules/next/dist/server/require.js:103:84)
    at loadComponentsImpl (file:///Users/lobby/Desktop/apps/portfolio/node_modules/next/dist/server/load-components.js:85:38)
    at DevServer.findPageComponentsImpl (file:///Users/lobby/Desktop/apps/portfolio/node_modules/next/dist/server/next-server.js:808:77)
    at <unknown> (file:///Users/lobby/Desktop/apps/portfolio/node_modules/next/dist/server/next-server.js:786:21)
    at <unknown> (file:///Users/lobby/Desktop/apps/portfolio/node_modules/next/dist/server/lib/trace/tracer.js:169:36)
    at NoopContextManager.with (file:///Users/lobby/Desktop/apps/portfolio/node_modules/next/dist/compiled/@opentelemetry/api/index.js:1:7062)
    at ContextAPI.with (file:///Users/lobby/Desktop/apps/portfolio/node_modules/next/dist/compiled/@opentelemetry/api/index.js:1:518)
    at NoopTracer.startActiveSpan (file:///Users/lobby/Desktop/apps/portfolio/node_modules/next/dist/compiled/@opentelemetry/api/index.js:1:18093)
    at ProxyTracer.startActiveSpan (file:///Users/lobby/Desktop/apps/portfolio/node_modules/next/dist/compiled/@opentelemetry/api/index.js:1:18854)
    at <unknown> (file:///Users/lobby/Desktop/apps/portfolio/node_modules/next/dist/server/lib/trace/tracer.js:151:103)
    at NoopContextManager.with (file:///Users/lobby/Desktop/apps/portfolio/node_modules/next/dist/compiled/@opentelemetry/api/index.js:1:7062)
    at ContextAPI.with (file:///Users/lobby/Desktop/apps/portfolio/node_modules/next/dist/compiled/@opentelemetry/api/index.js:1:518)
    at NextTracerImpl.trace (file:///Users/lobby/Desktop/apps/portfolio/node_modules/next/dist/server/lib/trace/tracer.js:151:28)
    at DevServer.findPageComponents (file:///Users/lobby/Desktop/apps/portfolio/node_modules/next/dist/server/next-server.js:781:41)
    at DevServer.findPageComponents (file:///Users/lobby/Desktop/apps/portfolio/node_modules/next/dist/server/dev/next-dev-server.js:628:28)
    at async DevServer.renderErrorToResponseImpl (file:///Users/lobby/Desktop/apps/portfolio/node_modules/next/dist/server/base-server.js:2604:26)
    at async pipe.req.req (file:///Users/lobby/Desktop/apps/portfolio/node_modules/next/dist/server/base-server.js:2526:30)
    at async DevServer.pipeImpl (file:///Users/lobby/Desktop/apps/portfolio/node_modules/next/dist/server/base-server.js:1003:25)
    at async NextNodeServer.handleCatchallRenderRequest (file:///Users/lobby/Desktop/apps/portfolio/node_modules/next/dist/server/next-server.js:319:21)
    at async DevServer.handleRequestImpl (file:///Users/lobby/Desktop/apps/portfolio/node_modules/next/dist/server/base-server.js:895:17)
    at async (file:///Users/lobby/Desktop/apps/portfolio/node_modules/next/dist/server/dev/next-dev-server.js:371:20)
    at async Span.traceAsyncFn (file:///Users/lobby/Desktop/apps/portfolio/node_modules/next/dist/trace/trace.js:157:20)
    at async DevServer.handleRequest (file:///Users/lobby/Desktop/apps/portfolio/node_modules/next/dist/server/dev/next-dev-server.js:368:24)
    at async invokeRender (file:///Users/lobby/Desktop/apps/portfolio/node_modules/next/dist/server/lib/router-server.js:235:21)
    at async handleRequest (file:///Users/lobby/Desktop/apps/portfolio/node_modules/next/dist/server/lib/router-server.js:426:24)
    at async requestHandlerImpl (file:///Users/lobby/Desktop/apps/portfolio/node_modules/next/dist/server/lib/router-server.js:450:13)
    at async Server.requestListener (file:///Users/lobby/Desktop/apps/portfolio/node_modules/next/dist/server/lib/start-server.js:158:13)
[   14468ms] [WARNING] [HMR] Invalid message: {"action":"isrManifest","data":{"/about":true,"/contact":true,"/changelog":true,"/resources":true,"/essays":true,"/context":true,"/companies":true,"/localhost":true,"/companies/coconut":true,"/_next/static/webpack/a9274d96aac81f28.webpack.hot-update.json":true,"/_next/static/chunks/main-app.js":true,"/_next/static/chunks/app-pages-internals.js":true,"/_next/static/chunks/app/page.js":true}}
TypeError: Cannot read properties of undefined (reading '__N_SSP')
    at handleStaticIndicator (webpack-internal:///(pages-dir-browser)/./node_modules/next/dist/client/components/react-dev-overlay/pages/hot-reloader-client.js:229:124)
    at processMessage (webpack-internal:///(pages-dir-browser)/./node_modules/next/dist/client/components/react-dev-overlay/pages/hot-reloader-client.js:244:17)
    at eval (webpack-internal:///(pages-dir-browser)/./node_modules/next/dist/client/components/react-dev-overlay/pages/hot-reloader-client.js:70:13)
    at WebSocket.handleMessage (webpack-internal:///(pages-dir-browser)/./node_modules/next/dist/client/components/react-dev-overlay/pages/websocket.js:65:17) @ webpack-internal:///(pages-dir-browser)/./node_modules/next/dist/client/components/react-dev-overlay/pages/hot-reloader-client.js:72
[   14667ms] [WARNING] [HMR] Invalid message: {"action":"isrManifest","data":{"/about":true,"/contact":true,"/changelog":true,"/resources":true,"/essays":true,"/context":true,"/companies":true,"/localhost":true,"/companies/coconut":true,"/_next/static/webpack/a9274d96aac81f28.webpack.hot-update.json":true,"/_next/static/chunks/main-app.js":true,"/_next/static/chunks/app-pages-internals.js":true,"/_next/static/chunks/app/page.js":true}}
TypeError: Cannot read properties of undefined (reading '__N_SSP')
    at handleStaticIndicator (webpack-internal:///(pages-dir-browser)/./node_modules/next/dist/client/components/react-dev-overlay/pages/hot-reloader-client.js:229:124)
    at processMessage (webpack-internal:///(pages-dir-browser)/./node_modules/next/dist/client/components/react-dev-overlay/pages/hot-reloader-client.js:244:17)
    at eval (webpack-internal:///(pages-dir-browser)/./node_modules/next/dist/client/components/react-dev-overlay/pages/hot-reloader-client.js:70:13)
    at WebSocket.handleMessage (webpack-internal:///(pages-dir-browser)/./node_modules/next/dist/client/components/react-dev-overlay/pages/websocket.js:65:17) @ webpack-internal:///(pages-dir-browser)/./node_modules/next/dist/client/components/react-dev-overlay/pages/hot-reloader-client.js:72
[   14671ms] [ERROR] Failed to load resource: the server responded with a status of 500 (Internal Server Error) @ http://localhost:3000/_next/static/webpack/aa167a3ac9a06ddc.webpack.hot-update.json:0
[   14671ms] [WARNING] [Fast Refresh] performing full reload

Fast Refresh will perform a full reload when you edit a file that's imported by modules outside of the React rendering tree.
You might have a file which exports a React component but also exports a value that is imported by a non-React component file.
Consider migrating the non-React component export to a separate file and importing it into both files.

It is also possible the parent component of the component you edited is a class component, which disables Fast Refresh.
Fast Refresh requires at least one parent function component in your React tree. @ webpack-internal:///(pages-dir-browser)/./node_modules/next/dist/client/components/react-dev-overlay/pages/hot-reloader-client.js:390
[   14702ms] [WARNING] [HMR] Invalid message: {"action":"isrManifest","data":{"/about":true,"/contact":true,"/changelog":true,"/resources":true,"/essays":true,"/context":true,"/companies":true,"/localhost":true,"/companies/coconut":true,"/_next/static/webpack/a9274d96aac81f28.webpack.hot-update.json":true,"/_next/static/chunks/main-app.js":true,"/_next/static/chunks/app-pages-internals.js":true,"/_next/static/chunks/app/page.js":true}}
TypeError: Cannot read properties of undefined (reading '__N_SSP')
    at handleStaticIndicator (webpack-internal:///(pages-dir-browser)/./node_modules/next/dist/client/components/react-dev-overlay/pages/hot-reloader-client.js:229:124)
    at processMessage (webpack-internal:///(pages-dir-browser)/./node_modules/next/dist/client/components/react-dev-overlay/pages/hot-reloader-client.js:244:17)
    at eval (webpack-internal:///(pages-dir-browser)/./node_modules/next/dist/client/components/react-dev-overlay/pages/hot-reloader-client.js:70:13)
    at WebSocket.handleMessage (webpack-internal:///(pages-dir-browser)/./node_modules/next/dist/client/components/react-dev-overlay/pages/websocket.js:65:17) @ webpack-internal:///(pages-dir-browser)/./node_modules/next/dist/client/components/react-dev-overlay/pages/hot-reloader-client.js:72
[   14736ms] [WARNING] [HMR] Invalid message: {"action":"isrManifest","data":{"/about":true,"/contact":true,"/changelog":true,"/resources":true,"/essays":true,"/context":true,"/companies":true,"/localhost":true,"/companies/coconut":true,"/_next/static/webpack/a9274d96aac81f28.webpack.hot-update.json":true,"/_next/static/chunks/main-app.js":true,"/_next/static/chunks/app-pages-internals.js":true,"/_next/static/chunks/app/page.js":true}}
TypeError: Cannot read properties of undefined (reading '__N_SSP')
    at handleStaticIndicator (webpack-internal:///(pages-dir-browser)/./node_modules/next/dist/client/components/react-dev-overlay/pages/hot-reloader-client.js:229:124)
    at processMessage (webpack-internal:///(pages-dir-browser)/./node_modules/next/dist/client/components/react-dev-overlay/pages/hot-reloader-client.js:244:17)
    at eval (webpack-internal:///(pages-dir-browser)/./node_modules/next/dist/client/components/react-dev-overlay/pages/hot-reloader-client.js:70:13)
    at WebSocket.handleMessage (webpack-internal:///(pages-dir-browser)/./node_modules/next/dist/client/components/react-dev-overlay/pages/websocket.js:65:17) @ webpack-internal:///(pages-dir-browser)/./node_modules/next/dist/client/components/react-dev-overlay/pages/hot-reloader-client.js:72
[   14754ms] [ERROR] Failed to load resource: the server responded with a status of 500 (Internal Server Error) @ http://localhost:3000/favicon.ico:0
[   14756ms] [ERROR] Failed to load resource: the server responded with a status of 500 (Internal Server Error) @ http://localhost:3000/:0
[   15052ms] Error: ENOENT: no such file or directory, open '/Users/lobby/Desktop/apps/portfolio/.next/server/pages/_document.js'
    at Object.readFileSync (node:fs:448:20)
    at getMaybeCachedSource (node:internal/modules/cjs/loader:1492:18)
    at Module._extensions..js (node:internal/modules/cjs/loader:1504:19)
    at Module.load (node:internal/modules/cjs/loader:1288:32)
    at Module._load (node:internal/modules/cjs/loader:1104:12)
    at Module.require (node:internal/modules/cjs/loader:1311:19)
    at mod.require (file:///Users/lobby/Desktop/apps/portfolio/node_modules/next/dist/server/require-hook.js:65:28)
    at require (node:internal/modules/helpers:179:18)
    at requirePage (file:///Users/lobby/Desktop/apps/portfolio/node_modules/next/dist/server/require.js:103:84)
    at loadComponentsImpl (file:///Users/lobby/Desktop/apps/portfolio/node_modules/next/dist/server/load-components.js:85:38)
    at DevServer.findPageComponentsImpl (file:///Users/lobby/Desktop/apps/portfolio/node_modules/next/dist/server/next-server.js:808:77)
    at <unknown> (file:///Users/lobby/Desktop/apps/portfolio/node_modules/next/dist/server/next-server.js:786:21)
    at <unknown> (file:///Users/lobby/Desktop/apps/portfolio/node_modules/next/dist/server/lib/trace/tracer.js:169:36)
    at NoopContextManager.with (file:///Users/lobby/Desktop/apps/portfolio/node_modules/next/dist/compiled/@opentelemetry/api/index.js:1:7062)
    at ContextAPI.with (file:///Users/lobby/Desktop/apps/portfolio/node_modules/next/dist/compiled/@opentelemetry/api/index.js:1:518)
    at NoopTracer.startActiveSpan (file:///Users/lobby/Desktop/apps/portfolio/node_modules/next/dist/compiled/@opentelemetry/api/index.js:1:18093)
    at ProxyTracer.startActiveSpan (file:///Users/lobby/Desktop/apps/portfolio/node_modules/next/dist/compiled/@opentelemetry/api/index.js:1:18854)
    at <unknown> (file:///Users/lobby/Desktop/apps/portfolio/node_modules/next/dist/server/lib/trace/tracer.js:151:103)
    at NoopContextManager.with (file:///Users/lobby/Desktop/apps/portfolio/node_modules/next/dist/compiled/@opentelemetry/api/index.js:1:7062)
    at ContextAPI.with (file:///Users/lobby/Desktop/apps/portfolio/node_modules/next/dist/compiled/@opentelemetry/api/index.js:1:518)
    at NextTracerImpl.trace (file:///Users/lobby/Desktop/apps/portfolio/node_modules/next/dist/server/lib/trace/tracer.js:151:28)
    at DevServer.findPageComponents (file:///Users/lobby/Desktop/apps/portfolio/node_modules/next/dist/server/next-server.js:781:41)
    at DevServer.findPageComponents (file:///Users/lobby/Desktop/apps/portfolio/node_modules/next/dist/server/dev/next-dev-server.js:628:28)
    at async DevServer.renderErrorToResponseImpl (file:///Users/lobby/Desktop/apps/portfolio/node_modules/next/dist/server/base-server.js:2604:26)
    at async pipe.req.req (file:///Users/lobby/Desktop/apps/portfolio/node_modules/next/dist/server/base-server.js:2526:30)
    at async DevServer.pipeImpl (file:///Users/lobby/Desktop/apps/portfolio/node_modules/next/dist/server/base-server.js:1003:25)
    at async NextNodeServer.handleCatchallRenderRequest (file:///Users/lobby/Desktop/apps/portfolio/node_modules/next/dist/server/next-server.js:319:21)
    at async DevServer.handleRequestImpl (file:///Users/lobby/Desktop/apps/portfolio/node_modules/next/dist/server/base-server.js:895:17)
    at async (file:///Users/lobby/Desktop/apps/portfolio/node_modules/next/dist/server/dev/next-dev-server.js:371:20)
    at async Span.traceAsyncFn (file:///Users/lobby/Desktop/apps/portfolio/node_modules/next/dist/trace/trace.js:157:20)
    at async DevServer.handleRequest (file:///Users/lobby/Desktop/apps/portfolio/node_modules/next/dist/server/dev/next-dev-server.js:368:24)
    at async invokeRender (file:///Users/lobby/Desktop/apps/portfolio/node_modules/next/dist/server/lib/router-server.js:235:21)
    at async handleRequest (file:///Users/lobby/Desktop/apps/portfolio/node_modules/next/dist/server/lib/router-server.js:426:24)
    at async requestHandlerImpl (file:///Users/lobby/Desktop/apps/portfolio/node_modules/next/dist/server/lib/router-server.js:450:13)
    at async Server.requestListener (file:///Users/lobby/Desktop/apps/portfolio/node_modules/next/dist/server/lib/start-server.js:158:13)
[   15005ms] [WARNING] [HMR] Invalid message: {"action":"isrManifest","data":{"/about":true,"/contact":true,"/changelog":true,"/resources":true,"/essays":true,"/context":true,"/companies":true,"/localhost":true,"/companies/coconut":true,"/_next/static/webpack/a9274d96aac81f28.webpack.hot-update.json":true,"/_next/static/chunks/main-app.js":true,"/_next/static/chunks/app-pages-internals.js":true,"/_next/static/chunks/app/page.js":true}}
TypeError: Cannot read properties of undefined (reading '__N_SSP')
    at handleStaticIndicator (webpack-internal:///(pages-dir-browser)/./node_modules/next/dist/client/components/react-dev-overlay/pages/hot-reloader-client.js:229:124)
    at processMessage (webpack-internal:///(pages-dir-browser)/./node_modules/next/dist/client/components/react-dev-overlay/pages/hot-reloader-client.js:244:17)
    at eval (webpack-internal:///(pages-dir-browser)/./node_modules/next/dist/client/components/react-dev-overlay/pages/hot-reloader-client.js:70:13)
    at WebSocket.handleMessage (webpack-internal:///(pages-dir-browser)/./node_modules/next/dist/client/components/react-dev-overlay/pages/websocket.js:65:17) @ webpack-internal:///(pages-dir-browser)/./node_modules/next/dist/client/components/react-dev-overlay/pages/hot-reloader-client.js:72
[   15296ms] [WARNING] [HMR] Invalid message: {"action":"isrManifest","data":{"/about":true,"/contact":true,"/changelog":true,"/resources":true,"/essays":true,"/context":true,"/companies":true,"/localhost":true,"/companies/coconut":true,"/_next/static/webpack/a9274d96aac81f28.webpack.hot-update.json":true,"/_next/static/chunks/main-app.js":true,"/_next/static/chunks/app-pages-internals.js":true,"/_next/static/chunks/app/page.js":true}}
TypeError: Cannot read properties of undefined (reading '__N_SSP')
    at handleStaticIndicator (webpack-internal:///(pages-dir-browser)/./node_modules/next/dist/client/components/react-dev-overlay/pages/hot-reloader-client.js:229:124)
    at processMessage (webpack-internal:///(pages-dir-browser)/./node_modules/next/dist/client/components/react-dev-overlay/pages/hot-reloader-client.js:244:17)
    at eval (webpack-internal:///(pages-dir-browser)/./node_modules/next/dist/client/components/react-dev-overlay/pages/hot-reloader-client.js:70:13)
    at WebSocket.handleMessage (webpack-internal:///(pages-dir-browser)/./node_modules/next/dist/client/components/react-dev-overlay/pages/websocket.js:65:17) @ webpack-internal:///(pages-dir-browser)/./node_modules/next/dist/client/components/react-dev-overlay/pages/hot-reloader-client.js:72
[   15301ms] [ERROR] Failed to load resource: the server responded with a status of 500 (Internal Server Error) @ http://localhost:3000/_next/static/webpack/aa167a3ac9a06ddc.webpack.hot-update.json:0
[   15301ms] [WARNING] [Fast Refresh] performing full reload

Fast Refresh will perform a full reload when you edit a file that's imported by modules outside of the React rendering tree.
You might have a file which exports a React component but also exports a value that is imported by a non-React component file.
Consider migrating the non-React component export to a separate file and importing it into both files.

It is also possible the parent component of the component you edited is a class component, which disables Fast Refresh.
Fast Refresh requires at least one parent function component in your React tree. @ webpack-internal:///(pages-dir-browser)/./node_modules/next/dist/client/components/react-dev-overlay/pages/hot-reloader-client.js:390
[   15334ms] [ERROR] Failed to load resource: the server responded with a status of 500 (Internal Server Error) @ http://localhost:3000/favicon.ico:0
[   15357ms] [WARNING] [HMR] Invalid message: {"action":"isrManifest","data":{"/about":true,"/contact":true,"/changelog":true,"/resources":true,"/essays":true,"/context":true,"/companies":true,"/localhost":true,"/companies/coconut":true,"/_next/static/webpack/a9274d96aac81f28.webpack.hot-update.json":true,"/_next/static/chunks/main-app.js":true,"/_next/static/chunks/app-pages-internals.js":true,"/_next/static/chunks/app/page.js":true}}
TypeError: Cannot read properties of undefined (reading '__N_SSP')
    at handleStaticIndicator (webpack-internal:///(pages-dir-browser)/./node_modules/next/dist/client/components/react-dev-overlay/pages/hot-reloader-client.js:229:124)
    at processMessage (webpack-internal:///(pages-dir-browser)/./node_modules/next/dist/client/components/react-dev-overlay/pages/hot-reloader-client.js:244:17)
    at eval (webpack-internal:///(pages-dir-browser)/./node_modules/next/dist/client/components/react-dev-overlay/pages/hot-reloader-client.js:70:13)
    at WebSocket.handleMessage (webpack-internal:///(pages-dir-browser)/./node_modules/next/dist/client/components/react-dev-overlay/pages/websocket.js:65:17) @ webpack-internal:///(pages-dir-browser)/./node_modules/next/dist/client/components/react-dev-overlay/pages/hot-reloader-client.js:72
[   15735ms] [WARNING] [HMR] Invalid message: {"action":"isrManifest","data":{"/about":true,"/contact":true,"/changelog":true,"/resources":true,"/essays":true,"/context":true,"/companies":true,"/localhost":true,"/companies/coconut":true,"/_next/static/webpack/a9274d96aac81f28.webpack.hot-update.json":true,"/_next/static/chunks/main-app.js":true,"/_next/static/chunks/app-pages-internals.js":true,"/_next/static/chunks/app/page.js":true}}
TypeError: Cannot read properties of undefined (reading '__N_SSP')
    at handleStaticIndicator (webpack-internal:///(pages-dir-browser)/./node_modules/next/dist/client/components/react-dev-overlay/pages/hot-reloader-client.js:229:124)
    at processMessage (webpack-internal:///(pages-dir-browser)/./node_modules/next/dist/client/components/react-dev-overlay/pages/hot-reloader-client.js:244:17)
    at eval (webpack-internal:///(pages-dir-browser)/./node_modules/next/dist/client/components/react-dev-overlay/pages/hot-reloader-client.js:70:13)
    at WebSocket.handleMessage (webpack-internal:///(pages-dir-browser)/./node_modules/next/dist/client/components/react-dev-overlay/pages/websocket.js:65:17) @ webpack-internal:///(pages-dir-browser)/./node_modules/next/dist/client/components/react-dev-overlay/pages/hot-reloader-client.js:72
[   15773ms] [WARNING] [HMR] Invalid message: {"action":"isrManifest","data":{"/about":true,"/contact":true,"/changelog":true,"/resources":true,"/essays":true,"/context":true,"/companies":true,"/localhost":true,"/companies/coconut":true,"/_next/static/webpack/a9274d96aac81f28.webpack.hot-update.json":true,"/_next/static/chunks/main-app.js":true,"/_next/static/chunks/app-pages-internals.js":true,"/_next/static/chunks/app/page.js":true}}
TypeError: Cannot read properties of undefined (reading '__N_SSP')
    at handleStaticIndicator (webpack-internal:///(pages-dir-browser)/./node_modules/next/dist/client/components/react-dev-overlay/pages/hot-reloader-client.js:229:124)
    at processMessage (webpack-internal:///(pages-dir-browser)/./node_modules/next/dist/client/components/react-dev-overlay/pages/hot-reloader-client.js:244:17)
    at eval (webpack-internal:///(pages-dir-browser)/./node_modules/next/dist/client/components/react-dev-overlay/pages/hot-reloader-client.js:70:13)
    at WebSocket.handleMessage (webpack-internal:///(pages-dir-browser)/./node_modules/next/dist/client/components/react-dev-overlay/pages/websocket.js:65:17) @ webpack-internal:///(pages-dir-browser)/./node_modules/next/dist/client/components/react-dev-overlay/pages/hot-reloader-client.js:72
[   15776ms] [ERROR] Failed to load resource: the server responded with a status of 500 (Internal Server Error) @ http://localhost:3000/:0
[   15985ms] Error: ENOENT: no such file or directory, open '/Users/lobby/Desktop/apps/portfolio/.next/server/pages/_document.js'
    at Object.readFileSync (node:fs:448:20)
    at getMaybeCachedSource (node:internal/modules/cjs/loader:1492:18)
    at Module._extensions..js (node:internal/modules/cjs/loader:1504:19)
    at Module.load (node:internal/modules/cjs/loader:1288:32)
    at Module._load (node:internal/modules/cjs/loader:1104:12)
    at Module.require (node:internal/modules/cjs/loader:1311:19)
    at mod.require (file:///Users/lobby/Desktop/apps/portfolio/node_modules/next/dist/server/require-hook.js:65:28)
    at require (node:internal/modules/helpers:179:18)
    at requirePage (file:///Users/lobby/Desktop/apps/portfolio/node_modules/next/dist/server/require.js:103:84)
    at loadComponentsImpl (file:///Users/lobby/Desktop/apps/portfolio/node_modules/next/dist/server/load-components.js:85:38)
    at DevServer.findPageComponentsImpl (file:///Users/lobby/Desktop/apps/portfolio/node_modules/next/dist/server/next-server.js:808:77)
    at <unknown> (file:///Users/lobby/Desktop/apps/portfolio/node_modules/next/dist/server/next-server.js:786:21)
    at <unknown> (file:///Users/lobby/Desktop/apps/portfolio/node_modules/next/dist/server/lib/trace/tracer.js:169:36)
    at NoopContextManager.with (file:///Users/lobby/Desktop/apps/portfolio/node_modules/next/dist/compiled/@opentelemetry/api/index.js:1:7062)
    at ContextAPI.with (file:///Users/lobby/Desktop/apps/portfolio/node_modules/next/dist/compiled/@opentelemetry/api/index.js:1:518)
    at NoopTracer.startActiveSpan (file:///Users/lobby/Desktop/apps/portfolio/node_modules/next/dist/compiled/@opentelemetry/api/index.js:1:18093)
    at ProxyTracer.startActiveSpan (file:///Users/lobby/Desktop/apps/portfolio/node_modules/next/dist/compiled/@opentelemetry/api/index.js:1:18854)
    at <unknown> (file:///Users/lobby/Desktop/apps/portfolio/node_modules/next/dist/server/lib/trace/tracer.js:151:103)
    at NoopContextManager.with (file:///Users/lobby/Desktop/apps/portfolio/node_modules/next/dist/compiled/@opentelemetry/api/index.js:1:7062)
    at ContextAPI.with (file:///Users/lobby/Desktop/apps/portfolio/node_modules/next/dist/compiled/@opentelemetry/api/index.js:1:518)
    at NextTracerImpl.trace (file:///Users/lobby/Desktop/apps/portfolio/node_modules/next/dist/server/lib/trace/tracer.js:151:28)
    at DevServer.findPageComponents (file:///Users/lobby/Desktop/apps/portfolio/node_modules/next/dist/server/next-server.js:781:41)
    at DevServer.findPageComponents (file:///Users/lobby/Desktop/apps/portfolio/node_modules/next/dist/server/dev/next-dev-server.js:628:28)
    at async DevServer.renderErrorToResponseImpl (file:///Users/lobby/Desktop/apps/portfolio/node_modules/next/dist/server/base-server.js:2604:26)
    at async pipe.req.req (file:///Users/lobby/Desktop/apps/portfolio/node_modules/next/dist/server/base-server.js:2526:30)
    at async DevServer.pipeImpl (file:///Users/lobby/Desktop/apps/portfolio/node_modules/next/dist/server/base-server.js:1003:25)
    at async NextNodeServer.handleCatchallRenderRequest (file:///Users/lobby/Desktop/apps/portfolio/node_modules/next/dist/server/next-server.js:319:21)
    at async DevServer.handleRequestImpl (file:///Users/lobby/Desktop/apps/portfolio/node_modules/next/dist/server/base-server.js:895:17)
    at async (file:///Users/lobby/Desktop/apps/portfolio/node_modules/next/dist/server/dev/next-dev-server.js:371:20)
    at async Span.traceAsyncFn (file:///Users/lobby/Desktop/apps/portfolio/node_modules/next/dist/trace/trace.js:157:20)
    at async DevServer.handleRequest (file:///Users/lobby/Desktop/apps/portfolio/node_modules/next/dist/server/dev/next-dev-server.js:368:24)
    at async invokeRender (file:///Users/lobby/Desktop/apps/portfolio/node_modules/next/dist/server/lib/router-server.js:235:21)
    at async handleRequest (file:///Users/lobby/Desktop/apps/portfolio/node_modules/next/dist/server/lib/router-server.js:426:24)
    at async requestHandlerImpl (file:///Users/lobby/Desktop/apps/portfolio/node_modules/next/dist/server/lib/router-server.js:450:13)
    at async Server.requestListener (file:///Users/lobby/Desktop/apps/portfolio/node_modules/next/dist/server/lib/start-server.js:158:13)
[   15986ms] [WARNING] [HMR] Invalid message: {"action":"isrManifest","data":{"/about":true,"/contact":true,"/changelog":true,"/resources":true,"/essays":true,"/context":true,"/companies":true,"/localhost":true,"/companies/coconut":true,"/_next/static/webpack/a9274d96aac81f28.webpack.hot-update.json":true,"/_next/static/chunks/main-app.js":true,"/_next/static/chunks/app-pages-internals.js":true,"/_next/static/chunks/app/page.js":true}}
TypeError: Cannot read properties of undefined (reading '__N_SSP')
    at handleStaticIndicator (webpack-internal:///(pages-dir-browser)/./node_modules/next/dist/client/components/react-dev-overlay/pages/hot-reloader-client.js:229:124)
    at processMessage (webpack-internal:///(pages-dir-browser)/./node_modules/next/dist/client/components/react-dev-overlay/pages/hot-reloader-client.js:244:17)
    at eval (webpack-internal:///(pages-dir-browser)/./node_modules/next/dist/client/components/react-dev-overlay/pages/hot-reloader-client.js:70:13)
    at WebSocket.handleMessage (webpack-internal:///(pages-dir-browser)/./node_modules/next/dist/client/components/react-dev-overlay/pages/websocket.js:65:17) @ webpack-internal:///(pages-dir-browser)/./node_modules/next/dist/client/components/react-dev-overlay/pages/hot-reloader-client.js:72
[   16177ms] [WARNING] [HMR] Invalid message: {"action":"isrManifest","data":{"/about":true,"/contact":true,"/changelog":true,"/resources":true,"/essays":true,"/context":true,"/companies":true,"/localhost":true,"/companies/coconut":true,"/_next/static/webpack/a9274d96aac81f28.webpack.hot-update.json":true,"/_next/static/chunks/main-app.js":true,"/_next/static/chunks/app-pages-internals.js":true,"/_next/static/chunks/app/page.js":true}}
TypeError: Cannot read properties of undefined (reading '__N_SSP')
    at handleStaticIndicator (webpack-internal:///(pages-dir-browser)/./node_modules/next/dist/client/components/react-dev-overlay/pages/hot-reloader-client.js:229:124)
    at processMessage (webpack-internal:///(pages-dir-browser)/./node_modules/next/dist/client/components/react-dev-overlay/pages/hot-reloader-client.js:244:17)
    at eval (webpack-internal:///(pages-dir-browser)/./node_modules/next/dist/client/components/react-dev-overlay/pages/hot-reloader-client.js:70:13)
    at WebSocket.handleMessage (webpack-internal:///(pages-dir-browser)/./node_modules/next/dist/client/components/react-dev-overlay/pages/websocket.js:65:17) @ webpack-internal:///(pages-dir-browser)/./node_modules/next/dist/client/components/react-dev-overlay/pages/hot-reloader-client.js:72
[   16181ms] [ERROR] Failed to load resource: the server responded with a status of 500 (Internal Server Error) @ http://localhost:3000/_next/static/webpack/aa167a3ac9a06ddc.webpack.hot-update.json:0
[   16181ms] [WARNING] [Fast Refresh] performing full reload

Fast Refresh will perform a full reload when you edit a file that's imported by modules outside of the React rendering tree.
You might have a file which exports a React component but also exports a value that is imported by a non-React component file.
Consider migrating the non-React component export to a separate file and importing it into both files.

It is also possible the parent component of the component you edited is a class component, which disables Fast Refresh.
Fast Refresh requires at least one parent function component in your React tree. @ webpack-internal:///(pages-dir-browser)/./node_modules/next/dist/client/components/react-dev-overlay/pages/hot-reloader-client.js:390
[   16218ms] [WARNING] [HMR] Invalid message: {"action":"isrManifest","data":{"/about":true,"/contact":true,"/changelog":true,"/resources":true,"/essays":true,"/context":true,"/companies":true,"/localhost":true,"/companies/coconut":true,"/_next/static/webpack/a9274d96aac81f28.webpack.hot-update.json":true,"/_next/static/chunks/main-app.js":true,"/_next/static/chunks/app-pages-internals.js":true,"/_next/static/chunks/app/page.js":true}}
TypeError: Cannot read properties of undefined (reading '__N_SSP')
    at handleStaticIndicator (webpack-internal:///(pages-dir-browser)/./node_modules/next/dist/client/components/react-dev-overlay/pages/hot-reloader-client.js:229:124)
    at processMessage (webpack-internal:///(pages-dir-browser)/./node_modules/next/dist/client/components/react-dev-overlay/pages/hot-reloader-client.js:244:17)
    at eval (webpack-internal:///(pages-dir-browser)/./node_modules/next/dist/client/components/react-dev-overlay/pages/hot-reloader-client.js:70:13)
    at WebSocket.handleMessage (webpack-internal:///(pages-dir-browser)/./node_modules/next/dist/client/components/react-dev-overlay/pages/websocket.js:65:17) @ webpack-internal:///(pages-dir-browser)/./node_modules/next/dist/client/components/react-dev-overlay/pages/hot-reloader-client.js:72
[   16267ms] [ERROR] Failed to load resource: the server responded with a status of 500 (Internal Server Error) @ http://localhost:3000/favicon.ico:0
[   16728ms] [WARNING] [HMR] Invalid message: {"action":"isrManifest","data":{"/about":true,"/contact":true,"/changelog":true,"/resources":true,"/essays":true,"/context":true,"/companies":true,"/localhost":true,"/companies/coconut":true,"/_next/static/webpack/a9274d96aac81f28.webpack.hot-update.json":true,"/_next/static/chunks/main-app.js":true,"/_next/static/chunks/app-pages-internals.js":true,"/_next/static/chunks/app/page.js":true}}
TypeError: Cannot read properties of undefined (reading '__N_SSP')
    at handleStaticIndicator (webpack-internal:///(pages-dir-browser)/./node_modules/next/dist/client/components/react-dev-overlay/pages/hot-reloader-client.js:229:124)
    at processMessage (webpack-internal:///(pages-dir-browser)/./node_modules/next/dist/client/components/react-dev-overlay/pages/hot-reloader-client.js:244:17)
    at eval (webpack-internal:///(pages-dir-browser)/./node_modules/next/dist/client/components/react-dev-overlay/pages/hot-reloader-client.js:70:13)
    at WebSocket.handleMessage (webpack-internal:///(pages-dir-browser)/./node_modules/next/dist/client/components/react-dev-overlay/pages/websocket.js:65:17) @ webpack-internal:///(pages-dir-browser)/./node_modules/next/dist/client/components/react-dev-overlay/pages/hot-reloader-client.js:72
[   16775ms] [WARNING] [HMR] Invalid message: {"action":"isrManifest","data":{"/about":true,"/contact":true,"/changelog":true,"/resources":true,"/essays":true,"/context":true,"/companies":true,"/localhost":true,"/companies/coconut":true,"/_next/static/webpack/a9274d96aac81f28.webpack.hot-update.json":true,"/_next/static/chunks/main-app.js":true,"/_next/static/chunks/app-pages-internals.js":true,"/_next/static/chunks/app/page.js":true}}
TypeError: Cannot read properties of undefined (reading '__N_SSP')
    at handleStaticIndicator (webpack-internal:///(pages-dir-browser)/./node_modules/next/dist/client/components/react-dev-overlay/pages/hot-reloader-client.js:229:124)
    at processMessage (webpack-internal:///(pages-dir-browser)/./node_modules/next/dist/client/components/react-dev-overlay/pages/hot-reloader-client.js:244:17)
    at eval (webpack-internal:///(pages-dir-browser)/./node_modules/next/dist/client/components/react-dev-overlay/pages/hot-reloader-client.js:70:13)
    at WebSocket.handleMessage (webpack-internal:///(pages-dir-browser)/./node_modules/next/dist/client/components/react-dev-overlay/pages/websocket.js:65:17) @ webpack-internal:///(pages-dir-browser)/./node_modules/next/dist/client/components/react-dev-overlay/pages/hot-reloader-client.js:72
[   16783ms] [ERROR] Failed to load resource: the server responded with a status of 500 (Internal Server Error) @ http://localhost:3000/:0
[   17032ms] Error: ENOENT: no such file or directory, open '/Users/lobby/Desktop/apps/portfolio/.next/server/pages/_document.js'
    at Object.readFileSync (node:fs:448:20)
    at getMaybeCachedSource (node:internal/modules/cjs/loader:1492:18)
    at Module._extensions..js (node:internal/modules/cjs/loader:1504:19)
    at Module.load (node:internal/modules/cjs/loader:1288:32)
    at Module._load (node:internal/modules/cjs/loader:1104:12)
    at Module.require (node:internal/modules/cjs/loader:1311:19)
    at mod.require (file:///Users/lobby/Desktop/apps/portfolio/node_modules/next/dist/server/require-hook.js:65:28)
    at require (node:internal/modules/helpers:179:18)
    at requirePage (file:///Users/lobby/Desktop/apps/portfolio/node_modules/next/dist/server/require.js:103:84)
    at loadComponentsImpl (file:///Users/lobby/Desktop/apps/portfolio/node_modules/next/dist/server/load-components.js:85:38)
    at DevServer.findPageComponentsImpl (file:///Users/lobby/Desktop/apps/portfolio/node_modules/next/dist/server/next-server.js:808:77)
    at <unknown> (file:///Users/lobby/Desktop/apps/portfolio/node_modules/next/dist/server/next-server.js:786:21)
    at <unknown> (file:///Users/lobby/Desktop/apps/portfolio/node_modules/next/dist/server/lib/trace/tracer.js:169:36)
    at NoopContextManager.with (file:///Users/lobby/Desktop/apps/portfolio/node_modules/next/dist/compiled/@opentelemetry/api/index.js:1:7062)
    at ContextAPI.with (file:///Users/lobby/Desktop/apps/portfolio/node_modules/next/dist/compiled/@opentelemetry/api/index.js:1:518)
    at NoopTracer.startActiveSpan (file:///Users/lobby/Desktop/apps/portfolio/node_modules/next/dist/compiled/@opentelemetry/api/index.js:1:18093)
    at ProxyTracer.startActiveSpan (file:///Users/lobby/Desktop/apps/portfolio/node_modules/next/dist/compiled/@opentelemetry/api/index.js:1:18854)
    at <unknown> (file:///Users/lobby/Desktop/apps/portfolio/node_modules/next/dist/server/lib/trace/tracer.js:151:103)
    at NoopContextManager.with (file:///Users/lobby/Desktop/apps/portfolio/node_modules/next/dist/compiled/@opentelemetry/api/index.js:1:7062)
    at ContextAPI.with (file:///Users/lobby/Desktop/apps/portfolio/node_modules/next/dist/compiled/@opentelemetry/api/index.js:1:518)
    at NextTracerImpl.trace (file:///Users/lobby/Desktop/apps/portfolio/node_modules/next/dist/server/lib/trace/tracer.js:151:28)
    at DevServer.findPageComponents (file:///Users/lobby/Desktop/apps/portfolio/node_modules/next/dist/server/next-server.js:781:41)
    at DevServer.findPageComponents (file:///Users/lobby/Desktop/apps/portfolio/node_modules/next/dist/server/dev/next-dev-server.js:628:28)
    at async DevServer.renderErrorToResponseImpl (file:///Users/lobby/Desktop/apps/portfolio/node_modules/next/dist/server/base-server.js:2604:26)
    at async pipe.req.req (file:///Users/lobby/Desktop/apps/portfolio/node_modules/next/dist/server/base-server.js:2526:30)
    at async DevServer.pipeImpl (file:///Users/lobby/Desktop/apps/portfolio/node_modules/next/dist/server/base-server.js:1003:25)
    at async NextNodeServer.handleCatchallRenderRequest (file:///Users/lobby/Desktop/apps/portfolio/node_modules/next/dist/server/next-server.js:319:21)
    at async DevServer.handleRequestImpl (file:///Users/lobby/Desktop/apps/portfolio/node_modules/next/dist/server/base-server.js:895:17)
    at async (file:///Users/lobby/Desktop/apps/portfolio/node_modules/next/dist/server/dev/next-dev-server.js:371:20)
    at async Span.traceAsyncFn (file:///Users/lobby/Desktop/apps/portfolio/node_modules/next/dist/trace/trace.js:157:20)
    at async DevServer.handleRequest (file:///Users/lobby/Desktop/apps/portfolio/node_modules/next/dist/server/dev/next-dev-server.js:368:24)
    at async invokeRender (file:///Users/lobby/Desktop/apps/portfolio/node_modules/next/dist/server/lib/router-server.js:235:21)
    at async handleRequest (file:///Users/lobby/Desktop/apps/portfolio/node_modules/next/dist/server/lib/router-server.js:426:24)
    at async requestHandlerImpl (file:///Users/lobby/Desktop/apps/portfolio/node_modules/next/dist/server/lib/router-server.js:450:13)
    at async Server.requestListener (file:///Users/lobby/Desktop/apps/portfolio/node_modules/next/dist/server/lib/start-server.js:158:13)
[   17033ms] [WARNING] [HMR] Invalid message: {"action":"isrManifest","data":{"/about":true,"/contact":true,"/changelog":true,"/resources":true,"/essays":true,"/context":true,"/companies":true,"/localhost":true,"/companies/coconut":true,"/_next/static/webpack/a9274d96aac81f28.webpack.hot-update.json":true,"/_next/static/chunks/main-app.js":true,"/_next/static/chunks/app-pages-internals.js":true,"/_next/static/chunks/app/page.js":true}}
TypeError: Cannot read properties of undefined (reading '__N_SSP')
    at handleStaticIndicator (webpack-internal:///(pages-dir-browser)/./node_modules/next/dist/client/components/react-dev-overlay/pages/hot-reloader-client.js:229:124)
    at processMessage (webpack-internal:///(pages-dir-browser)/./node_modules/next/dist/client/components/react-dev-overlay/pages/hot-reloader-client.js:244:17)
    at eval (webpack-internal:///(pages-dir-browser)/./node_modules/next/dist/client/components/react-dev-overlay/pages/hot-reloader-client.js:70:13)
    at WebSocket.handleMessage (webpack-internal:///(pages-dir-browser)/./node_modules/next/dist/client/components/react-dev-overlay/pages/websocket.js:65:17) @ webpack-internal:///(pages-dir-browser)/./node_modules/next/dist/client/components/react-dev-overlay/pages/hot-reloader-client.js:72
[   17307ms] [WARNING] [HMR] Invalid message: {"action":"isrManifest","data":{"/about":true,"/contact":true,"/changelog":true,"/resources":true,"/essays":true,"/context":true,"/companies":true,"/localhost":true,"/companies/coconut":true,"/_next/static/webpack/a9274d96aac81f28.webpack.hot-update.json":true,"/_next/static/chunks/main-app.js":true,"/_next/static/chunks/app-pages-internals.js":true,"/_next/static/chunks/app/page.js":true}}
TypeError: Cannot read properties of undefined (reading '__N_SSP')
    at handleStaticIndicator (webpack-internal:///(pages-dir-browser)/./node_modules/next/dist/client/components/react-dev-overlay/pages/hot-reloader-client.js:229:124)
    at processMessage (webpack-internal:///(pages-dir-browser)/./node_modules/next/dist/client/components/react-dev-overlay/pages/hot-reloader-client.js:244:17)
    at eval (webpack-internal:///(pages-dir-browser)/./node_modules/next/dist/client/components/react-dev-overlay/pages/hot-reloader-client.js:70:13)
    at WebSocket.handleMessage (webpack-internal:///(pages-dir-browser)/./node_modules/next/dist/client/components/react-dev-overlay/pages/websocket.js:65:17) @ webpack-internal:///(pages-dir-browser)/./node_modules/next/dist/client/components/react-dev-overlay/pages/hot-reloader-client.js:72
[   17323ms] [ERROR] Failed to load resource: the server responded with a status of 500 (Internal Server Error) @ http://localhost:3000/_next/static/webpack/aa167a3ac9a06ddc.webpack.hot-update.json:0
[   17324ms] [WARNING] [Fast Refresh] performing full reload

Fast Refresh will perform a full reload when you edit a file that's imported by modules outside of the React rendering tree.
You might have a file which exports a React component but also exports a value that is imported by a non-React component file.
Consider migrating the non-React component export to a separate file and importing it into both files.

It is also possible the parent component of the component you edited is a class component, which disables Fast Refresh.
Fast Refresh requires at least one parent function component in your React tree. @ webpack-internal:///(pages-dir-browser)/./node_modules/next/dist/client/components/react-dev-overlay/pages/hot-reloader-client.js:390
[   17359ms] [ERROR] Failed to load resource: the server responded with a status of 500 (Internal Server Error) @ http://localhost:3000/favicon.ico:0
[   17403ms] [WARNING] [HMR] Invalid message: {"action":"isrManifest","data":{"/about":true,"/contact":true,"/changelog":true,"/resources":true,"/essays":true,"/context":true,"/companies":true,"/localhost":true,"/companies/coconut":true,"/_next/static/webpack/a9274d96aac81f28.webpack.hot-update.json":true,"/_next/static/chunks/main-app.js":true,"/_next/static/chunks/app-pages-internals.js":true,"/_next/static/chunks/app/page.js":true}}
TypeError: Cannot read properties of undefined (reading '__N_SSP')
    at handleStaticIndicator (webpack-internal:///(pages-dir-browser)/./node_modules/next/dist/client/components/react-dev-overlay/pages/hot-reloader-client.js:229:124)
    at processMessage (webpack-internal:///(pages-dir-browser)/./node_modules/next/dist/client/components/react-dev-overlay/pages/hot-reloader-client.js:244:17)
    at eval (webpack-internal:///(pages-dir-browser)/./node_modules/next/dist/client/components/react-dev-overlay/pages/hot-reloader-client.js:70:13)
    at WebSocket.handleMessage (webpack-internal:///(pages-dir-browser)/./node_modules/next/dist/client/components/react-dev-overlay/pages/websocket.js:65:17) @ webpack-internal:///(pages-dir-browser)/./node_modules/next/dist/client/components/react-dev-overlay/pages/hot-reloader-client.js:72
[   17936ms] [WARNING] [HMR] Invalid message: {"action":"isrManifest","data":{"/about":true,"/contact":true,"/changelog":true,"/resources":true,"/essays":true,"/context":true,"/companies":true,"/localhost":true,"/companies/coconut":true,"/_next/static/webpack/a9274d96aac81f28.webpack.hot-update.json":true,"/_next/static/chunks/main-app.js":true,"/_next/static/chunks/app-pages-internals.js":true,"/_next/static/chunks/app/page.js":true}}
TypeError: Cannot read properties of undefined (reading '__N_SSP')
    at handleStaticIndicator (webpack-internal:///(pages-dir-browser)/./node_modules/next/dist/client/components/react-dev-overlay/pages/hot-reloader-client.js:229:124)
    at processMessage (webpack-internal:///(pages-dir-browser)/./node_modules/next/dist/client/components/react-dev-overlay/pages/hot-reloader-client.js:244:17)
    at eval (webpack-internal:///(pages-dir-browser)/./node_modules/next/dist/client/components/react-dev-overlay/pages/hot-reloader-client.js:70:13)
    at WebSocket.handleMessage (webpack-internal:///(pages-dir-browser)/./node_modules/next/dist/client/components/react-dev-overlay/pages/websocket.js:65:17) @ webpack-internal:///(pages-dir-browser)/./node_modules/next/dist/client/components/react-dev-overlay/pages/hot-reloader-client.js:72
[   17984ms] [WARNING] [HMR] Invalid message: {"action":"isrManifest","data":{"/about":true,"/contact":true,"/changelog":true,"/resources":true,"/essays":true,"/context":true,"/companies":true,"/localhost":true,"/companies/coconut":true,"/_next/static/webpack/a9274d96aac81f28.webpack.hot-update.json":true,"/_next/static/chunks/main-app.js":true,"/_next/static/chunks/app-pages-internals.js":true,"/_next/static/chunks/app/page.js":true}}
TypeError: Cannot read properties of undefined (reading '__N_SSP')
    at handleStaticIndicator (webpack-internal:///(pages-dir-browser)/./node_modules/next/dist/client/components/react-dev-overlay/pages/hot-reloader-client.js:229:124)
    at processMessage (webpack-internal:///(pages-dir-browser)/./node_modules/next/dist/client/components/react-dev-overlay/pages/hot-reloader-client.js:244:17)
    at eval (webpack-internal:///(pages-dir-browser)/./node_modules/next/dist/client/components/react-dev-overlay/pages/hot-reloader-client.js:70:13)
    at WebSocket.handleMessage (webpack-internal:///(pages-dir-browser)/./node_modules/next/dist/client/components/react-dev-overlay/pages/websocket.js:65:17) @ webpack-internal:///(pages-dir-browser)/./node_modules/next/dist/client/components/react-dev-overlay/pages/hot-reloader-client.js:72
[   17988ms] [ERROR] Failed to load resource: the server responded with a status of 500 (Internal Server Error) @ http://localhost:3000/:0
[   18253ms] Error: ENOENT: no such file or directory, open '/Users/lobby/Desktop/apps/portfolio/.next/server/pages/_document.js'
    at Object.readFileSync (node:fs:448:20)
    at getMaybeCachedSource (node:internal/modules/cjs/loader:1492:18)
    at Module._extensions..js (node:internal/modules/cjs/loader:1504:19)
    at Module.load (node:internal/modules/cjs/loader:1288:32)
    at Module._load (node:internal/modules/cjs/loader:1104:12)
    at Module.require (node:internal/modules/cjs/loader:1311:19)
    at mod.require (file:///Users/lobby/Desktop/apps/portfolio/node_modules/next/dist/server/require-hook.js:65:28)
    at require (node:internal/modules/helpers:179:18)
    at requirePage (file:///Users/lobby/Desktop/apps/portfolio/node_modules/next/dist/server/require.js:103:84)
    at loadComponentsImpl (file:///Users/lobby/Desktop/apps/portfolio/node_modules/next/dist/server/load-components.js:85:38)
    at DevServer.findPageComponentsImpl (file:///Users/lobby/Desktop/apps/portfolio/node_modules/next/dist/server/next-server.js:808:77)
    at <unknown> (file:///Users/lobby/Desktop/apps/portfolio/node_modules/next/dist/server/next-server.js:786:21)
    at <unknown> (file:///Users/lobby/Desktop/apps/portfolio/node_modules/next/dist/server/lib/trace/tracer.js:169:36)
    at NoopContextManager.with (file:///Users/lobby/Desktop/apps/portfolio/node_modules/next/dist/compiled/@opentelemetry/api/index.js:1:7062)
    at ContextAPI.with (file:///Users/lobby/Desktop/apps/portfolio/node_modules/next/dist/compiled/@opentelemetry/api/index.js:1:518)
    at NoopTracer.startActiveSpan (file:///Users/lobby/Desktop/apps/portfolio/node_modules/next/dist/compiled/@opentelemetry/api/index.js:1:18093)
    at ProxyTracer.startActiveSpan (file:///Users/lobby/Desktop/apps/portfolio/node_modules/next/dist/compiled/@opentelemetry/api/index.js:1:18854)
    at <unknown> (file:///Users/lobby/Desktop/apps/portfolio/node_modules/next/dist/server/lib/trace/tracer.js:151:103)
    at NoopContextManager.with (file:///Users/lobby/Desktop/apps/portfolio/node_modules/next/dist/compiled/@opentelemetry/api/index.js:1:7062)
    at ContextAPI.with (file:///Users/lobby/Desktop/apps/portfolio/node_modules/next/dist/compiled/@opentelemetry/api/index.js:1:518)
    at NextTracerImpl.trace (file:///Users/lobby/Desktop/apps/portfolio/node_modules/next/dist/server/lib/trace/tracer.js:151:28)
    at DevServer.findPageComponents (file:///Users/lobby/Desktop/apps/portfolio/node_modules/next/dist/server/next-server.js:781:41)
    at DevServer.findPageComponents (file:///Users/lobby/Desktop/apps/portfolio/node_modules/next/dist/server/dev/next-dev-server.js:628:28)
    at async DevServer.renderErrorToResponseImpl (file:///Users/lobby/Desktop/apps/portfolio/node_modules/next/dist/server/base-server.js:2604:26)
    at async pipe.req.req (file:///Users/lobby/Desktop/apps/portfolio/node_modules/next/dist/server/base-server.js:2526:30)
    at async DevServer.pipeImpl (file:///Users/lobby/Desktop/apps/portfolio/node_modules/next/dist/server/base-server.js:1003:25)
    at async NextNodeServer.handleCatchallRenderRequest (file:///Users/lobby/Desktop/apps/portfolio/node_modules/next/dist/server/next-server.js:319:21)
    at async DevServer.handleRequestImpl (file:///Users/lobby/Desktop/apps/portfolio/node_modules/next/dist/server/base-server.js:895:17)
    at async (file:///Users/lobby/Desktop/apps/portfolio/node_modules/next/dist/server/dev/next-dev-server.js:371:20)
    at async Span.traceAsyncFn (file:///Users/lobby/Desktop/apps/portfolio/node_modules/next/dist/trace/trace.js:157:20)
    at async DevServer.handleRequest (file:///Users/lobby/Desktop/apps/portfolio/node_modules/next/dist/server/dev/next-dev-server.js:368:24)
    at async invokeRender (file:///Users/lobby/Desktop/apps/portfolio/node_modules/next/dist/server/lib/router-server.js:235:21)
    at async handleRequest (file:///Users/lobby/Desktop/apps/portfolio/node_modules/next/dist/server/lib/router-server.js:426:24)
    at async requestHandlerImpl (file:///Users/lobby/Desktop/apps/portfolio/node_modules/next/dist/server/lib/router-server.js:450:13)
    at async Server.requestListener (file:///Users/lobby/Desktop/apps/portfolio/node_modules/next/dist/server/lib/start-server.js:158:13)
[   18252ms] [WARNING] [HMR] Invalid message: {"action":"isrManifest","data":{"/about":true,"/contact":true,"/changelog":true,"/resources":true,"/essays":true,"/context":true,"/companies":true,"/localhost":true,"/companies/coconut":true,"/_next/static/webpack/a9274d96aac81f28.webpack.hot-update.json":true,"/_next/static/chunks/main-app.js":true,"/_next/static/chunks/app-pages-internals.js":true,"/_next/static/chunks/app/page.js":true}}
TypeError: Cannot read properties of undefined (reading '__N_SSP')
    at handleStaticIndicator (webpack-internal:///(pages-dir-browser)/./node_modules/next/dist/client/components/react-dev-overlay/pages/hot-reloader-client.js:229:124)
    at processMessage (webpack-internal:///(pages-dir-browser)/./node_modules/next/dist/client/components/react-dev-overlay/pages/hot-reloader-client.js:244:17)
    at eval (webpack-internal:///(pages-dir-browser)/./node_modules/next/dist/client/components/react-dev-overlay/pages/hot-reloader-client.js:70:13)
    at WebSocket.handleMessage (webpack-internal:///(pages-dir-browser)/./node_modules/next/dist/client/components/react-dev-overlay/pages/websocket.js:65:17) @ webpack-internal:///(pages-dir-browser)/./node_modules/next/dist/client/components/react-dev-overlay/pages/hot-reloader-client.js:72
[   18488ms] [WARNING] [HMR] Invalid message: {"action":"isrManifest","data":{"/about":true,"/contact":true,"/changelog":true,"/resources":true,"/essays":true,"/context":true,"/companies":true,"/localhost":true,"/companies/coconut":true,"/_next/static/webpack/a9274d96aac81f28.webpack.hot-update.json":true,"/_next/static/chunks/main-app.js":true,"/_next/static/chunks/app-pages-internals.js":true,"/_next/static/chunks/app/page.js":true}}
TypeError: Cannot read properties of undefined (reading '__N_SSP')
    at handleStaticIndicator (webpack-internal:///(pages-dir-browser)/./node_modules/next/dist/client/components/react-dev-overlay/pages/hot-reloader-client.js:229:124)
    at processMessage (webpack-internal:///(pages-dir-browser)/./node_modules/next/dist/client/components/react-dev-overlay/pages/hot-reloader-client.js:244:17)
    at eval (webpack-internal:///(pages-dir-browser)/./node_modules/next/dist/client/components/react-dev-overlay/pages/hot-reloader-client.js:70:13)
    at WebSocket.handleMessage (webpack-internal:///(pages-dir-browser)/./node_modules/next/dist/client/components/react-dev-overlay/pages/websocket.js:65:17) @ webpack-internal:///(pages-dir-browser)/./node_modules/next/dist/client/components/react-dev-overlay/pages/hot-reloader-client.js:72
[   18492ms] [ERROR] Failed to load resource: the server responded with a status of 500 (Internal Server Error) @ http://localhost:3000/_next/static/webpack/aa167a3ac9a06ddc.webpack.hot-update.json:0
[   18492ms] [WARNING] [Fast Refresh] performing full reload

Fast Refresh will perform a full reload when you edit a file that's imported by modules outside of the React rendering tree.
You might have a file which exports a React component but also exports a value that is imported by a non-React component file.
Consider migrating the non-React component export to a separate file and importing it into both files.

It is also possible the parent component of the component you edited is a class component, which disables Fast Refresh.
Fast Refresh requires at least one parent function component in your React tree. @ webpack-internal:///(pages-dir-browser)/./node_modules/next/dist/client/components/react-dev-overlay/pages/hot-reloader-client.js:390
[   18527ms] [WARNING] [HMR] Invalid message: {"action":"isrManifest","data":{"/about":true,"/contact":true,"/changelog":true,"/resources":true,"/essays":true,"/context":true,"/companies":true,"/localhost":true,"/companies/coconut":true,"/_next/static/webpack/a9274d96aac81f28.webpack.hot-update.json":true,"/_next/static/chunks/main-app.js":true,"/_next/static/chunks/app-pages-internals.js":true,"/_next/static/chunks/app/page.js":true}}
TypeError: Cannot read properties of undefined (reading '__N_SSP')
    at handleStaticIndicator (webpack-internal:///(pages-dir-browser)/./node_modules/next/dist/client/components/react-dev-overlay/pages/hot-reloader-client.js:229:124)
    at processMessage (webpack-internal:///(pages-dir-browser)/./node_modules/next/dist/client/components/react-dev-overlay/pages/hot-reloader-client.js:244:17)
    at eval (webpack-internal:///(pages-dir-browser)/./node_modules/next/dist/client/components/react-dev-overlay/pages/hot-reloader-client.js:70:13)
    at WebSocket.handleMessage (webpack-internal:///(pages-dir-browser)/./node_modules/next/dist/client/components/react-dev-overlay/pages/websocket.js:65:17) @ webpack-internal:///(pages-dir-browser)/./node_modules/next/dist/client/components/react-dev-overlay/pages/hot-reloader-client.js:72
[   18630ms] [ERROR] Failed to load resource: the server responded with a status of 500 (Internal Server Error) @ http://localhost:3000/favicon.ico:0
[   18976ms] [WARNING] [HMR] Invalid message: {"action":"isrManifest","data":{"/about":true,"/contact":true,"/changelog":true,"/resources":true,"/essays":true,"/context":true,"/companies":true,"/localhost":true,"/companies/coconut":true,"/_next/static/webpack/a9274d96aac81f28.webpack.hot-update.json":true,"/_next/static/chunks/main-app.js":true,"/_next/static/chunks/app-pages-internals.js":true,"/_next/static/chunks/app/page.js":true}}
TypeError: Cannot read properties of undefined (reading '__N_SSP')
    at handleStaticIndicator (webpack-internal:///(pages-dir-browser)/./node_modules/next/dist/client/components/react-dev-overlay/pages/hot-reloader-client.js:229:124)
    at processMessage (webpack-internal:///(pages-dir-browser)/./node_modules/next/dist/client/components/react-dev-overlay/pages/hot-reloader-client.js:244:17)
    at eval (webpack-internal:///(pages-dir-browser)/./node_modules/next/dist/client/components/react-dev-overlay/pages/hot-reloader-client.js:70:13)
    at WebSocket.handleMessage (webpack-internal:///(pages-dir-browser)/./node_modules/next/dist/client/components/react-dev-overlay/pages/websocket.js:65:17) @ webpack-internal:///(pages-dir-browser)/./node_modules/next/dist/client/components/react-dev-overlay/pages/hot-reloader-client.js:72
[   19011ms] [WARNING] [HMR] Invalid message: {"action":"isrManifest","data":{"/about":true,"/contact":true,"/changelog":true,"/resources":true,"/essays":true,"/context":true,"/companies":true,"/localhost":true,"/companies/coconut":true,"/_next/static/webpack/a9274d96aac81f28.webpack.hot-update.json":true,"/_next/static/chunks/main-app.js":true,"/_next/static/chunks/app-pages-internals.js":true,"/_next/static/chunks/app/page.js":true}}
TypeError: Cannot read properties of undefined (reading '__N_SSP')
    at handleStaticIndicator (webpack-internal:///(pages-dir-browser)/./node_modules/next/dist/client/components/react-dev-overlay/pages/hot-reloader-client.js:229:124)
    at processMessage (webpack-internal:///(pages-dir-browser)/./node_modules/next/dist/client/components/react-dev-overlay/pages/hot-reloader-client.js:244:17)
    at eval (webpack-internal:///(pages-dir-browser)/./node_modules/next/dist/client/components/react-dev-overlay/pages/hot-reloader-client.js:70:13)
    at WebSocket.handleMessage (webpack-internal:///(pages-dir-browser)/./node_modules/next/dist/client/components/react-dev-overlay/pages/websocket.js:65:17) @ webpack-internal:///(pages-dir-browser)/./node_modules/next/dist/client/components/react-dev-overlay/pages/hot-reloader-client.js:72
[   19017ms] [ERROR] Failed to load resource: the server responded with a status of 500 (Internal Server Error) @ http://localhost:3000/:0
[   19283ms] Error: ENOENT: no such file or directory, open '/Users/lobby/Desktop/apps/portfolio/.next/server/pages/_document.js'
    at Object.readFileSync (node:fs:448:20)
    at getMaybeCachedSource (node:internal/modules/cjs/loader:1492:18)
    at Module._extensions..js (node:internal/modules/cjs/loader:1504:19)
    at Module.load (node:internal/modules/cjs/loader:1288:32)
    at Module._load (node:internal/modules/cjs/loader:1104:12)
    at Module.require (node:internal/modules/cjs/loader:1311:19)
    at mod.require (file:///Users/lobby/Desktop/apps/portfolio/node_modules/next/dist/server/require-hook.js:65:28)
    at require (node:internal/modules/helpers:179:18)
    at requirePage (file:///Users/lobby/Desktop/apps/portfolio/node_modules/next/dist/server/require.js:103:84)
    at loadComponentsImpl (file:///Users/lobby/Desktop/apps/portfolio/node_modules/next/dist/server/load-components.js:85:38)
    at DevServer.findPageComponentsImpl (file:///Users/lobby/Desktop/apps/portfolio/node_modules/next/dist/server/next-server.js:808:77)
    at <unknown> (file:///Users/lobby/Desktop/apps/portfolio/node_modules/next/dist/server/next-server.js:786:21)
    at <unknown> (file:///Users/lobby/Desktop/apps/portfolio/node_modules/next/dist/server/lib/trace/tracer.js:169:36)
    at NoopContextManager.with (file:///Users/lobby/Desktop/apps/portfolio/node_modules/next/dist/compiled/@opentelemetry/api/index.js:1:7062)
    at ContextAPI.with (file:///Users/lobby/Desktop/apps/portfolio/node_modules/next/dist/compiled/@opentelemetry/api/index.js:1:518)
    at NoopTracer.startActiveSpan (file:///Users/lobby/Desktop/apps/portfolio/node_modules/next/dist/compiled/@opentelemetry/api/index.js:1:18093)
    at ProxyTracer.startActiveSpan (file:///Users/lobby/Desktop/apps/portfolio/node_modules/next/dist/compiled/@opentelemetry/api/index.js:1:18854)
    at <unknown> (file:///Users/lobby/Desktop/apps/portfolio/node_modules/next/dist/server/lib/trace/tracer.js:151:103)
    at NoopContextManager.with (file:///Users/lobby/Desktop/apps/portfolio/node_modules/next/dist/compiled/@opentelemetry/api/index.js:1:7062)
    at ContextAPI.with (file:///Users/lobby/Desktop/apps/portfolio/node_modules/next/dist/compiled/@opentelemetry/api/index.js:1:518)
    at NextTracerImpl.trace (file:///Users/lobby/Desktop/apps/portfolio/node_modules/next/dist/server/lib/trace/tracer.js:151:28)
    at DevServer.findPageComponents (file:///Users/lobby/Desktop/apps/portfolio/node_modules/next/dist/server/next-server.js:781:41)
    at DevServer.findPageComponents (file:///Users/lobby/Desktop/apps/portfolio/node_modules/next/dist/server/dev/next-dev-server.js:628:28)
    at async DevServer.renderErrorToResponseImpl (file:///Users/lobby/Desktop/apps/portfolio/node_modules/next/dist/server/base-server.js:2604:26)
    at async pipe.req.req (file:///Users/lobby/Desktop/apps/portfolio/node_modules/next/dist/server/base-server.js:2526:30)
    at async DevServer.pipeImpl (file:///Users/lobby/Desktop/apps/portfolio/node_modules/next/dist/server/base-server.js:1003:25)
    at async NextNodeServer.handleCatchallRenderRequest (file:///Users/lobby/Desktop/apps/portfolio/node_modules/next/dist/server/next-server.js:319:21)
    at async DevServer.handleRequestImpl (file:///Users/lobby/Desktop/apps/portfolio/node_modules/next/dist/server/base-server.js:895:17)
    at async (file:///Users/lobby/Desktop/apps/portfolio/node_modules/next/dist/server/dev/next-dev-server.js:371:20)
    at async Span.traceAsyncFn (file:///Users/lobby/Desktop/apps/portfolio/node_modules/next/dist/trace/trace.js:157:20)
    at async DevServer.handleRequest (file:///Users/lobby/Desktop/apps/portfolio/node_modules/next/dist/server/dev/next-dev-server.js:368:24)
    at async invokeRender (file:///Users/lobby/Desktop/apps/portfolio/node_modules/next/dist/server/lib/router-server.js:235:21)
    at async handleRequest (file:///Users/lobby/Desktop/apps/portfolio/node_modules/next/dist/server/lib/router-server.js:426:24)
    at async requestHandlerImpl (file:///Users/lobby/Desktop/apps/portfolio/node_modules/next/dist/server/lib/router-server.js:450:13)
    at async Server.requestListener (file:///Users/lobby/Desktop/apps/portfolio/node_modules/next/dist/server/lib/start-server.js:158:13)
[   19285ms] [WARNING] [HMR] Invalid message: {"action":"isrManifest","data":{"/about":true,"/contact":true,"/changelog":true,"/resources":true,"/essays":true,"/context":true,"/companies":true,"/localhost":true,"/companies/coconut":true,"/_next/static/webpack/a9274d96aac81f28.webpack.hot-update.json":true,"/_next/static/chunks/main-app.js":true,"/_next/static/chunks/app-pages-internals.js":true,"/_next/static/chunks/app/page.js":true}}
TypeError: Cannot read properties of undefined (reading '__N_SSP')
    at handleStaticIndicator (webpack-internal:///(pages-dir-browser)/./node_modules/next/dist/client/components/react-dev-overlay/pages/hot-reloader-client.js:229:124)
    at processMessage (webpack-internal:///(pages-dir-browser)/./node_modules/next/dist/client/components/react-dev-overlay/pages/hot-reloader-client.js:244:17)
    at eval (webpack-internal:///(pages-dir-browser)/./node_modules/next/dist/client/components/react-dev-overlay/pages/hot-reloader-client.js:70:13)
    at WebSocket.handleMessage (webpack-internal:///(pages-dir-browser)/./node_modules/next/dist/client/components/react-dev-overlay/pages/websocket.js:65:17) @ webpack-internal:///(pages-dir-browser)/./node_modules/next/dist/client/components/react-dev-overlay/pages/hot-reloader-client.js:72
[   19530ms] [WARNING] [HMR] Invalid message: {"action":"isrManifest","data":{"/about":true,"/contact":true,"/changelog":true,"/resources":true,"/essays":true,"/context":true,"/companies":true,"/localhost":true,"/companies/coconut":true,"/_next/static/webpack/a9274d96aac81f28.webpack.hot-update.json":true,"/_next/static/chunks/main-app.js":true,"/_next/static/chunks/app-pages-internals.js":true,"/_next/static/chunks/app/page.js":true}}
TypeError: Cannot read properties of undefined (reading '__N_SSP')
    at handleStaticIndicator (webpack-internal:///(pages-dir-browser)/./node_modules/next/dist/client/components/react-dev-overlay/pages/hot-reloader-client.js:229:124)
    at processMessage (webpack-internal:///(pages-dir-browser)/./node_modules/next/dist/client/components/react-dev-overlay/pages/hot-reloader-client.js:244:17)
    at eval (webpack-internal:///(pages-dir-browser)/./node_modules/next/dist/client/components/react-dev-overlay/pages/hot-reloader-client.js:70:13)
    at WebSocket.handleMessage (webpack-internal:///(pages-dir-browser)/./node_modules/next/dist/client/components/react-dev-overlay/pages/websocket.js:65:17) @ webpack-internal:///(pages-dir-browser)/./node_modules/next/dist/client/components/react-dev-overlay/pages/hot-reloader-client.js:72
[   19534ms] [ERROR] Failed to load resource: the server responded with a status of 500 (Internal Server Error) @ http://localhost:3000/_next/static/webpack/aa167a3ac9a06ddc.webpack.hot-update.json:0
[   19534ms] [WARNING] [Fast Refresh] performing full reload

Fast Refresh will perform a full reload when you edit a file that's imported by modules outside of the React rendering tree.
You might have a file which exports a React component but also exports a value that is imported by a non-React component file.
Consider migrating the non-React component export to a separate file and importing it into both files.

It is also possible the parent component of the component you edited is a class component, which disables Fast Refresh.
Fast Refresh requires at least one parent function component in your React tree. @ webpack-internal:///(pages-dir-browser)/./node_modules/next/dist/client/components/react-dev-overlay/pages/hot-reloader-client.js:390
[   19591ms] [ERROR] Failed to load resource: the server responded with a status of 500 (Internal Server Error) @ http://localhost:3000/favicon.ico:0
[   19595ms] [WARNING] [HMR] Invalid message: {"action":"isrManifest","data":{"/about":true,"/contact":true,"/changelog":true,"/resources":true,"/essays":true,"/context":true,"/companies":true,"/localhost":true,"/companies/coconut":true,"/_next/static/webpack/a9274d96aac81f28.webpack.hot-update.json":true,"/_next/static/chunks/main-app.js":true,"/_next/static/chunks/app-pages-internals.js":true,"/_next/static/chunks/app/page.js":true}}
TypeError: Cannot read properties of undefined (reading '__N_SSP')
    at handleStaticIndicator (webpack-internal:///(pages-dir-browser)/./node_modules/next/dist/client/components/react-dev-overlay/pages/hot-reloader-client.js:229:124)
    at processMessage (webpack-internal:///(pages-dir-browser)/./node_modules/next/dist/client/components/react-dev-overlay/pages/hot-reloader-client.js:244:17)
    at eval (webpack-internal:///(pages-dir-browser)/./node_modules/next/dist/client/components/react-dev-overlay/pages/hot-reloader-client.js:70:13)
    at WebSocket.handleMessage (webpack-internal:///(pages-dir-browser)/./node_modules/next/dist/client/components/react-dev-overlay/pages/websocket.js:65:17) @ webpack-internal:///(pages-dir-browser)/./node_modules/next/dist/client/components/react-dev-overlay/pages/hot-reloader-client.js:72
[   20025ms] [WARNING] [HMR] Invalid message: {"action":"isrManifest","data":{"/about":true,"/contact":true,"/changelog":true,"/resources":true,"/essays":true,"/context":true,"/companies":true,"/localhost":true,"/companies/coconut":true,"/_next/static/webpack/a9274d96aac81f28.webpack.hot-update.json":true,"/_next/static/chunks/main-app.js":true,"/_next/static/chunks/app-pages-internals.js":true,"/_next/static/chunks/app/page.js":true}}
TypeError: Cannot read properties of undefined (reading '__N_SSP')
    at handleStaticIndicator (webpack-internal:///(pages-dir-browser)/./node_modules/next/dist/client/components/react-dev-overlay/pages/hot-reloader-client.js:229:124)
    at processMessage (webpack-internal:///(pages-dir-browser)/./node_modules/next/dist/client/components/react-dev-overlay/pages/hot-reloader-client.js:244:17)
    at eval (webpack-internal:///(pages-dir-browser)/./node_modules/next/dist/client/components/react-dev-overlay/pages/hot-reloader-client.js:70:13)
    at WebSocket.handleMessage (webpack-internal:///(pages-dir-browser)/./node_modules/next/dist/client/components/react-dev-overlay/pages/websocket.js:65:17) @ webpack-internal:///(pages-dir-browser)/./node_modules/next/dist/client/components/react-dev-overlay/pages/hot-reloader-client.js:72
[   20067ms] [WARNING] [HMR] Invalid message: {"action":"isrManifest","data":{"/about":true,"/contact":true,"/changelog":true,"/resources":true,"/essays":true,"/context":true,"/companies":true,"/localhost":true,"/companies/coconut":true,"/_next/static/webpack/a9274d96aac81f28.webpack.hot-update.json":true,"/_next/static/chunks/main-app.js":true,"/_next/static/chunks/app-pages-internals.js":true,"/_next/static/chunks/app/page.js":true}}
TypeError: Cannot read properties of undefined (reading '__N_SSP')
    at handleStaticIndicator (webpack-internal:///(pages-dir-browser)/./node_modules/next/dist/client/components/react-dev-overlay/pages/hot-reloader-client.js:229:124)
    at processMessage (webpack-internal:///(pages-dir-browser)/./node_modules/next/dist/client/components/react-dev-overlay/pages/hot-reloader-client.js:244:17)
    at eval (webpack-internal:///(pages-dir-browser)/./node_modules/next/dist/client/components/react-dev-overlay/pages/hot-reloader-client.js:70:13)
    at WebSocket.handleMessage (webpack-internal:///(pages-dir-browser)/./node_modules/next/dist/client/components/react-dev-overlay/pages/websocket.js:65:17) @ webpack-internal:///(pages-dir-browser)/./node_modules/next/dist/client/components/react-dev-overlay/pages/hot-reloader-client.js:72
[   20073ms] [ERROR] Failed to load resource: the server responded with a status of 500 (Internal Server Error) @ http://localhost:3000/:0
[   20356ms] Error: ENOENT: no such file or directory, open '/Users/lobby/Desktop/apps/portfolio/.next/server/pages/_document.js'
    at Object.readFileSync (node:fs:448:20)
    at getMaybeCachedSource (node:internal/modules/cjs/loader:1492:18)
    at Module._extensions..js (node:internal/modules/cjs/loader:1504:19)
    at Module.load (node:internal/modules/cjs/loader:1288:32)
    at Module._load (node:internal/modules/cjs/loader:1104:12)
    at Module.require (node:internal/modules/cjs/loader:1311:19)
    at mod.require (file:///Users/lobby/Desktop/apps/portfolio/node_modules/next/dist/server/require-hook.js:65:28)
    at require (node:internal/modules/helpers:179:18)
    at requirePage (file:///Users/lobby/Desktop/apps/portfolio/node_modules/next/dist/server/require.js:103:84)
    at loadComponentsImpl (file:///Users/lobby/Desktop/apps/portfolio/node_modules/next/dist/server/load-components.js:85:38)
    at DevServer.findPageComponentsImpl (file:///Users/lobby/Desktop/apps/portfolio/node_modules/next/dist/server/next-server.js:808:77)
    at <unknown> (file:///Users/lobby/Desktop/apps/portfolio/node_modules/next/dist/server/next-server.js:786:21)
    at <unknown> (file:///Users/lobby/Desktop/apps/portfolio/node_modules/next/dist/server/lib/trace/tracer.js:169:36)
    at NoopContextManager.with (file:///Users/lobby/Desktop/apps/portfolio/node_modules/next/dist/compiled/@opentelemetry/api/index.js:1:7062)
    at ContextAPI.with (file:///Users/lobby/Desktop/apps/portfolio/node_modules/next/dist/compiled/@opentelemetry/api/index.js:1:518)
    at NoopTracer.startActiveSpan (file:///Users/lobby/Desktop/apps/portfolio/node_modules/next/dist/compiled/@opentelemetry/api/index.js:1:18093)
    at ProxyTracer.startActiveSpan (file:///Users/lobby/Desktop/apps/portfolio/node_modules/next/dist/compiled/@opentelemetry/api/index.js:1:18854)
    at <unknown> (file:///Users/lobby/Desktop/apps/portfolio/node_modules/next/dist/server/lib/trace/tracer.js:151:103)
    at NoopContextManager.with (file:///Users/lobby/Desktop/apps/portfolio/node_modules/next/dist/compiled/@opentelemetry/api/index.js:1:7062)
    at ContextAPI.with (file:///Users/lobby/Desktop/apps/portfolio/node_modules/next/dist/compiled/@opentelemetry/api/index.js:1:518)
    at NextTracerImpl.trace (file:///Users/lobby/Desktop/apps/portfolio/node_modules/next/dist/server/lib/trace/tracer.js:151:28)
    at DevServer.findPageComponents (file:///Users/lobby/Desktop/apps/portfolio/node_modules/next/dist/server/next-server.js:781:41)
    at DevServer.findPageComponents (file:///Users/lobby/Desktop/apps/portfolio/node_modules/next/dist/server/dev/next-dev-server.js:628:28)
    at async DevServer.renderErrorToResponseImpl (file:///Users/lobby/Desktop/apps/portfolio/node_modules/next/dist/server/base-server.js:2604:26)
    at async pipe.req.req (file:///Users/lobby/Desktop/apps/portfolio/node_modules/next/dist/server/base-server.js:2526:30)
    at async DevServer.pipeImpl (file:///Users/lobby/Desktop/apps/portfolio/node_modules/next/dist/server/base-server.js:1003:25)
    at async NextNodeServer.handleCatchallRenderRequest (file:///Users/lobby/Desktop/apps/portfolio/node_modules/next/dist/server/next-server.js:319:21)
    at async DevServer.handleRequestImpl (file:///Users/lobby/Desktop/apps/portfolio/node_modules/next/dist/server/base-server.js:895:17)
    at async (file:///Users/lobby/Desktop/apps/portfolio/node_modules/next/dist/server/dev/next-dev-server.js:371:20)
    at async Span.traceAsyncFn (file:///Users/lobby/Desktop/apps/portfolio/node_modules/next/dist/trace/trace.js:157:20)
    at async DevServer.handleRequest (file:///Users/lobby/Desktop/apps/portfolio/node_modules/next/dist/server/dev/next-dev-server.js:368:24)
    at async invokeRender (file:///Users/lobby/Desktop/apps/portfolio/node_modules/next/dist/server/lib/router-server.js:235:21)
    at async handleRequest (file:///Users/lobby/Desktop/apps/portfolio/node_modules/next/dist/server/lib/router-server.js:426:24)
    at async requestHandlerImpl (file:///Users/lobby/Desktop/apps/portfolio/node_modules/next/dist/server/lib/router-server.js:450:13)
    at async Server.requestListener (file:///Users/lobby/Desktop/apps/portfolio/node_modules/next/dist/server/lib/start-server.js:158:13)
[   20356ms] [WARNING] [HMR] Invalid message: {"action":"isrManifest","data":{"/about":true,"/contact":true,"/changelog":true,"/resources":true,"/essays":true,"/context":true,"/companies":true,"/localhost":true,"/companies/coconut":true,"/_next/static/webpack/a9274d96aac81f28.webpack.hot-update.json":true,"/_next/static/chunks/main-app.js":true,"/_next/static/chunks/app-pages-internals.js":true,"/_next/static/chunks/app/page.js":true}}
TypeError: Cannot read properties of undefined (reading '__N_SSP')
    at handleStaticIndicator (webpack-internal:///(pages-dir-browser)/./node_modules/next/dist/client/components/react-dev-overlay/pages/hot-reloader-client.js:229:124)
    at processMessage (webpack-internal:///(pages-dir-browser)/./node_modules/next/dist/client/components/react-dev-overlay/pages/hot-reloader-client.js:244:17)
    at eval (webpack-internal:///(pages-dir-browser)/./node_modules/next/dist/client/components/react-dev-overlay/pages/hot-reloader-client.js:70:13)
    at WebSocket.handleMessage (webpack-internal:///(pages-dir-browser)/./node_modules/next/dist/client/components/react-dev-overlay/pages/websocket.js:65:17) @ webpack-internal:///(pages-dir-browser)/./node_modules/next/dist/client/components/react-dev-overlay/pages/hot-reloader-client.js:72
[   20605ms] [WARNING] [HMR] Invalid message: {"action":"isrManifest","data":{"/about":true,"/contact":true,"/changelog":true,"/resources":true,"/essays":true,"/context":true,"/companies":true,"/localhost":true,"/companies/coconut":true,"/_next/static/webpack/a9274d96aac81f28.webpack.hot-update.json":true,"/_next/static/chunks/main-app.js":true,"/_next/static/chunks/app-pages-internals.js":true,"/_next/static/chunks/app/page.js":true}}
TypeError: Cannot read properties of undefined (reading '__N_SSP')
    at handleStaticIndicator (webpack-internal:///(pages-dir-browser)/./node_modules/next/dist/client/components/react-dev-overlay/pages/hot-reloader-client.js:229:124)
    at processMessage (webpack-internal:///(pages-dir-browser)/./node_modules/next/dist/client/components/react-dev-overlay/pages/hot-reloader-client.js:244:17)
    at eval (webpack-internal:///(pages-dir-browser)/./node_modules/next/dist/client/components/react-dev-overlay/pages/hot-reloader-client.js:70:13)
    at WebSocket.handleMessage (webpack-internal:///(pages-dir-browser)/./node_modules/next/dist/client/components/react-dev-overlay/pages/websocket.js:65:17) @ webpack-internal:///(pages-dir-browser)/./node_modules/next/dist/client/components/react-dev-overlay/pages/hot-reloader-client.js:72
[   20610ms] [ERROR] Failed to load resource: the server responded with a status of 500 (Internal Server Error) @ http://localhost:3000/_next/static/webpack/aa167a3ac9a06ddc.webpack.hot-update.json:0
[   20610ms] [WARNING] [Fast Refresh] performing full reload

Fast Refresh will perform a full reload when you edit a file that's imported by modules outside of the React rendering tree.
You might have a file which exports a React component but also exports a value that is imported by a non-React component file.
Consider migrating the non-React component export to a separate file and importing it into both files.

It is also possible the parent component of the component you edited is a class component, which disables Fast Refresh.
Fast Refresh requires at least one parent function component in your React tree. @ webpack-internal:///(pages-dir-browser)/./node_modules/next/dist/client/components/react-dev-overlay/pages/hot-reloader-client.js:390
[   20655ms] [ERROR] Failed to load resource: the server responded with a status of 500 (Internal Server Error) @ http://localhost:3000/favicon.ico:0
[   20657ms] [WARNING] [HMR] Invalid message: {"action":"isrManifest","data":{"/about":true,"/contact":true,"/changelog":true,"/resources":true,"/essays":true,"/context":true,"/companies":true,"/localhost":true,"/companies/coconut":true,"/_next/static/webpack/a9274d96aac81f28.webpack.hot-update.json":true,"/_next/static/chunks/main-app.js":true,"/_next/static/chunks/app-pages-internals.js":true,"/_next/static/chunks/app/page.js":true}}
TypeError: Cannot read properties of undefined (reading '__N_SSP')
    at handleStaticIndicator (webpack-internal:///(pages-dir-browser)/./node_modules/next/dist/client/components/react-dev-overlay/pages/hot-reloader-client.js:229:124)
    at processMessage (webpack-internal:///(pages-dir-browser)/./node_modules/next/dist/client/components/react-dev-overlay/pages/hot-reloader-client.js:244:17)
    at eval (webpack-internal:///(pages-dir-browser)/./node_modules/next/dist/client/components/react-dev-overlay/pages/hot-reloader-client.js:70:13)
    at WebSocket.handleMessage (webpack-internal:///(pages-dir-browser)/./node_modules/next/dist/client/components/react-dev-overlay/pages/websocket.js:65:17) @ webpack-internal:///(pages-dir-browser)/./node_modules/next/dist/client/components/react-dev-overlay/pages/hot-reloader-client.js:72
[   21093ms] [WARNING] [HMR] Invalid message: {"action":"isrManifest","data":{"/about":true,"/contact":true,"/changelog":true,"/resources":true,"/essays":true,"/context":true,"/companies":true,"/localhost":true,"/companies/coconut":true,"/_next/static/webpack/a9274d96aac81f28.webpack.hot-update.json":true,"/_next/static/chunks/main-app.js":true,"/_next/static/chunks/app-pages-internals.js":true,"/_next/static/chunks/app/page.js":true}}
TypeError: Cannot read properties of undefined (reading '__N_SSP')
    at handleStaticIndicator (webpack-internal:///(pages-dir-browser)/./node_modules/next/dist/client/components/react-dev-overlay/pages/hot-reloader-client.js:229:124)
    at processMessage (webpack-internal:///(pages-dir-browser)/./node_modules/next/dist/client/components/react-dev-overlay/pages/hot-reloader-client.js:244:17)
    at eval (webpack-internal:///(pages-dir-browser)/./node_modules/next/dist/client/components/react-dev-overlay/pages/hot-reloader-client.js:70:13)
    at WebSocket.handleMessage (webpack-internal:///(pages-dir-browser)/./node_modules/next/dist/client/components/react-dev-overlay/pages/websocket.js:65:17) @ webpack-internal:///(pages-dir-browser)/./node_modules/next/dist/client/components/react-dev-overlay/pages/hot-reloader-client.js:72
[   21143ms] [WARNING] [HMR] Invalid message: {"action":"isrManifest","data":{"/about":true,"/contact":true,"/changelog":true,"/resources":true,"/essays":true,"/context":true,"/companies":true,"/localhost":true,"/companies/coconut":true,"/_next/static/webpack/a9274d96aac81f28.webpack.hot-update.json":true,"/_next/static/chunks/main-app.js":true,"/_next/static/chunks/app-pages-internals.js":true,"/_next/static/chunks/app/page.js":true}}
TypeError: Cannot read properties of undefined (reading '__N_SSP')
    at handleStaticIndicator (webpack-internal:///(pages-dir-browser)/./node_modules/next/dist/client/components/react-dev-overlay/pages/hot-reloader-client.js:229:124)
    at processMessage (webpack-internal:///(pages-dir-browser)/./node_modules/next/dist/client/components/react-dev-overlay/pages/hot-reloader-client.js:244:17)
    at eval (webpack-internal:///(pages-dir-browser)/./node_modules/next/dist/client/components/react-dev-overlay/pages/hot-reloader-client.js:70:13)
    at WebSocket.handleMessage (webpack-internal:///(pages-dir-browser)/./node_modules/next/dist/client/components/react-dev-overlay/pages/websocket.js:65:17) @ webpack-internal:///(pages-dir-browser)/./node_modules/next/dist/client/components/react-dev-overlay/pages/hot-reloader-client.js:72
[   21148ms] [ERROR] Failed to load resource: the server responded with a status of 500 (Internal Server Error) @ http://localhost:3000/:0
[   21375ms] Error: ENOENT: no such file or directory, open '/Users/lobby/Desktop/apps/portfolio/.next/server/pages/_document.js'
    at Object.readFileSync (node:fs:448:20)
    at getMaybeCachedSource (node:internal/modules/cjs/loader:1492:18)
    at Module._extensions..js (node:internal/modules/cjs/loader:1504:19)
    at Module.load (node:internal/modules/cjs/loader:1288:32)
    at Module._load (node:internal/modules/cjs/loader:1104:12)
    at Module.require (node:internal/modules/cjs/loader:1311:19)
    at mod.require (file:///Users/lobby/Desktop/apps/portfolio/node_modules/next/dist/server/require-hook.js:65:28)
    at require (node:internal/modules/helpers:179:18)
    at requirePage (file:///Users/lobby/Desktop/apps/portfolio/node_modules/next/dist/server/require.js:103:84)
    at loadComponentsImpl (file:///Users/lobby/Desktop/apps/portfolio/node_modules/next/dist/server/load-components.js:85:38)
    at DevServer.findPageComponentsImpl (file:///Users/lobby/Desktop/apps/portfolio/node_modules/next/dist/server/next-server.js:808:77)
    at <unknown> (file:///Users/lobby/Desktop/apps/portfolio/node_modules/next/dist/server/next-server.js:786:21)
    at <unknown> (file:///Users/lobby/Desktop/apps/portfolio/node_modules/next/dist/server/lib/trace/tracer.js:169:36)
    at NoopContextManager.with (file:///Users/lobby/Desktop/apps/portfolio/node_modules/next/dist/compiled/@opentelemetry/api/index.js:1:7062)
    at ContextAPI.with (file:///Users/lobby/Desktop/apps/portfolio/node_modules/next/dist/compiled/@opentelemetry/api/index.js:1:518)
    at NoopTracer.startActiveSpan (file:///Users/lobby/Desktop/apps/portfolio/node_modules/next/dist/compiled/@opentelemetry/api/index.js:1:18093)
    at ProxyTracer.startActiveSpan (file:///Users/lobby/Desktop/apps/portfolio/node_modules/next/dist/compiled/@opentelemetry/api/index.js:1:18854)
    at <unknown> (file:///Users/lobby/Desktop/apps/portfolio/node_modules/next/dist/server/lib/trace/tracer.js:151:103)
    at NoopContextManager.with (file:///Users/lobby/Desktop/apps/portfolio/node_modules/next/dist/compiled/@opentelemetry/api/index.js:1:7062)
    at ContextAPI.with (file:///Users/lobby/Desktop/apps/portfolio/node_modules/next/dist/compiled/@opentelemetry/api/index.js:1:518)
    at NextTracerImpl.trace (file:///Users/lobby/Desktop/apps/portfolio/node_modules/next/dist/server/lib/trace/tracer.js:151:28)
    at DevServer.findPageComponents (file:///Users/lobby/Desktop/apps/portfolio/node_modules/next/dist/server/next-server.js:781:41)
    at DevServer.findPageComponents (file:///Users/lobby/Desktop/apps/portfolio/node_modules/next/dist/server/dev/next-dev-server.js:628:28)
    at async DevServer.renderErrorToResponseImpl (file:///Users/lobby/Desktop/apps/portfolio/node_modules/next/dist/server/base-server.js:2604:26)
    at async pipe.req.req (file:///Users/lobby/Desktop/apps/portfolio/node_modules/next/dist/server/base-server.js:2526:30)
    at async DevServer.pipeImpl (file:///Users/lobby/Desktop/apps/portfolio/node_modules/next/dist/server/base-server.js:1003:25)
    at async NextNodeServer.handleCatchallRenderRequest (file:///Users/lobby/Desktop/apps/portfolio/node_modules/next/dist/server/next-server.js:319:21)
    at async DevServer.handleRequestImpl (file:///Users/lobby/Desktop/apps/portfolio/node_modules/next/dist/server/base-server.js:895:17)
    at async (file:///Users/lobby/Desktop/apps/portfolio/node_modules/next/dist/server/dev/next-dev-server.js:371:20)
    at async Span.traceAsyncFn (file:///Users/lobby/Desktop/apps/portfolio/node_modules/next/dist/trace/trace.js:157:20)
    at async DevServer.handleRequest (file:///Users/lobby/Desktop/apps/portfolio/node_modules/next/dist/server/dev/next-dev-server.js:368:24)
    at async invokeRender (file:///Users/lobby/Desktop/apps/portfolio/node_modules/next/dist/server/lib/router-server.js:235:21)
    at async handleRequest (file:///Users/lobby/Desktop/apps/portfolio/node_modules/next/dist/server/lib/router-server.js:426:24)
    at async requestHandlerImpl (file:///Users/lobby/Desktop/apps/portfolio/node_modules/next/dist/server/lib/router-server.js:450:13)
    at async Server.requestListener (file:///Users/lobby/Desktop/apps/portfolio/node_modules/next/dist/server/lib/start-server.js:158:13)
[   21383ms] [WARNING] [HMR] Invalid message: {"action":"isrManifest","data":{"/about":true,"/contact":true,"/changelog":true,"/resources":true,"/essays":true,"/context":true,"/companies":true,"/localhost":true,"/companies/coconut":true,"/_next/static/webpack/a9274d96aac81f28.webpack.hot-update.json":true,"/_next/static/chunks/main-app.js":true,"/_next/static/chunks/app-pages-internals.js":true,"/_next/static/chunks/app/page.js":true}}
TypeError: Cannot read properties of undefined (reading '__N_SSP')
    at handleStaticIndicator (webpack-internal:///(pages-dir-browser)/./node_modules/next/dist/client/components/react-dev-overlay/pages/hot-reloader-client.js:229:124)
    at processMessage (webpack-internal:///(pages-dir-browser)/./node_modules/next/dist/client/components/react-dev-overlay/pages/hot-reloader-client.js:244:17)
    at eval (webpack-internal:///(pages-dir-browser)/./node_modules/next/dist/client/components/react-dev-overlay/pages/hot-reloader-client.js:70:13)
    at WebSocket.handleMessage (webpack-internal:///(pages-dir-browser)/./node_modules/next/dist/client/components/react-dev-overlay/pages/websocket.js:65:17) @ webpack-internal:///(pages-dir-browser)/./node_modules/next/dist/client/components/react-dev-overlay/pages/hot-reloader-client.js:72
[   21598ms] [WARNING] [HMR] Invalid message: {"action":"isrManifest","data":{"/about":true,"/contact":true,"/changelog":true,"/resources":true,"/essays":true,"/context":true,"/companies":true,"/localhost":true,"/companies/coconut":true,"/_next/static/webpack/a9274d96aac81f28.webpack.hot-update.json":true,"/_next/static/chunks/main-app.js":true,"/_next/static/chunks/app-pages-internals.js":true,"/_next/static/chunks/app/page.js":true}}
TypeError: Cannot read properties of undefined (reading '__N_SSP')
    at handleStaticIndicator (webpack-internal:///(pages-dir-browser)/./node_modules/next/dist/client/components/react-dev-overlay/pages/hot-reloader-client.js:229:124)
    at processMessage (webpack-internal:///(pages-dir-browser)/./node_modules/next/dist/client/components/react-dev-overlay/pages/hot-reloader-client.js:244:17)
    at eval (webpack-internal:///(pages-dir-browser)/./node_modules/next/dist/client/components/react-dev-overlay/pages/hot-reloader-client.js:70:13)
    at WebSocket.handleMessage (webpack-internal:///(pages-dir-browser)/./node_modules/next/dist/client/components/react-dev-overlay/pages/websocket.js:65:17) @ webpack-internal:///(pages-dir-browser)/./node_modules/next/dist/client/components/react-dev-overlay/pages/hot-reloader-client.js:72
[   21602ms] [ERROR] Failed to load resource: the server responded with a status of 500 (Internal Server Error) @ http://localhost:3000/_next/static/webpack/aa167a3ac9a06ddc.webpack.hot-update.json:0
[   21602ms] [WARNING] [Fast Refresh] performing full reload

Fast Refresh will perform a full reload when you edit a file that's imported by modules outside of the React rendering tree.
You might have a file which exports a React component but also exports a value that is imported by a non-React component file.
Consider migrating the non-React component export to a separate file and importing it into both files.

It is also possible the parent component of the component you edited is a class component, which disables Fast Refresh.
Fast Refresh requires at least one parent function component in your React tree. @ webpack-internal:///(pages-dir-browser)/./node_modules/next/dist/client/components/react-dev-overlay/pages/hot-reloader-client.js:390
[   21695ms] [ERROR] Failed to load resource: the server responded with a status of 500 (Internal Server Error) @ http://localhost:3000/favicon.ico:0
[   22276ms] [WARNING] [HMR] Invalid message: {"action":"isrManifest","data":{"/about":true,"/contact":true,"/changelog":true,"/resources":true,"/essays":true,"/context":true,"/companies":true,"/localhost":true,"/companies/coconut":true,"/_next/static/webpack/a9274d96aac81f28.webpack.hot-update.json":true,"/_next/static/chunks/main-app.js":true,"/_next/static/chunks/app-pages-internals.js":true,"/_next/static/chunks/app/page.js":true}}
TypeError: Cannot read properties of undefined (reading '__N_SSP')
    at handleStaticIndicator (webpack-internal:///(pages-dir-browser)/./node_modules/next/dist/client/components/react-dev-overlay/pages/hot-reloader-client.js:229:124)
    at processMessage (webpack-internal:///(pages-dir-browser)/./node_modules/next/dist/client/components/react-dev-overlay/pages/hot-reloader-client.js:244:17)
    at eval (webpack-internal:///(pages-dir-browser)/./node_modules/next/dist/client/components/react-dev-overlay/pages/hot-reloader-client.js:70:13)
    at WebSocket.handleMessage (webpack-internal:///(pages-dir-browser)/./node_modules/next/dist/client/components/react-dev-overlay/pages/websocket.js:65:17) @ webpack-internal:///(pages-dir-browser)/./node_modules/next/dist/client/components/react-dev-overlay/pages/hot-reloader-client.js:72
[   22419ms] [WARNING] [HMR] Invalid message: {"action":"isrManifest","data":{"/about":true,"/contact":true,"/changelog":true,"/resources":true,"/essays":true,"/context":true,"/companies":true,"/localhost":true,"/companies/coconut":true,"/_next/static/webpack/a9274d96aac81f28.webpack.hot-update.json":true,"/_next/static/chunks/main-app.js":true,"/_next/static/chunks/app-pages-internals.js":true,"/_next/static/chunks/app/page.js":true}}
TypeError: Cannot read properties of undefined (reading '__N_SSP')
    at handleStaticIndicator (webpack-internal:///(pages-dir-browser)/./node_modules/next/dist/client/components/react-dev-overlay/pages/hot-reloader-client.js:229:124)
    at processMessage (webpack-internal:///(pages-dir-browser)/./node_modules/next/dist/client/components/react-dev-overlay/pages/hot-reloader-client.js:244:17)
    at eval (webpack-internal:///(pages-dir-browser)/./node_modules/next/dist/client/components/react-dev-overlay/pages/hot-reloader-client.js:70:13)
    at WebSocket.handleMessage (webpack-internal:///(pages-dir-browser)/./node_modules/next/dist/client/components/react-dev-overlay/pages/websocket.js:65:17) @ webpack-internal:///(pages-dir-browser)/./node_modules/next/dist/client/components/react-dev-overlay/pages/hot-reloader-client.js:72
[   22911ms] [WARNING] [HMR] Invalid message: {"action":"isrManifest","data":{"/about":true,"/contact":true,"/changelog":true,"/resources":true,"/essays":true,"/context":true,"/companies":true,"/localhost":true,"/companies/coconut":true,"/_next/static/webpack/a9274d96aac81f28.webpack.hot-update.json":true,"/_next/static/chunks/main-app.js":true,"/_next/static/chunks/app-pages-internals.js":true,"/_next/static/chunks/app/page.js":true}}
TypeError: Cannot read properties of undefined (reading '__N_SSP')
    at handleStaticIndicator (webpack-internal:///(pages-dir-browser)/./node_modules/next/dist/client/components/react-dev-overlay/pages/hot-reloader-client.js:229:124)
    at processMessage (webpack-internal:///(pages-dir-browser)/./node_modules/next/dist/client/components/react-dev-overlay/pages/hot-reloader-client.js:244:17)
    at eval (webpack-internal:///(pages-dir-browser)/./node_modules/next/dist/client/components/react-dev-overlay/pages/hot-reloader-client.js:70:13)
    at WebSocket.handleMessage (webpack-internal:///(pages-dir-browser)/./node_modules/next/dist/client/components/react-dev-overlay/pages/websocket.js:65:17) @ webpack-internal:///(pages-dir-browser)/./node_modules/next/dist/client/components/react-dev-overlay/pages/hot-reloader-client.js:72
[   22947ms] [WARNING] [HMR] Invalid message: {"action":"isrManifest","data":{"/about":true,"/contact":true,"/changelog":true,"/resources":true,"/essays":true,"/context":true,"/companies":true,"/localhost":true,"/companies/coconut":true,"/_next/static/webpack/a9274d96aac81f28.webpack.hot-update.json":true,"/_next/static/chunks/main-app.js":true,"/_next/static/chunks/app-pages-internals.js":true,"/_next/static/chunks/app/page.js":true}}
TypeError: Cannot read properties of undefined (reading '__N_SSP')
    at handleStaticIndicator (webpack-internal:///(pages-dir-browser)/./node_modules/next/dist/client/components/react-dev-overlay/pages/hot-reloader-client.js:229:124)
    at processMessage (webpack-internal:///(pages-dir-browser)/./node_modules/next/dist/client/components/react-dev-overlay/pages/hot-reloader-client.js:244:17)
    at eval (webpack-internal:///(pages-dir-browser)/./node_modules/next/dist/client/components/react-dev-overlay/pages/hot-reloader-client.js:70:13)
    at WebSocket.handleMessage (webpack-internal:///(pages-dir-browser)/./node_modules/next/dist/client/components/react-dev-overlay/pages/websocket.js:65:17) @ webpack-internal:///(pages-dir-browser)/./node_modules/next/dist/client/components/react-dev-overlay/pages/hot-reloader-client.js:72
[   22953ms] [ERROR] Failed to load resource: the server responded with a status of 500 (Internal Server Error) @ http://localhost:3000/:0
[   23350ms] Error: ENOENT: no such file or directory, open '/Users/lobby/Desktop/apps/portfolio/.next/server/pages/_document.js'
    at Object.readFileSync (node:fs:448:20)
    at getMaybeCachedSource (node:internal/modules/cjs/loader:1492:18)
    at Module._extensions..js (node:internal/modules/cjs/loader:1504:19)
    at Module.load (node:internal/modules/cjs/loader:1288:32)
    at Module._load (node:internal/modules/cjs/loader:1104:12)
    at Module.require (node:internal/modules/cjs/loader:1311:19)
    at mod.require (file:///Users/lobby/Desktop/apps/portfolio/node_modules/next/dist/server/require-hook.js:65:28)
    at require (node:internal/modules/helpers:179:18)
    at requirePage (file:///Users/lobby/Desktop/apps/portfolio/node_modules/next/dist/server/require.js:103:84)
    at loadComponentsImpl (file:///Users/lobby/Desktop/apps/portfolio/node_modules/next/dist/server/load-components.js:85:38)
    at DevServer.findPageComponentsImpl (file:///Users/lobby/Desktop/apps/portfolio/node_modules/next/dist/server/next-server.js:808:77)
    at <unknown> (file:///Users/lobby/Desktop/apps/portfolio/node_modules/next/dist/server/next-server.js:786:21)
    at <unknown> (file:///Users/lobby/Desktop/apps/portfolio/node_modules/next/dist/server/lib/trace/tracer.js:169:36)
    at NoopContextManager.with (file:///Users/lobby/Desktop/apps/portfolio/node_modules/next/dist/compiled/@opentelemetry/api/index.js:1:7062)
    at ContextAPI.with (file:///Users/lobby/Desktop/apps/portfolio/node_modules/next/dist/compiled/@opentelemetry/api/index.js:1:518)
    at NoopTracer.startActiveSpan (file:///Users/lobby/Desktop/apps/portfolio/node_modules/next/dist/compiled/@opentelemetry/api/index.js:1:18093)
    at ProxyTracer.startActiveSpan (file:///Users/lobby/Desktop/apps/portfolio/node_modules/next/dist/compiled/@opentelemetry/api/index.js:1:18854)
    at <unknown> (file:///Users/lobby/Desktop/apps/portfolio/node_modules/next/dist/server/lib/trace/tracer.js:151:103)
    at NoopContextManager.with (file:///Users/lobby/Desktop/apps/portfolio/node_modules/next/dist/compiled/@opentelemetry/api/index.js:1:7062)
    at ContextAPI.with (file:///Users/lobby/Desktop/apps/portfolio/node_modules/next/dist/compiled/@opentelemetry/api/index.js:1:518)
    at NextTracerImpl.trace (file:///Users/lobby/Desktop/apps/portfolio/node_modules/next/dist/server/lib/trace/tracer.js:151:28)
    at DevServer.findPageComponents (file:///Users/lobby/Desktop/apps/portfolio/node_modules/next/dist/server/next-server.js:781:41)
    at DevServer.findPageComponents (file:///Users/lobby/Desktop/apps/portfolio/node_modules/next/dist/server/dev/next-dev-server.js:628:28)
    at async DevServer.renderErrorToResponseImpl (file:///Users/lobby/Desktop/apps/portfolio/node_modules/next/dist/server/base-server.js:2604:26)
    at async pipe.req.req (file:///Users/lobby/Desktop/apps/portfolio/node_modules/next/dist/server/base-server.js:2526:30)
    at async DevServer.pipeImpl (file:///Users/lobby/Desktop/apps/portfolio/node_modules/next/dist/server/base-server.js:1003:25)
    at async NextNodeServer.handleCatchallRenderRequest (file:///Users/lobby/Desktop/apps/portfolio/node_modules/next/dist/server/next-server.js:319:21)
    at async DevServer.handleRequestImpl (file:///Users/lobby/Desktop/apps/portfolio/node_modules/next/dist/server/base-server.js:895:17)
    at async (file:///Users/lobby/Desktop/apps/portfolio/node_modules/next/dist/server/dev/next-dev-server.js:371:20)
    at async Span.traceAsyncFn (file:///Users/lobby/Desktop/apps/portfolio/node_modules/next/dist/trace/trace.js:157:20)
    at async DevServer.handleRequest (file:///Users/lobby/Desktop/apps/portfolio/node_modules/next/dist/server/dev/next-dev-server.js:368:24)
    at async invokeRender (file:///Users/lobby/Desktop/apps/portfolio/node_modules/next/dist/server/lib/router-server.js:235:21)
    at async handleRequest (file:///Users/lobby/Desktop/apps/portfolio/node_modules/next/dist/server/lib/router-server.js:426:24)
    at async requestHandlerImpl (file:///Users/lobby/Desktop/apps/portfolio/node_modules/next/dist/server/lib/router-server.js:450:13)
    at async Server.requestListener (file:///Users/lobby/Desktop/apps/portfolio/node_modules/next/dist/server/lib/start-server.js:158:13)
[   23326ms] [WARNING] [HMR] Invalid message: {"action":"isrManifest","data":{"/about":true,"/contact":true,"/changelog":true,"/resources":true,"/essays":true,"/context":true,"/companies":true,"/localhost":true,"/companies/coconut":true,"/_next/static/webpack/a9274d96aac81f28.webpack.hot-update.json":true,"/_next/static/chunks/main-app.js":true,"/_next/static/chunks/app-pages-internals.js":true,"/_next/static/chunks/app/page.js":true}}
TypeError: Cannot read properties of undefined (reading '__N_SSP')
    at handleStaticIndicator (webpack-internal:///(pages-dir-browser)/./node_modules/next/dist/client/components/react-dev-overlay/pages/hot-reloader-client.js:229:124)
    at processMessage (webpack-internal:///(pages-dir-browser)/./node_modules/next/dist/client/components/react-dev-overlay/pages/hot-reloader-client.js:244:17)
    at eval (webpack-internal:///(pages-dir-browser)/./node_modules/next/dist/client/components/react-dev-overlay/pages/hot-reloader-client.js:70:13)
    at WebSocket.handleMessage (webpack-internal:///(pages-dir-browser)/./node_modules/next/dist/client/components/react-dev-overlay/pages/websocket.js:65:17) @ webpack-internal:///(pages-dir-browser)/./node_modules/next/dist/client/components/react-dev-overlay/pages/hot-reloader-client.js:72
[   23553ms] [WARNING] [HMR] Invalid message: {"action":"isrManifest","data":{"/about":true,"/contact":true,"/changelog":true,"/resources":true,"/essays":true,"/context":true,"/companies":true,"/localhost":true,"/companies/coconut":true,"/_next/static/webpack/a9274d96aac81f28.webpack.hot-update.json":true,"/_next/static/chunks/main-app.js":true,"/_next/static/chunks/app-pages-internals.js":true,"/_next/static/chunks/app/page.js":true}}
TypeError: Cannot read properties of undefined (reading '__N_SSP')
    at handleStaticIndicator (webpack-internal:///(pages-dir-browser)/./node_modules/next/dist/client/components/react-dev-overlay/pages/hot-reloader-client.js:229:124)
    at processMessage (webpack-internal:///(pages-dir-browser)/./node_modules/next/dist/client/components/react-dev-overlay/pages/hot-reloader-client.js:244:17)
    at eval (webpack-internal:///(pages-dir-browser)/./node_modules/next/dist/client/components/react-dev-overlay/pages/hot-reloader-client.js:70:13)
    at WebSocket.handleMessage (webpack-internal:///(pages-dir-browser)/./node_modules/next/dist/client/components/react-dev-overlay/pages/websocket.js:65:17) @ webpack-internal:///(pages-dir-browser)/./node_modules/next/dist/client/components/react-dev-overlay/pages/hot-reloader-client.js:72
[   23557ms] [ERROR] Failed to load resource: the server responded with a status of 500 (Internal Server Error) @ http://localhost:3000/_next/static/webpack/aa167a3ac9a06ddc.webpack.hot-update.json:0
[   23557ms] [WARNING] [Fast Refresh] performing full reload

Fast Refresh will perform a full reload when you edit a file that's imported by modules outside of the React rendering tree.
You might have a file which exports a React component but also exports a value that is imported by a non-React component file.
Consider migrating the non-React component export to a separate file and importing it into both files.

It is also possible the parent component of the component you edited is a class component, which disables Fast Refresh.
Fast Refresh requires at least one parent function component in your React tree. @ webpack-internal:///(pages-dir-browser)/./node_modules/next/dist/client/components/react-dev-overlay/pages/hot-reloader-client.js:390
[   23607ms] [ERROR] Failed to load resource: the server responded with a status of 500 (Internal Server Error) @ http://localhost:3000/favicon.ico:0
[   23609ms] [WARNING] [HMR] Invalid message: {"action":"isrManifest","data":{"/about":true,"/contact":true,"/changelog":true,"/resources":true,"/essays":true,"/context":true,"/companies":true,"/localhost":true,"/companies/coconut":true,"/_next/static/webpack/a9274d96aac81f28.webpack.hot-update.json":true,"/_next/static/chunks/main-app.js":true,"/_next/static/chunks/app-pages-internals.js":true,"/_next/static/chunks/app/page.js":true}}
TypeError: Cannot read properties of undefined (reading '__N_SSP')
    at handleStaticIndicator (webpack-internal:///(pages-dir-browser)/./node_modules/next/dist/client/components/react-dev-overlay/pages/hot-reloader-client.js:229:124)
    at processMessage (webpack-internal:///(pages-dir-browser)/./node_modules/next/dist/client/components/react-dev-overlay/pages/hot-reloader-client.js:244:17)
    at eval (webpack-internal:///(pages-dir-browser)/./node_modules/next/dist/client/components/react-dev-overlay/pages/hot-reloader-client.js:70:13)
    at WebSocket.handleMessage (webpack-internal:///(pages-dir-browser)/./node_modules/next/dist/client/components/react-dev-overlay/pages/websocket.js:65:17) @ webpack-internal:///(pages-dir-browser)/./node_modules/next/dist/client/components/react-dev-overlay/pages/hot-reloader-client.js:72
[   24043ms] [WARNING] [HMR] Invalid message: {"action":"isrManifest","data":{"/about":true,"/contact":true,"/changelog":true,"/resources":true,"/essays":true,"/context":true,"/companies":true,"/localhost":true,"/companies/coconut":true,"/_next/static/webpack/a9274d96aac81f28.webpack.hot-update.json":true,"/_next/static/chunks/main-app.js":true,"/_next/static/chunks/app-pages-internals.js":true,"/_next/static/chunks/app/page.js":true}}
TypeError: Cannot read properties of undefined (reading '__N_SSP')
    at handleStaticIndicator (webpack-internal:///(pages-dir-browser)/./node_modules/next/dist/client/components/react-dev-overlay/pages/hot-reloader-client.js:229:124)
    at processMessage (webpack-internal:///(pages-dir-browser)/./node_modules/next/dist/client/components/react-dev-overlay/pages/hot-reloader-client.js:244:17)
    at eval (webpack-internal:///(pages-dir-browser)/./node_modules/next/dist/client/components/react-dev-overlay/pages/hot-reloader-client.js:70:13)
    at WebSocket.handleMessage (webpack-internal:///(pages-dir-browser)/./node_modules/next/dist/client/components/react-dev-overlay/pages/websocket.js:65:17) @ webpack-internal:///(pages-dir-browser)/./node_modules/next/dist/client/components/react-dev-overlay/pages/hot-reloader-client.js:72
[   24077ms] [WARNING] [HMR] Invalid message: {"action":"isrManifest","data":{"/about":true,"/contact":true,"/changelog":true,"/resources":true,"/essays":true,"/context":true,"/companies":true,"/localhost":true,"/companies/coconut":true,"/_next/static/webpack/a9274d96aac81f28.webpack.hot-update.json":true,"/_next/static/chunks/main-app.js":true,"/_next/static/chunks/app-pages-internals.js":true,"/_next/static/chunks/app/page.js":true}}
TypeError: Cannot read properties of undefined (reading '__N_SSP')
    at handleStaticIndicator (webpack-internal:///(pages-dir-browser)/./node_modules/next/dist/client/components/react-dev-overlay/pages/hot-reloader-client.js:229:124)
    at processMessage (webpack-internal:///(pages-dir-browser)/./node_modules/next/dist/client/components/react-dev-overlay/pages/hot-reloader-client.js:244:17)
    at eval (webpack-internal:///(pages-dir-browser)/./node_modules/next/dist/client/components/react-dev-overlay/pages/hot-reloader-client.js:70:13)
    at WebSocket.handleMessage (webpack-internal:///(pages-dir-browser)/./node_modules/next/dist/client/components/react-dev-overlay/pages/websocket.js:65:17) @ webpack-internal:///(pages-dir-browser)/./node_modules/next/dist/client/components/react-dev-overlay/pages/hot-reloader-client.js:72
[   24082ms] [ERROR] Failed to load resource: the server responded with a status of 500 (Internal Server Error) @ http://localhost:3000/:0
[   24303ms] Error: ENOENT: no such file or directory, open '/Users/lobby/Desktop/apps/portfolio/.next/server/pages/_document.js'
    at Object.readFileSync (node:fs:448:20)
    at getMaybeCachedSource (node:internal/modules/cjs/loader:1492:18)
    at Module._extensions..js (node:internal/modules/cjs/loader:1504:19)
    at Module.load (node:internal/modules/cjs/loader:1288:32)
    at Module._load (node:internal/modules/cjs/loader:1104:12)
    at Module.require (node:internal/modules/cjs/loader:1311:19)
    at mod.require (file:///Users/lobby/Desktop/apps/portfolio/node_modules/next/dist/server/require-hook.js:65:28)
    at require (node:internal/modules/helpers:179:18)
    at requirePage (file:///Users/lobby/Desktop/apps/portfolio/node_modules/next/dist/server/require.js:103:84)
    at loadComponentsImpl (file:///Users/lobby/Desktop/apps/portfolio/node_modules/next/dist/server/load-components.js:85:38)
    at DevServer.findPageComponentsImpl (file:///Users/lobby/Desktop/apps/portfolio/node_modules/next/dist/server/next-server.js:808:77)
    at <unknown> (file:///Users/lobby/Desktop/apps/portfolio/node_modules/next/dist/server/next-server.js:786:21)
    at <unknown> (file:///Users/lobby/Desktop/apps/portfolio/node_modules/next/dist/server/lib/trace/tracer.js:169:36)
    at NoopContextManager.with (file:///Users/lobby/Desktop/apps/portfolio/node_modules/next/dist/compiled/@opentelemetry/api/index.js:1:7062)
    at ContextAPI.with (file:///Users/lobby/Desktop/apps/portfolio/node_modules/next/dist/compiled/@opentelemetry/api/index.js:1:518)
    at NoopTracer.startActiveSpan (file:///Users/lobby/Desktop/apps/portfolio/node_modules/next/dist/compiled/@opentelemetry/api/index.js:1:18093)
    at ProxyTracer.startActiveSpan (file:///Users/lobby/Desktop/apps/portfolio/node_modules/next/dist/compiled/@opentelemetry/api/index.js:1:18854)
    at <unknown> (file:///Users/lobby/Desktop/apps/portfolio/node_modules/next/dist/server/lib/trace/tracer.js:151:103)
    at NoopContextManager.with (file:///Users/lobby/Desktop/apps/portfolio/node_modules/next/dist/compiled/@opentelemetry/api/index.js:1:7062)
    at ContextAPI.with (file:///Users/lobby/Desktop/apps/portfolio/node_modules/next/dist/compiled/@opentelemetry/api/index.js:1:518)
    at NextTracerImpl.trace (file:///Users/lobby/Desktop/apps/portfolio/node_modules/next/dist/server/lib/trace/tracer.js:151:28)
    at DevServer.findPageComponents (file:///Users/lobby/Desktop/apps/portfolio/node_modules/next/dist/server/next-server.js:781:41)
    at DevServer.findPageComponents (file:///Users/lobby/Desktop/apps/portfolio/node_modules/next/dist/server/dev/next-dev-server.js:628:28)
    at async DevServer.renderErrorToResponseImpl (file:///Users/lobby/Desktop/apps/portfolio/node_modules/next/dist/server/base-server.js:2604:26)
    at async pipe.req.req (file:///Users/lobby/Desktop/apps/portfolio/node_modules/next/dist/server/base-server.js:2526:30)
    at async DevServer.pipeImpl (file:///Users/lobby/Desktop/apps/portfolio/node_modules/next/dist/server/base-server.js:1003:25)
    at async NextNodeServer.handleCatchallRenderRequest (file:///Users/lobby/Desktop/apps/portfolio/node_modules/next/dist/server/next-server.js:319:21)
    at async DevServer.handleRequestImpl (file:///Users/lobby/Desktop/apps/portfolio/node_modules/next/dist/server/base-server.js:895:17)
    at async (file:///Users/lobby/Desktop/apps/portfolio/node_modules/next/dist/server/dev/next-dev-server.js:371:20)
    at async Span.traceAsyncFn (file:///Users/lobby/Desktop/apps/portfolio/node_modules/next/dist/trace/trace.js:157:20)
    at async DevServer.handleRequest (file:///Users/lobby/Desktop/apps/portfolio/node_modules/next/dist/server/dev/next-dev-server.js:368:24)
    at async invokeRender (file:///Users/lobby/Desktop/apps/portfolio/node_modules/next/dist/server/lib/router-server.js:235:21)
    at async handleRequest (file:///Users/lobby/Desktop/apps/portfolio/node_modules/next/dist/server/lib/router-server.js:426:24)
    at async requestHandlerImpl (file:///Users/lobby/Desktop/apps/portfolio/node_modules/next/dist/server/lib/router-server.js:450:13)
    at async Server.requestListener (file:///Users/lobby/Desktop/apps/portfolio/node_modules/next/dist/server/lib/start-server.js:158:13)
[   24300ms] [WARNING] [HMR] Invalid message: {"action":"isrManifest","data":{"/about":true,"/contact":true,"/changelog":true,"/resources":true,"/essays":true,"/context":true,"/companies":true,"/localhost":true,"/companies/coconut":true,"/_next/static/webpack/a9274d96aac81f28.webpack.hot-update.json":true,"/_next/static/chunks/main-app.js":true,"/_next/static/chunks/app-pages-internals.js":true,"/_next/static/chunks/app/page.js":true}}
TypeError: Cannot read properties of undefined (reading '__N_SSP')
    at handleStaticIndicator (webpack-internal:///(pages-dir-browser)/./node_modules/next/dist/client/components/react-dev-overlay/pages/hot-reloader-client.js:229:124)
    at processMessage (webpack-internal:///(pages-dir-browser)/./node_modules/next/dist/client/components/react-dev-overlay/pages/hot-reloader-client.js:244:17)
    at eval (webpack-internal:///(pages-dir-browser)/./node_modules/next/dist/client/components/react-dev-overlay/pages/hot-reloader-client.js:70:13)
    at WebSocket.handleMessage (webpack-internal:///(pages-dir-browser)/./node_modules/next/dist/client/components/react-dev-overlay/pages/websocket.js:65:17) @ webpack-internal:///(pages-dir-browser)/./node_modules/next/dist/client/components/react-dev-overlay/pages/hot-reloader-client.js:72
[   24520ms] [WARNING] [HMR] Invalid message: {"action":"isrManifest","data":{"/about":true,"/contact":true,"/changelog":true,"/resources":true,"/essays":true,"/context":true,"/companies":true,"/localhost":true,"/companies/coconut":true,"/_next/static/webpack/a9274d96aac81f28.webpack.hot-update.json":true,"/_next/static/chunks/main-app.js":true,"/_next/static/chunks/app-pages-internals.js":true,"/_next/static/chunks/app/page.js":true}}
TypeError: Cannot read properties of undefined (reading '__N_SSP')
    at handleStaticIndicator (webpack-internal:///(pages-dir-browser)/./node_modules/next/dist/client/components/react-dev-overlay/pages/hot-reloader-client.js:229:124)
    at processMessage (webpack-internal:///(pages-dir-browser)/./node_modules/next/dist/client/components/react-dev-overlay/pages/hot-reloader-client.js:244:17)
    at eval (webpack-internal:///(pages-dir-browser)/./node_modules/next/dist/client/components/react-dev-overlay/pages/hot-reloader-client.js:70:13)
    at WebSocket.handleMessage (webpack-internal:///(pages-dir-browser)/./node_modules/next/dist/client/components/react-dev-overlay/pages/websocket.js:65:17) @ webpack-internal:///(pages-dir-browser)/./node_modules/next/dist/client/components/react-dev-overlay/pages/hot-reloader-client.js:72
[   24525ms] [ERROR] Failed to load resource: the server responded with a status of 500 (Internal Server Error) @ http://localhost:3000/_next/static/webpack/aa167a3ac9a06ddc.webpack.hot-update.json:0
[   24525ms] [WARNING] [Fast Refresh] performing full reload

Fast Refresh will perform a full reload when you edit a file that's imported by modules outside of the React rendering tree.
You might have a file which exports a React component but also exports a value that is imported by a non-React component file.
Consider migrating the non-React component export to a separate file and importing it into both files.

It is also possible the parent component of the component you edited is a class component, which disables Fast Refresh.
Fast Refresh requires at least one parent function component in your React tree. @ webpack-internal:///(pages-dir-browser)/./node_modules/next/dist/client/components/react-dev-overlay/pages/hot-reloader-client.js:390
[   24568ms] [WARNING] [HMR] Invalid message: {"action":"isrManifest","data":{"/about":true,"/contact":true,"/changelog":true,"/resources":true,"/essays":true,"/context":true,"/companies":true,"/localhost":true,"/companies/coconut":true,"/_next/static/webpack/a9274d96aac81f28.webpack.hot-update.json":true,"/_next/static/chunks/main-app.js":true,"/_next/static/chunks/app-pages-internals.js":true,"/_next/static/chunks/app/page.js":true}}
TypeError: Cannot read properties of undefined (reading '__N_SSP')
    at handleStaticIndicator (webpack-internal:///(pages-dir-browser)/./node_modules/next/dist/client/components/react-dev-overlay/pages/hot-reloader-client.js:229:124)
    at processMessage (webpack-internal:///(pages-dir-browser)/./node_modules/next/dist/client/components/react-dev-overlay/pages/hot-reloader-client.js:244:17)
    at eval (webpack-internal:///(pages-dir-browser)/./node_modules/next/dist/client/components/react-dev-overlay/pages/hot-reloader-client.js:70:13)
    at WebSocket.handleMessage (webpack-internal:///(pages-dir-browser)/./node_modules/next/dist/client/components/react-dev-overlay/pages/websocket.js:65:17) @ webpack-internal:///(pages-dir-browser)/./node_modules/next/dist/client/components/react-dev-overlay/pages/hot-reloader-client.js:72
[   24598ms] [ERROR] Failed to load resource: the server responded with a status of 500 (Internal Server Error) @ http://localhost:3000/favicon.ico:0
[   24615ms] [WARNING] [HMR] Invalid message: {"action":"isrManifest","data":{"/about":true,"/contact":true,"/changelog":true,"/resources":true,"/essays":true,"/context":true,"/companies":true,"/localhost":true,"/companies/coconut":true,"/_next/static/webpack/a9274d96aac81f28.webpack.hot-update.json":true,"/_next/static/chunks/main-app.js":true,"/_next/static/chunks/app-pages-internals.js":true,"/_next/static/chunks/app/page.js":true}}
TypeError: Cannot read properties of undefined (reading '__N_SSP')
    at handleStaticIndicator (webpack-internal:///(pages-dir-browser)/./node_modules/next/dist/client/components/react-dev-overlay/pages/hot-reloader-client.js:229:124)
    at processMessage (webpack-internal:///(pages-dir-browser)/./node_modules/next/dist/client/components/react-dev-overlay/pages/hot-reloader-client.js:244:17)
    at eval (webpack-internal:///(pages-dir-browser)/./node_modules/next/dist/client/components/react-dev-overlay/pages/hot-reloader-client.js:70:13)
    at WebSocket.handleMessage (webpack-internal:///(pages-dir-browser)/./node_modules/next/dist/client/components/react-dev-overlay/pages/websocket.js:65:17) @ webpack-internal:///(pages-dir-browser)/./node_modules/next/dist/client/components/react-dev-overlay/pages/hot-reloader-client.js:72
[   24621ms] [ERROR] Failed to load resource: the server responded with a status of 500 (Internal Server Error) @ http://localhost:3000/:0
[   24823ms] Error: ENOENT: no such file or directory, open '/Users/lobby/Desktop/apps/portfolio/.next/server/pages/_document.js'
    at Object.readFileSync (node:fs:448:20)
    at getMaybeCachedSource (node:internal/modules/cjs/loader:1492:18)
    at Module._extensions..js (node:internal/modules/cjs/loader:1504:19)
    at Module.load (node:internal/modules/cjs/loader:1288:32)
    at Module._load (node:internal/modules/cjs/loader:1104:12)
    at Module.require (node:internal/modules/cjs/loader:1311:19)
    at mod.require (file:///Users/lobby/Desktop/apps/portfolio/node_modules/next/dist/server/require-hook.js:65:28)
    at require (node:internal/modules/helpers:179:18)
    at requirePage (file:///Users/lobby/Desktop/apps/portfolio/node_modules/next/dist/server/require.js:103:84)
    at loadComponentsImpl (file:///Users/lobby/Desktop/apps/portfolio/node_modules/next/dist/server/load-components.js:85:38)
    at DevServer.findPageComponentsImpl (file:///Users/lobby/Desktop/apps/portfolio/node_modules/next/dist/server/next-server.js:808:77)
    at <unknown> (file:///Users/lobby/Desktop/apps/portfolio/node_modules/next/dist/server/next-server.js:786:21)
    at <unknown> (file:///Users/lobby/Desktop/apps/portfolio/node_modules/next/dist/server/lib/trace/tracer.js:169:36)
    at NoopContextManager.with (file:///Users/lobby/Desktop/apps/portfolio/node_modules/next/dist/compiled/@opentelemetry/api/index.js:1:7062)
    at ContextAPI.with (file:///Users/lobby/Desktop/apps/portfolio/node_modules/next/dist/compiled/@opentelemetry/api/index.js:1:518)
    at NoopTracer.startActiveSpan (file:///Users/lobby/Desktop/apps/portfolio/node_modules/next/dist/compiled/@opentelemetry/api/index.js:1:18093)
    at ProxyTracer.startActiveSpan (file:///Users/lobby/Desktop/apps/portfolio/node_modules/next/dist/compiled/@opentelemetry/api/index.js:1:18854)
    at <unknown> (file:///Users/lobby/Desktop/apps/portfolio/node_modules/next/dist/server/lib/trace/tracer.js:151:103)
    at NoopContextManager.with (file:///Users/lobby/Desktop/apps/portfolio/node_modules/next/dist/compiled/@opentelemetry/api/index.js:1:7062)
    at ContextAPI.with (file:///Users/lobby/Desktop/apps/portfolio/node_modules/next/dist/compiled/@opentelemetry/api/index.js:1:518)
    at NextTracerImpl.trace (file:///Users/lobby/Desktop/apps/portfolio/node_modules/next/dist/server/lib/trace/tracer.js:151:28)
    at DevServer.findPageComponents (file:///Users/lobby/Desktop/apps/portfolio/node_modules/next/dist/server/next-server.js:781:41)
    at DevServer.findPageComponents (file:///Users/lobby/Desktop/apps/portfolio/node_modules/next/dist/server/dev/next-dev-server.js:628:28)
    at async DevServer.renderErrorToResponseImpl (file:///Users/lobby/Desktop/apps/portfolio/node_modules/next/dist/server/base-server.js:2604:26)
    at async pipe.req.req (file:///Users/lobby/Desktop/apps/portfolio/node_modules/next/dist/server/base-server.js:2526:30)
    at async DevServer.pipeImpl (file:///Users/lobby/Desktop/apps/portfolio/node_modules/next/dist/server/base-server.js:1003:25)
    at async NextNodeServer.handleCatchallRenderRequest (file:///Users/lobby/Desktop/apps/portfolio/node_modules/next/dist/server/next-server.js:319:21)
    at async DevServer.handleRequestImpl (file:///Users/lobby/Desktop/apps/portfolio/node_modules/next/dist/server/base-server.js:895:17)
    at async (file:///Users/lobby/Desktop/apps/portfolio/node_modules/next/dist/server/dev/next-dev-server.js:371:20)
    at async Span.traceAsyncFn (file:///Users/lobby/Desktop/apps/portfolio/node_modules/next/dist/trace/trace.js:157:20)
    at async DevServer.handleRequest (file:///Users/lobby/Desktop/apps/portfolio/node_modules/next/dist/server/dev/next-dev-server.js:368:24)
    at async invokeRender (file:///Users/lobby/Desktop/apps/portfolio/node_modules/next/dist/server/lib/router-server.js:235:21)
    at async handleRequest (file:///Users/lobby/Desktop/apps/portfolio/node_modules/next/dist/server/lib/router-server.js:426:24)
    at async requestHandlerImpl (file:///Users/lobby/Desktop/apps/portfolio/node_modules/next/dist/server/lib/router-server.js:450:13)
    at async Server.requestListener (file:///Users/lobby/Desktop/apps/portfolio/node_modules/next/dist/server/lib/start-server.js:158:13)
[   24824ms] [WARNING] [HMR] Invalid message: {"action":"isrManifest","data":{"/about":true,"/contact":true,"/changelog":true,"/resources":true,"/essays":true,"/context":true,"/companies":true,"/localhost":true,"/companies/coconut":true,"/_next/static/webpack/a9274d96aac81f28.webpack.hot-update.json":true,"/_next/static/chunks/main-app.js":true,"/_next/static/chunks/app-pages-internals.js":true,"/_next/static/chunks/app/page.js":true}}
TypeError: Cannot read properties of undefined (reading '__N_SSP')
    at handleStaticIndicator (webpack-internal:///(pages-dir-browser)/./node_modules/next/dist/client/components/react-dev-overlay/pages/hot-reloader-client.js:229:124)
    at processMessage (webpack-internal:///(pages-dir-browser)/./node_modules/next/dist/client/components/react-dev-overlay/pages/hot-reloader-client.js:244:17)
    at eval (webpack-internal:///(pages-dir-browser)/./node_modules/next/dist/client/components/react-dev-overlay/pages/hot-reloader-client.js:70:13)
    at WebSocket.handleMessage (webpack-internal:///(pages-dir-browser)/./node_modules/next/dist/client/components/react-dev-overlay/pages/websocket.js:65:17) @ webpack-internal:///(pages-dir-browser)/./node_modules/next/dist/client/components/react-dev-overlay/pages/hot-reloader-client.js:72
[   25058ms] [WARNING] [HMR] Invalid message: {"action":"isrManifest","data":{"/about":true,"/contact":true,"/changelog":true,"/resources":true,"/essays":true,"/context":true,"/companies":true,"/localhost":true,"/companies/coconut":true,"/_next/static/webpack/a9274d96aac81f28.webpack.hot-update.json":true,"/_next/static/chunks/main-app.js":true,"/_next/static/chunks/app-pages-internals.js":true,"/_next/static/chunks/app/page.js":true}}
TypeError: Cannot read properties of undefined (reading '__N_SSP')
    at handleStaticIndicator (webpack-internal:///(pages-dir-browser)/./node_modules/next/dist/client/components/react-dev-overlay/pages/hot-reloader-client.js:229:124)
    at processMessage (webpack-internal:///(pages-dir-browser)/./node_modules/next/dist/client/components/react-dev-overlay/pages/hot-reloader-client.js:244:17)
    at eval (webpack-internal:///(pages-dir-browser)/./node_modules/next/dist/client/components/react-dev-overlay/pages/hot-reloader-client.js:70:13)
    at WebSocket.handleMessage (webpack-internal:///(pages-dir-browser)/./node_modules/next/dist/client/components/react-dev-overlay/pages/websocket.js:65:17) @ webpack-internal:///(pages-dir-browser)/./node_modules/next/dist/client/components/react-dev-overlay/pages/hot-reloader-client.js:72
[   25062ms] [ERROR] Failed to load resource: the server responded with a status of 500 (Internal Server Error) @ http://localhost:3000/_next/static/webpack/aa167a3ac9a06ddc.webpack.hot-update.json:0
[   25062ms] [WARNING] [Fast Refresh] performing full reload

Fast Refresh will perform a full reload when you edit a file that's imported by modules outside of the React rendering tree.
You might have a file which exports a React component but also exports a value that is imported by a non-React component file.
Consider migrating the non-React component export to a separate file and importing it into both files.

It is also possible the parent component of the component you edited is a class component, which disables Fast Refresh.
Fast Refresh requires at least one parent function component in your React tree. @ webpack-internal:///(pages-dir-browser)/./node_modules/next/dist/client/components/react-dev-overlay/pages/hot-reloader-client.js:390
[   25119ms] [ERROR] Failed to load resource: the server responded with a status of 500 (Internal Server Error) @ http://localhost:3000/favicon.ico:0
[   25124ms] [WARNING] [HMR] Invalid message: {"action":"isrManifest","data":{"/about":true,"/contact":true,"/changelog":true,"/resources":true,"/essays":true,"/context":true,"/companies":true,"/localhost":true,"/companies/coconut":true,"/_next/static/webpack/a9274d96aac81f28.webpack.hot-update.json":true,"/_next/static/chunks/main-app.js":true,"/_next/static/chunks/app-pages-internals.js":true,"/_next/static/chunks/app/page.js":true}}
TypeError: Cannot read properties of undefined (reading '__N_SSP')
    at handleStaticIndicator (webpack-internal:///(pages-dir-browser)/./node_modules/next/dist/client/components/react-dev-overlay/pages/hot-reloader-client.js:229:124)
    at processMessage (webpack-internal:///(pages-dir-browser)/./node_modules/next/dist/client/components/react-dev-overlay/pages/hot-reloader-client.js:244:17)
    at eval (webpack-internal:///(pages-dir-browser)/./node_modules/next/dist/client/components/react-dev-overlay/pages/hot-reloader-client.js:70:13)
    at WebSocket.handleMessage (webpack-internal:///(pages-dir-browser)/./node_modules/next/dist/client/components/react-dev-overlay/pages/websocket.js:65:17) @ webpack-internal:///(pages-dir-browser)/./node_modules/next/dist/client/components/react-dev-overlay/pages/hot-reloader-client.js:72
[   25549ms] [WARNING] [HMR] Invalid message: {"action":"isrManifest","data":{"/about":true,"/contact":true,"/changelog":true,"/resources":true,"/essays":true,"/context":true,"/companies":true,"/localhost":true,"/companies/coconut":true,"/_next/static/webpack/a9274d96aac81f28.webpack.hot-update.json":true,"/_next/static/chunks/main-app.js":true,"/_next/static/chunks/app-pages-internals.js":true,"/_next/static/chunks/app/page.js":true}}
TypeError: Cannot read properties of undefined (reading '__N_SSP')
    at handleStaticIndicator (webpack-internal:///(pages-dir-browser)/./node_modules/next/dist/client/components/react-dev-overlay/pages/hot-reloader-client.js:229:124)
    at processMessage (webpack-internal:///(pages-dir-browser)/./node_modules/next/dist/client/components/react-dev-overlay/pages/hot-reloader-client.js:244:17)
    at eval (webpack-internal:///(pages-dir-browser)/./node_modules/next/dist/client/components/react-dev-overlay/pages/hot-reloader-client.js:70:13)
    at WebSocket.handleMessage (webpack-internal:///(pages-dir-browser)/./node_modules/next/dist/client/components/react-dev-overlay/pages/websocket.js:65:17) @ webpack-internal:///(pages-dir-browser)/./node_modules/next/dist/client/components/react-dev-overlay/pages/hot-reloader-client.js:72
[   25587ms] [WARNING] [HMR] Invalid message: {"action":"isrManifest","data":{"/about":true,"/contact":true,"/changelog":true,"/resources":true,"/essays":true,"/context":true,"/companies":true,"/localhost":true,"/companies/coconut":true,"/_next/static/webpack/a9274d96aac81f28.webpack.hot-update.json":true,"/_next/static/chunks/main-app.js":true,"/_next/static/chunks/app-pages-internals.js":true,"/_next/static/chunks/app/page.js":true}}
TypeError: Cannot read properties of undefined (reading '__N_SSP')
    at handleStaticIndicator (webpack-internal:///(pages-dir-browser)/./node_modules/next/dist/client/components/react-dev-overlay/pages/hot-reloader-client.js:229:124)
    at processMessage (webpack-internal:///(pages-dir-browser)/./node_modules/next/dist/client/components/react-dev-overlay/pages/hot-reloader-client.js:244:17)
    at eval (webpack-internal:///(pages-dir-browser)/./node_modules/next/dist/client/components/react-dev-overlay/pages/hot-reloader-client.js:70:13)
    at WebSocket.handleMessage (webpack-internal:///(pages-dir-browser)/./node_modules/next/dist/client/components/react-dev-overlay/pages/websocket.js:65:17) @ webpack-internal:///(pages-dir-browser)/./node_modules/next/dist/client/components/react-dev-overlay/pages/hot-reloader-client.js:72
[   25866ms] [WARNING] [HMR] Invalid message: {"action":"isrManifest","data":{"/about":true,"/contact":true,"/changelog":true,"/resources":true,"/essays":true,"/context":true,"/companies":true,"/localhost":true,"/companies/coconut":true,"/_next/static/webpack/a9274d96aac81f28.webpack.hot-update.json":true,"/_next/static/chunks/main-app.js":true,"/_next/static/chunks/app-pages-internals.js":true,"/_next/static/chunks/app/page.js":true}}
TypeError: Cannot read properties of undefined (reading '__N_SSP')
    at handleStaticIndicator (webpack-internal:///(pages-dir-browser)/./node_modules/next/dist/client/components/react-dev-overlay/pages/hot-reloader-client.js:229:124)
    at processMessage (webpack-internal:///(pages-dir-browser)/./node_modules/next/dist/client/components/react-dev-overlay/pages/hot-reloader-client.js:244:17)
    at eval (webpack-internal:///(pages-dir-browser)/./node_modules/next/dist/client/components/react-dev-overlay/pages/hot-reloader-client.js:70:13)
    at WebSocket.handleMessage (webpack-internal:///(pages-dir-browser)/./node_modules/next/dist/client/components/react-dev-overlay/pages/websocket.js:65:17) @ webpack-internal:///(pages-dir-browser)/./node_modules/next/dist/client/components/react-dev-overlay/pages/hot-reloader-client.js:72
[   25886ms] [ERROR] Failed to load resource: the server responded with a status of 500 (Internal Server Error) @ http://localhost:3000/:0
[   26124ms] Error: ENOENT: no such file or directory, open '/Users/lobby/Desktop/apps/portfolio/.next/server/pages/_document.js'
    at Object.readFileSync (node:fs:448:20)
    at getMaybeCachedSource (node:internal/modules/cjs/loader:1492:18)
    at Module._extensions..js (node:internal/modules/cjs/loader:1504:19)
    at Module.load (node:internal/modules/cjs/loader:1288:32)
    at Module._load (node:internal/modules/cjs/loader:1104:12)
    at Module.require (node:internal/modules/cjs/loader:1311:19)
    at mod.require (file:///Users/lobby/Desktop/apps/portfolio/node_modules/next/dist/server/require-hook.js:65:28)
    at require (node:internal/modules/helpers:179:18)
    at requirePage (file:///Users/lobby/Desktop/apps/portfolio/node_modules/next/dist/server/require.js:103:84)
    at loadComponentsImpl (file:///Users/lobby/Desktop/apps/portfolio/node_modules/next/dist/server/load-components.js:85:38)
    at DevServer.findPageComponentsImpl (file:///Users/lobby/Desktop/apps/portfolio/node_modules/next/dist/server/next-server.js:808:77)
    at <unknown> (file:///Users/lobby/Desktop/apps/portfolio/node_modules/next/dist/server/next-server.js:786:21)
    at <unknown> (file:///Users/lobby/Desktop/apps/portfolio/node_modules/next/dist/server/lib/trace/tracer.js:169:36)
    at NoopContextManager.with (file:///Users/lobby/Desktop/apps/portfolio/node_modules/next/dist/compiled/@opentelemetry/api/index.js:1:7062)
    at ContextAPI.with (file:///Users/lobby/Desktop/apps/portfolio/node_modules/next/dist/compiled/@opentelemetry/api/index.js:1:518)
    at NoopTracer.startActiveSpan (file:///Users/lobby/Desktop/apps/portfolio/node_modules/next/dist/compiled/@opentelemetry/api/index.js:1:18093)
    at ProxyTracer.startActiveSpan (file:///Users/lobby/Desktop/apps/portfolio/node_modules/next/dist/compiled/@opentelemetry/api/index.js:1:18854)
    at <unknown> (file:///Users/lobby/Desktop/apps/portfolio/node_modules/next/dist/server/lib/trace/tracer.js:151:103)
    at NoopContextManager.with (file:///Users/lobby/Desktop/apps/portfolio/node_modules/next/dist/compiled/@opentelemetry/api/index.js:1:7062)
    at ContextAPI.with (file:///Users/lobby/Desktop/apps/portfolio/node_modules/next/dist/compiled/@opentelemetry/api/index.js:1:518)
    at NextTracerImpl.trace (file:///Users/lobby/Desktop/apps/portfolio/node_modules/next/dist/server/lib/trace/tracer.js:151:28)
    at DevServer.findPageComponents (file:///Users/lobby/Desktop/apps/portfolio/node_modules/next/dist/server/next-server.js:781:41)
    at DevServer.findPageComponents (file:///Users/lobby/Desktop/apps/portfolio/node_modules/next/dist/server/dev/next-dev-server.js:628:28)
    at async DevServer.renderErrorToResponseImpl (file:///Users/lobby/Desktop/apps/portfolio/node_modules/next/dist/server/base-server.js:2604:26)
    at async pipe.req.req (file:///Users/lobby/Desktop/apps/portfolio/node_modules/next/dist/server/base-server.js:2526:30)
    at async DevServer.pipeImpl (file:///Users/lobby/Desktop/apps/portfolio/node_modules/next/dist/server/base-server.js:1003:25)
    at async NextNodeServer.handleCatchallRenderRequest (file:///Users/lobby/Desktop/apps/portfolio/node_modules/next/dist/server/next-server.js:319:21)
    at async DevServer.handleRequestImpl (file:///Users/lobby/Desktop/apps/portfolio/node_modules/next/dist/server/base-server.js:895:17)
    at async (file:///Users/lobby/Desktop/apps/portfolio/node_modules/next/dist/server/dev/next-dev-server.js:371:20)
    at async Span.traceAsyncFn (file:///Users/lobby/Desktop/apps/portfolio/node_modules/next/dist/trace/trace.js:157:20)
    at async DevServer.handleRequest (file:///Users/lobby/Desktop/apps/portfolio/node_modules/next/dist/server/dev/next-dev-server.js:368:24)
    at async invokeRender (file:///Users/lobby/Desktop/apps/portfolio/node_modules/next/dist/server/lib/router-server.js:235:21)
    at async handleRequest (file:///Users/lobby/Desktop/apps/portfolio/node_modules/next/dist/server/lib/router-server.js:426:24)
    at async requestHandlerImpl (file:///Users/lobby/Desktop/apps/portfolio/node_modules/next/dist/server/lib/router-server.js:450:13)
    at async Server.requestListener (file:///Users/lobby/Desktop/apps/portfolio/node_modules/next/dist/server/lib/start-server.js:158:13)
[   26124ms] [WARNING] [HMR] Invalid message: {"action":"isrManifest","data":{"/about":true,"/contact":true,"/changelog":true,"/resources":true,"/essays":true,"/context":true,"/companies":true,"/localhost":true,"/companies/coconut":true,"/_next/static/webpack/a9274d96aac81f28.webpack.hot-update.json":true,"/_next/static/chunks/main-app.js":true,"/_next/static/chunks/app-pages-internals.js":true,"/_next/static/chunks/app/page.js":true}}
TypeError: Cannot read properties of undefined (reading '__N_SSP')
    at handleStaticIndicator (webpack-internal:///(pages-dir-browser)/./node_modules/next/dist/client/components/react-dev-overlay/pages/hot-reloader-client.js:229:124)
    at processMessage (webpack-internal:///(pages-dir-browser)/./node_modules/next/dist/client/components/react-dev-overlay/pages/hot-reloader-client.js:244:17)
    at eval (webpack-internal:///(pages-dir-browser)/./node_modules/next/dist/client/components/react-dev-overlay/pages/hot-reloader-client.js:70:13)
    at WebSocket.handleMessage (webpack-internal:///(pages-dir-browser)/./node_modules/next/dist/client/components/react-dev-overlay/pages/websocket.js:65:17) @ webpack-internal:///(pages-dir-browser)/./node_modules/next/dist/client/components/react-dev-overlay/pages/hot-reloader-client.js:72
[   26327ms] [WARNING] [HMR] Invalid message: {"action":"isrManifest","data":{"/about":true,"/contact":true,"/changelog":true,"/resources":true,"/essays":true,"/context":true,"/companies":true,"/localhost":true,"/companies/coconut":true,"/_next/static/webpack/a9274d96aac81f28.webpack.hot-update.json":true,"/_next/static/chunks/main-app.js":true,"/_next/static/chunks/app-pages-internals.js":true,"/_next/static/chunks/app/page.js":true}}
TypeError: Cannot read properties of undefined (reading '__N_SSP')
    at handleStaticIndicator (webpack-internal:///(pages-dir-browser)/./node_modules/next/dist/client/components/react-dev-overlay/pages/hot-reloader-client.js:229:124)
    at processMessage (webpack-internal:///(pages-dir-browser)/./node_modules/next/dist/client/components/react-dev-overlay/pages/hot-reloader-client.js:244:17)
    at eval (webpack-internal:///(pages-dir-browser)/./node_modules/next/dist/client/components/react-dev-overlay/pages/hot-reloader-client.js:70:13)
    at WebSocket.handleMessage (webpack-internal:///(pages-dir-browser)/./node_modules/next/dist/client/components/react-dev-overlay/pages/websocket.js:65:17) @ webpack-internal:///(pages-dir-browser)/./node_modules/next/dist/client/components/react-dev-overlay/pages/hot-reloader-client.js:72
[   26331ms] [ERROR] Failed to load resource: the server responded with a status of 500 (Internal Server Error) @ http://localhost:3000/_next/static/webpack/aa167a3ac9a06ddc.webpack.hot-update.json:0
[   26331ms] [WARNING] [Fast Refresh] performing full reload

Fast Refresh will perform a full reload when you edit a file that's imported by modules outside of the React rendering tree.
You might have a file which exports a React component but also exports a value that is imported by a non-React component file.
Consider migrating the non-React component export to a separate file and importing it into both files.

It is also possible the parent component of the component you edited is a class component, which disables Fast Refresh.
Fast Refresh requires at least one parent function component in your React tree. @ webpack-internal:///(pages-dir-browser)/./node_modules/next/dist/client/components/react-dev-overlay/pages/hot-reloader-client.js:390
[   26374ms] [WARNING] [HMR] Invalid message: {"action":"isrManifest","data":{"/about":true,"/contact":true,"/changelog":true,"/resources":true,"/essays":true,"/context":true,"/companies":true,"/localhost":true,"/companies/coconut":true,"/_next/static/webpack/a9274d96aac81f28.webpack.hot-update.json":true,"/_next/static/chunks/main-app.js":true,"/_next/static/chunks/app-pages-internals.js":true,"/_next/static/chunks/app/page.js":true}}
TypeError: Cannot read properties of undefined (reading '__N_SSP')
    at handleStaticIndicator (webpack-internal:///(pages-dir-browser)/./node_modules/next/dist/client/components/react-dev-overlay/pages/hot-reloader-client.js:229:124)
    at processMessage (webpack-internal:///(pages-dir-browser)/./node_modules/next/dist/client/components/react-dev-overlay/pages/hot-reloader-client.js:244:17)
    at eval (webpack-internal:///(pages-dir-browser)/./node_modules/next/dist/client/components/react-dev-overlay/pages/hot-reloader-client.js:70:13)
    at WebSocket.handleMessage (webpack-internal:///(pages-dir-browser)/./node_modules/next/dist/client/components/react-dev-overlay/pages/websocket.js:65:17) @ webpack-internal:///(pages-dir-browser)/./node_modules/next/dist/client/components/react-dev-overlay/pages/hot-reloader-client.js:72
[   26420ms] [ERROR] Failed to load resource: the server responded with a status of 500 (Internal Server Error) @ http://localhost:3000/favicon.ico:0
[   26886ms] [WARNING] [HMR] Invalid message: {"action":"isrManifest","data":{"/about":true,"/contact":true,"/changelog":true,"/resources":true,"/essays":true,"/context":true,"/companies":true,"/localhost":true,"/companies/coconut":true,"/_next/static/webpack/a9274d96aac81f28.webpack.hot-update.json":true,"/_next/static/chunks/main-app.js":true,"/_next/static/chunks/app-pages-internals.js":true,"/_next/static/chunks/app/page.js":true}}
TypeError: Cannot read properties of undefined (reading '__N_SSP')
    at handleStaticIndicator (webpack-internal:///(pages-dir-browser)/./node_modules/next/dist/client/components/react-dev-overlay/pages/hot-reloader-client.js:229:124)
    at processMessage (webpack-internal:///(pages-dir-browser)/./node_modules/next/dist/client/components/react-dev-overlay/pages/hot-reloader-client.js:244:17)
    at eval (webpack-internal:///(pages-dir-browser)/./node_modules/next/dist/client/components/react-dev-overlay/pages/hot-reloader-client.js:70:13)
    at WebSocket.handleMessage (webpack-internal:///(pages-dir-browser)/./node_modules/next/dist/client/components/react-dev-overlay/pages/websocket.js:65:17) @ webpack-internal:///(pages-dir-browser)/./node_modules/next/dist/client/components/react-dev-overlay/pages/hot-reloader-client.js:72
[   26949ms] [WARNING] [HMR] Invalid message: {"action":"isrManifest","data":{"/about":true,"/contact":true,"/changelog":true,"/resources":true,"/essays":true,"/context":true,"/companies":true,"/localhost":true,"/companies/coconut":true,"/_next/static/webpack/a9274d96aac81f28.webpack.hot-update.json":true,"/_next/static/chunks/main-app.js":true,"/_next/static/chunks/app-pages-internals.js":true,"/_next/static/chunks/app/page.js":true}}
TypeError: Cannot read properties of undefined (reading '__N_SSP')
    at handleStaticIndicator (webpack-internal:///(pages-dir-browser)/./node_modules/next/dist/client/components/react-dev-overlay/pages/hot-reloader-client.js:229:124)
    at processMessage (webpack-internal:///(pages-dir-browser)/./node_modules/next/dist/client/components/react-dev-overlay/pages/hot-reloader-client.js:244:17)
    at eval (webpack-internal:///(pages-dir-browser)/./node_modules/next/dist/client/components/react-dev-overlay/pages/hot-reloader-client.js:70:13)
    at WebSocket.handleMessage (webpack-internal:///(pages-dir-browser)/./node_modules/next/dist/client/components/react-dev-overlay/pages/websocket.js:65:17) @ webpack-internal:///(pages-dir-browser)/./node_modules/next/dist/client/components/react-dev-overlay/pages/hot-reloader-client.js:72
[   26959ms] [ERROR] Failed to load resource: the server responded with a status of 500 (Internal Server Error) @ http://localhost:3000/:0
[   27460ms] [ERROR] Failed to load resource: the server responded with a status of 500 (Internal Server Error) @ http://localhost:3000/:0
[   27692ms] Error: ENOENT: no such file or directory, open '/Users/lobby/Desktop/apps/portfolio/.next/server/pages/_document.js'
    at Object.readFileSync (node:fs:448:20)
    at getMaybeCachedSource (node:internal/modules/cjs/loader:1492:18)
    at Module._extensions..js (node:internal/modules/cjs/loader:1504:19)
    at Module.load (node:internal/modules/cjs/loader:1288:32)
    at Module._load (node:internal/modules/cjs/loader:1104:12)
    at Module.require (node:internal/modules/cjs/loader:1311:19)
    at mod.require (file:///Users/lobby/Desktop/apps/portfolio/node_modules/next/dist/server/require-hook.js:65:28)
    at require (node:internal/modules/helpers:179:18)
    at requirePage (file:///Users/lobby/Desktop/apps/portfolio/node_modules/next/dist/server/require.js:103:84)
    at loadComponentsImpl (file:///Users/lobby/Desktop/apps/portfolio/node_modules/next/dist/server/load-components.js:85:38)
    at DevServer.findPageComponentsImpl (file:///Users/lobby/Desktop/apps/portfolio/node_modules/next/dist/server/next-server.js:808:77)
    at <unknown> (file:///Users/lobby/Desktop/apps/portfolio/node_modules/next/dist/server/next-server.js:786:21)
    at <unknown> (file:///Users/lobby/Desktop/apps/portfolio/node_modules/next/dist/server/lib/trace/tracer.js:169:36)
    at NoopContextManager.with (file:///Users/lobby/Desktop/apps/portfolio/node_modules/next/dist/compiled/@opentelemetry/api/index.js:1:7062)
    at ContextAPI.with (file:///Users/lobby/Desktop/apps/portfolio/node_modules/next/dist/compiled/@opentelemetry/api/index.js:1:518)
    at NoopTracer.startActiveSpan (file:///Users/lobby/Desktop/apps/portfolio/node_modules/next/dist/compiled/@opentelemetry/api/index.js:1:18093)
    at ProxyTracer.startActiveSpan (file:///Users/lobby/Desktop/apps/portfolio/node_modules/next/dist/compiled/@opentelemetry/api/index.js:1:18854)
    at <unknown> (file:///Users/lobby/Desktop/apps/portfolio/node_modules/next/dist/server/lib/trace/tracer.js:151:103)
    at NoopContextManager.with (file:///Users/lobby/Desktop/apps/portfolio/node_modules/next/dist/compiled/@opentelemetry/api/index.js:1:7062)
    at ContextAPI.with (file:///Users/lobby/Desktop/apps/portfolio/node_modules/next/dist/compiled/@opentelemetry/api/index.js:1:518)
    at NextTracerImpl.trace (file:///Users/lobby/Desktop/apps/portfolio/node_modules/next/dist/server/lib/trace/tracer.js:151:28)
    at DevServer.findPageComponents (file:///Users/lobby/Desktop/apps/portfolio/node_modules/next/dist/server/next-server.js:781:41)
    at DevServer.findPageComponents (file:///Users/lobby/Desktop/apps/portfolio/node_modules/next/dist/server/dev/next-dev-server.js:628:28)
    at async DevServer.renderErrorToResponseImpl (file:///Users/lobby/Desktop/apps/portfolio/node_modules/next/dist/server/base-server.js:2604:26)
    at async pipe.req.req (file:///Users/lobby/Desktop/apps/portfolio/node_modules/next/dist/server/base-server.js:2526:30)
    at async DevServer.pipeImpl (file:///Users/lobby/Desktop/apps/portfolio/node_modules/next/dist/server/base-server.js:1003:25)
    at async NextNodeServer.handleCatchallRenderRequest (file:///Users/lobby/Desktop/apps/portfolio/node_modules/next/dist/server/next-server.js:319:21)
    at async DevServer.handleRequestImpl (file:///Users/lobby/Desktop/apps/portfolio/node_modules/next/dist/server/base-server.js:895:17)
    at async (file:///Users/lobby/Desktop/apps/portfolio/node_modules/next/dist/server/dev/next-dev-server.js:371:20)
    at async Span.traceAsyncFn (file:///Users/lobby/Desktop/apps/portfolio/node_modules/next/dist/trace/trace.js:157:20)
    at async DevServer.handleRequest (file:///Users/lobby/Desktop/apps/portfolio/node_modules/next/dist/server/dev/next-dev-server.js:368:24)
    at async invokeRender (file:///Users/lobby/Desktop/apps/portfolio/node_modules/next/dist/server/lib/router-server.js:235:21)
    at async handleRequest (file:///Users/lobby/Desktop/apps/portfolio/node_modules/next/dist/server/lib/router-server.js:426:24)
    at async requestHandlerImpl (file:///Users/lobby/Desktop/apps/portfolio/node_modules/next/dist/server/lib/router-server.js:450:13)
    at async Server.requestListener (file:///Users/lobby/Desktop/apps/portfolio/node_modules/next/dist/server/lib/start-server.js:158:13)
[   27692ms] [WARNING] [HMR] Invalid message: {"action":"isrManifest","data":{"/about":true,"/contact":true,"/changelog":true,"/resources":true,"/essays":true,"/context":true,"/companies":true,"/localhost":true,"/companies/coconut":true,"/_next/static/webpack/a9274d96aac81f28.webpack.hot-update.json":true,"/_next/static/chunks/main-app.js":true,"/_next/static/chunks/app-pages-internals.js":true,"/_next/static/chunks/app/page.js":true}}
TypeError: Cannot read properties of undefined (reading '__N_SSP')
    at handleStaticIndicator (webpack-internal:///(pages-dir-browser)/./node_modules/next/dist/client/components/react-dev-overlay/pages/hot-reloader-client.js:229:124)
    at processMessage (webpack-internal:///(pages-dir-browser)/./node_modules/next/dist/client/components/react-dev-overlay/pages/hot-reloader-client.js:244:17)
    at eval (webpack-internal:///(pages-dir-browser)/./node_modules/next/dist/client/components/react-dev-overlay/pages/hot-reloader-client.js:70:13)
    at WebSocket.handleMessage (webpack-internal:///(pages-dir-browser)/./node_modules/next/dist/client/components/react-dev-overlay/pages/websocket.js:65:17) @ webpack-internal:///(pages-dir-browser)/./node_modules/next/dist/client/components/react-dev-overlay/pages/hot-reloader-client.js:72
[   27934ms] [WARNING] [HMR] Invalid message: {"action":"isrManifest","data":{"/about":true,"/contact":true,"/changelog":true,"/resources":true,"/essays":true,"/context":true,"/companies":true,"/localhost":true,"/companies/coconut":true,"/_next/static/webpack/a9274d96aac81f28.webpack.hot-update.json":true,"/_next/static/chunks/main-app.js":true,"/_next/static/chunks/app-pages-internals.js":true,"/_next/static/chunks/app/page.js":true}}
TypeError: Cannot read properties of undefined (reading '__N_SSP')
    at handleStaticIndicator (webpack-internal:///(pages-dir-browser)/./node_modules/next/dist/client/components/react-dev-overlay/pages/hot-reloader-client.js:229:124)
    at processMessage (webpack-internal:///(pages-dir-browser)/./node_modules/next/dist/client/components/react-dev-overlay/pages/hot-reloader-client.js:244:17)
    at eval (webpack-internal:///(pages-dir-browser)/./node_modules/next/dist/client/components/react-dev-overlay/pages/hot-reloader-client.js:70:13)
    at WebSocket.handleMessage (webpack-internal:///(pages-dir-browser)/./node_modules/next/dist/client/components/react-dev-overlay/pages/websocket.js:65:17) @ webpack-internal:///(pages-dir-browser)/./node_modules/next/dist/client/components/react-dev-overlay/pages/hot-reloader-client.js:72
[   27939ms] [ERROR] Failed to load resource: the server responded with a status of 500 (Internal Server Error) @ http://localhost:3000/_next/static/webpack/aa167a3ac9a06ddc.webpack.hot-update.json:0
[   27939ms] [WARNING] [Fast Refresh] performing full reload

Fast Refresh will perform a full reload when you edit a file that's imported by modules outside of the React rendering tree.
You might have a file which exports a React component but also exports a value that is imported by a non-React component file.
Consider migrating the non-React component export to a separate file and importing it into both files.

It is also possible the parent component of the component you edited is a class component, which disables Fast Refresh.
Fast Refresh requires at least one parent function component in your React tree. @ webpack-internal:///(pages-dir-browser)/./node_modules/next/dist/client/components/react-dev-overlay/pages/hot-reloader-client.js:390
[   27990ms] [ERROR] Failed to load resource: the server responded with a status of 500 (Internal Server Error) @ http://localhost:3000/favicon.ico:0
[   27992ms] [WARNING] [HMR] Invalid message: {"action":"isrManifest","data":{"/about":true,"/contact":true,"/changelog":true,"/resources":true,"/essays":true,"/context":true,"/companies":true,"/localhost":true,"/companies/coconut":true,"/_next/static/webpack/a9274d96aac81f28.webpack.hot-update.json":true,"/_next/static/chunks/main-app.js":true,"/_next/static/chunks/app-pages-internals.js":true,"/_next/static/chunks/app/page.js":true}}
TypeError: Cannot read properties of undefined (reading '__N_SSP')
    at handleStaticIndicator (webpack-internal:///(pages-dir-browser)/./node_modules/next/dist/client/components/react-dev-overlay/pages/hot-reloader-client.js:229:124)
    at processMessage (webpack-internal:///(pages-dir-browser)/./node_modules/next/dist/client/components/react-dev-overlay/pages/hot-reloader-client.js:244:17)
    at eval (webpack-internal:///(pages-dir-browser)/./node_modules/next/dist/client/components/react-dev-overlay/pages/hot-reloader-client.js:70:13)
    at WebSocket.handleMessage (webpack-internal:///(pages-dir-browser)/./node_modules/next/dist/client/components/react-dev-overlay/pages/websocket.js:65:17) @ webpack-internal:///(pages-dir-browser)/./node_modules/next/dist/client/components/react-dev-overlay/pages/hot-reloader-client.js:72
[   28392ms] [WARNING] [HMR] Invalid message: {"action":"isrManifest","data":{"/about":true,"/contact":true,"/changelog":true,"/resources":true,"/essays":true,"/context":true,"/companies":true,"/localhost":true,"/companies/coconut":true,"/_next/static/webpack/a9274d96aac81f28.webpack.hot-update.json":true,"/_next/static/chunks/main-app.js":true,"/_next/static/chunks/app-pages-internals.js":true,"/_next/static/chunks/app/page.js":true}}
TypeError: Cannot read properties of undefined (reading '__N_SSP')
    at handleStaticIndicator (webpack-internal:///(pages-dir-browser)/./node_modules/next/dist/client/components/react-dev-overlay/pages/hot-reloader-client.js:229:124)
    at processMessage (webpack-internal:///(pages-dir-browser)/./node_modules/next/dist/client/components/react-dev-overlay/pages/hot-reloader-client.js:244:17)
    at eval (webpack-internal:///(pages-dir-browser)/./node_modules/next/dist/client/components/react-dev-overlay/pages/hot-reloader-client.js:70:13)
    at WebSocket.handleMessage (webpack-internal:///(pages-dir-browser)/./node_modules/next/dist/client/components/react-dev-overlay/pages/websocket.js:65:17) @ webpack-internal:///(pages-dir-browser)/./node_modules/next/dist/client/components/react-dev-overlay/pages/hot-reloader-client.js:72
[   28427ms] [WARNING] [HMR] Invalid message: {"action":"isrManifest","data":{"/about":true,"/contact":true,"/changelog":true,"/resources":true,"/essays":true,"/context":true,"/companies":true,"/localhost":true,"/companies/coconut":true,"/_next/static/webpack/a9274d96aac81f28.webpack.hot-update.json":true,"/_next/static/chunks/main-app.js":true,"/_next/static/chunks/app-pages-internals.js":true,"/_next/static/chunks/app/page.js":true}}
TypeError: Cannot read properties of undefined (reading '__N_SSP')
    at handleStaticIndicator (webpack-internal:///(pages-dir-browser)/./node_modules/next/dist/client/components/react-dev-overlay/pages/hot-reloader-client.js:229:124)
    at processMessage (webpack-internal:///(pages-dir-browser)/./node_modules/next/dist/client/components/react-dev-overlay/pages/hot-reloader-client.js:244:17)
    at eval (webpack-internal:///(pages-dir-browser)/./node_modules/next/dist/client/components/react-dev-overlay/pages/hot-reloader-client.js:70:13)
    at WebSocket.handleMessage (webpack-internal:///(pages-dir-browser)/./node_modules/next/dist/client/components/react-dev-overlay/pages/websocket.js:65:17) @ webpack-internal:///(pages-dir-browser)/./node_modules/next/dist/client/components/react-dev-overlay/pages/hot-reloader-client.js:72
[   28433ms] [ERROR] Failed to load resource: the server responded with a status of 500 (Internal Server Error) @ http://localhost:3000/:0
[   28790ms] Error: ENOENT: no such file or directory, open '/Users/lobby/Desktop/apps/portfolio/.next/server/pages/_document.js'
    at Object.readFileSync (node:fs:448:20)
    at getMaybeCachedSource (node:internal/modules/cjs/loader:1492:18)
    at Module._extensions..js (node:internal/modules/cjs/loader:1504:19)
    at Module.load (node:internal/modules/cjs/loader:1288:32)
    at Module._load (node:internal/modules/cjs/loader:1104:12)
    at Module.require (node:internal/modules/cjs/loader:1311:19)
    at mod.require (file:///Users/lobby/Desktop/apps/portfolio/node_modules/next/dist/server/require-hook.js:65:28)
    at require (node:internal/modules/helpers:179:18)
    at requirePage (file:///Users/lobby/Desktop/apps/portfolio/node_modules/next/dist/server/require.js:103:84)
    at loadComponentsImpl (file:///Users/lobby/Desktop/apps/portfolio/node_modules/next/dist/server/load-components.js:85:38)
    at DevServer.findPageComponentsImpl (file:///Users/lobby/Desktop/apps/portfolio/node_modules/next/dist/server/next-server.js:808:77)
    at <unknown> (file:///Users/lobby/Desktop/apps/portfolio/node_modules/next/dist/server/next-server.js:786:21)
    at <unknown> (file:///Users/lobby/Desktop/apps/portfolio/node_modules/next/dist/server/lib/trace/tracer.js:169:36)
    at NoopContextManager.with (file:///Users/lobby/Desktop/apps/portfolio/node_modules/next/dist/compiled/@opentelemetry/api/index.js:1:7062)
    at ContextAPI.with (file:///Users/lobby/Desktop/apps/portfolio/node_modules/next/dist/compiled/@opentelemetry/api/index.js:1:518)
    at NoopTracer.startActiveSpan (file:///Users/lobby/Desktop/apps/portfolio/node_modules/next/dist/compiled/@opentelemetry/api/index.js:1:18093)
    at ProxyTracer.startActiveSpan (file:///Users/lobby/Desktop/apps/portfolio/node_modules/next/dist/compiled/@opentelemetry/api/index.js:1:18854)
    at <unknown> (file:///Users/lobby/Desktop/apps/portfolio/node_modules/next/dist/server/lib/trace/tracer.js:151:103)
    at NoopContextManager.with (file:///Users/lobby/Desktop/apps/portfolio/node_modules/next/dist/compiled/@opentelemetry/api/index.js:1:7062)
    at ContextAPI.with (file:///Users/lobby/Desktop/apps/portfolio/node_modules/next/dist/compiled/@opentelemetry/api/index.js:1:518)
    at NextTracerImpl.trace (file:///Users/lobby/Desktop/apps/portfolio/node_modules/next/dist/server/lib/trace/tracer.js:151:28)
    at DevServer.findPageComponents (file:///Users/lobby/Desktop/apps/portfolio/node_modules/next/dist/server/next-server.js:781:41)
    at DevServer.findPageComponents (file:///Users/lobby/Desktop/apps/portfolio/node_modules/next/dist/server/dev/next-dev-server.js:628:28)
    at async DevServer.renderErrorToResponseImpl (file:///Users/lobby/Desktop/apps/portfolio/node_modules/next/dist/server/base-server.js:2604:26)
    at async pipe.req.req (file:///Users/lobby/Desktop/apps/portfolio/node_modules/next/dist/server/base-server.js:2526:30)
    at async DevServer.pipeImpl (file:///Users/lobby/Desktop/apps/portfolio/node_modules/next/dist/server/base-server.js:1003:25)
    at async NextNodeServer.handleCatchallRenderRequest (file:///Users/lobby/Desktop/apps/portfolio/node_modules/next/dist/server/next-server.js:319:21)
    at async DevServer.handleRequestImpl (file:///Users/lobby/Desktop/apps/portfolio/node_modules/next/dist/server/base-server.js:895:17)
    at async (file:///Users/lobby/Desktop/apps/portfolio/node_modules/next/dist/server/dev/next-dev-server.js:371:20)
    at async Span.traceAsyncFn (file:///Users/lobby/Desktop/apps/portfolio/node_modules/next/dist/trace/trace.js:157:20)
    at async DevServer.handleRequest (file:///Users/lobby/Desktop/apps/portfolio/node_modules/next/dist/server/dev/next-dev-server.js:368:24)
    at async invokeRender (file:///Users/lobby/Desktop/apps/portfolio/node_modules/next/dist/server/lib/router-server.js:235:21)
    at async handleRequest (file:///Users/lobby/Desktop/apps/portfolio/node_modules/next/dist/server/lib/router-server.js:426:24)
    at async requestHandlerImpl (file:///Users/lobby/Desktop/apps/portfolio/node_modules/next/dist/server/lib/router-server.js:450:13)
    at async Server.requestListener (file:///Users/lobby/Desktop/apps/portfolio/node_modules/next/dist/server/lib/start-server.js:158:13)
[   28791ms] [WARNING] [HMR] Invalid message: {"action":"isrManifest","data":{"/about":true,"/contact":true,"/changelog":true,"/resources":true,"/essays":true,"/context":true,"/companies":true,"/localhost":true,"/companies/coconut":true,"/_next/static/webpack/a9274d96aac81f28.webpack.hot-update.json":true,"/_next/static/chunks/main-app.js":true,"/_next/static/chunks/app-pages-internals.js":true,"/_next/static/chunks/app/page.js":true}}
TypeError: Cannot read properties of undefined (reading '__N_SSP')
    at handleStaticIndicator (webpack-internal:///(pages-dir-browser)/./node_modules/next/dist/client/components/react-dev-overlay/pages/hot-reloader-client.js:229:124)
    at processMessage (webpack-internal:///(pages-dir-browser)/./node_modules/next/dist/client/components/react-dev-overlay/pages/hot-reloader-client.js:244:17)
    at eval (webpack-internal:///(pages-dir-browser)/./node_modules/next/dist/client/components/react-dev-overlay/pages/hot-reloader-client.js:70:13)
    at WebSocket.handleMessage (webpack-internal:///(pages-dir-browser)/./node_modules/next/dist/client/components/react-dev-overlay/pages/websocket.js:65:17) @ webpack-internal:///(pages-dir-browser)/./node_modules/next/dist/client/components/react-dev-overlay/pages/hot-reloader-client.js:72
[   29015ms] [WARNING] [HMR] Invalid message: {"action":"isrManifest","data":{"/about":true,"/contact":true,"/changelog":true,"/resources":true,"/essays":true,"/context":true,"/companies":true,"/localhost":true,"/companies/coconut":true,"/_next/static/webpack/a9274d96aac81f28.webpack.hot-update.json":true,"/_next/static/chunks/main-app.js":true,"/_next/static/chunks/app-pages-internals.js":true,"/_next/static/chunks/app/page.js":true}}
TypeError: Cannot read properties of undefined (reading '__N_SSP')
    at handleStaticIndicator (webpack-internal:///(pages-dir-browser)/./node_modules/next/dist/client/components/react-dev-overlay/pages/hot-reloader-client.js:229:124)
    at processMessage (webpack-internal:///(pages-dir-browser)/./node_modules/next/dist/client/components/react-dev-overlay/pages/hot-reloader-client.js:244:17)
    at eval (webpack-internal:///(pages-dir-browser)/./node_modules/next/dist/client/components/react-dev-overlay/pages/hot-reloader-client.js:70:13)
    at WebSocket.handleMessage (webpack-internal:///(pages-dir-browser)/./node_modules/next/dist/client/components/react-dev-overlay/pages/websocket.js:65:17) @ webpack-internal:///(pages-dir-browser)/./node_modules/next/dist/client/components/react-dev-overlay/pages/hot-reloader-client.js:72
[   29019ms] [ERROR] Failed to load resource: the server responded with a status of 500 (Internal Server Error) @ http://localhost:3000/_next/static/webpack/aa167a3ac9a06ddc.webpack.hot-update.json:0
[   29019ms] [WARNING] [Fast Refresh] performing full reload

Fast Refresh will perform a full reload when you edit a file that's imported by modules outside of the React rendering tree.
You might have a file which exports a React component but also exports a value that is imported by a non-React component file.
Consider migrating the non-React component export to a separate file and importing it into both files.

It is also possible the parent component of the component you edited is a class component, which disables Fast Refresh.
Fast Refresh requires at least one parent function component in your React tree. @ webpack-internal:///(pages-dir-browser)/./node_modules/next/dist/client/components/react-dev-overlay/pages/hot-reloader-client.js:390
[   29056ms] [WARNING] [HMR] Invalid message: {"action":"isrManifest","data":{"/about":true,"/contact":true,"/changelog":true,"/resources":true,"/essays":true,"/context":true,"/companies":true,"/localhost":true,"/companies/coconut":true,"/_next/static/webpack/a9274d96aac81f28.webpack.hot-update.json":true,"/_next/static/chunks/main-app.js":true,"/_next/static/chunks/app-pages-internals.js":true,"/_next/static/chunks/app/page.js":true}}
TypeError: Cannot read properties of undefined (reading '__N_SSP')
    at handleStaticIndicator (webpack-internal:///(pages-dir-browser)/./node_modules/next/dist/client/components/react-dev-overlay/pages/hot-reloader-client.js:229:124)
    at processMessage (webpack-internal:///(pages-dir-browser)/./node_modules/next/dist/client/components/react-dev-overlay/pages/hot-reloader-client.js:244:17)
    at eval (webpack-internal:///(pages-dir-browser)/./node_modules/next/dist/client/components/react-dev-overlay/pages/hot-reloader-client.js:70:13)
    at WebSocket.handleMessage (webpack-internal:///(pages-dir-browser)/./node_modules/next/dist/client/components/react-dev-overlay/pages/websocket.js:65:17) @ webpack-internal:///(pages-dir-browser)/./node_modules/next/dist/client/components/react-dev-overlay/pages/hot-reloader-client.js:72
